country_name,country_text_id,COWcode,year,v2x_partipdem,pred,residual
Eritrea,ERI,531,2016,0.009,0.2906653277643212,-0.2816653277643212
Uzbekistan,UZB,704,2016,0.038,0.2995169402960606,-0.2615169402960606
Ethiopia,ETH,530,2016,0.091,0.339115443242591,-0.24811544324259102
Angola,AGO,540,2016,0.067,0.30631414854210437,-0.23931414854210437
Sudan,SDN,625,2016,0.09,0.3226108331709133,-0.23261083317091333
Nicaragua,NIC,93,2016,0.173,0.3981160647918886,-0.22511606479188861
Tajikistan,TJK,702,2016,0.054,0.25303917337479476,-0.19903917337479476
United Arab Emirates,ARE,696,2016,0.03,0.22734930609775603,-0.19734930609775603
China,CHN,710,2016,0.038,0.2295756809670785,-0.1915756809670785
Saudi Arabia,SAU,670,2016,0.025,0.21535650582465513,-0.19035650582465513
Republic of the Congo,COG,484,2016,0.132,0.32089894337972047,-0.18889894337972046
Kazakhstan,KAZ,705,2016,0.077,0.26108175262738376,-0.18408175262738374
Egypt,EGY,651,2016,0.056,0.23599776787183194,-0.17999776787183194
Morocco,MAR,600,2016,0.174,0.35230747316344263,-0.17830747316344264
The Gambia,GMB,420,2016,0.145,0.3226108331709133,-0.17761083317091333
Bahrain,BHR,692,2016,0.045,0.2224289569365684,-0.1774289569365684
Azerbaijan,AZE,373,2016,0.066,0.23485882200618485,-0.16885882200618485
Cuba,CUB,40,2016,0.044,0.21156565788858672,-0.16756565788858674
Qatar,QAT,694,2016,0.023,0.1793323044388958,-0.1563323044388958
Iran,IRN,630,2016,0.049,0.2036008716316614,-0.15460087163166142
Chad,TCD,483,2016,0.123,0.2704815976728748,-0.14748159767287478
Venezuela,VEN,101,2016,0.207,0.3480134135413531,-0.14101341354135313
Belarus,BLR,370,2016,0.098,0.23599776787183194,-0.13799776787183193
Eswatini,SWZ,572,2016,0.121,0.25560063680028056,-0.13460063680028056
Armenia,ARM,371,2016,0.219,0.3531375022863259,-0.1341375022863259
Bangladesh,BGD,771,2016,0.12,0.24957200073274788,-0.12957200073274788
North Korea,PRK,731,2016,0.043,0.17204386298230556,-0.12904386298230558
Jordan,JOR,663,2016,0.11,0.23470082429523567,-0.12470082429523567
Algeria,DZA,615,2016,0.109,0.23347538417582955,-0.12447538417582955
Singapore,SGP,830,2016,0.113,0.23466159129123593,-0.12166159129123592
Cameroon,CMR,471,2016,0.122,0.24246606593690273,-0.12046606593690273
Burundi,BDI,516,2016,0.14,0.2582928338472792,-0.11829283384727918
Oman,OMN,698,2016,0.124,0.24193521498316192,-0.11793521498316192
Laos,LAO,812,2016,0.097,0.21280689505865585,-0.11580689505865585
Afghanistan,AFG,700,2016,0.135,0.2506267486395456,-0.11562674863954558
Maldives,MDV,781,2016,0.224,0.3387056551379853,-0.11470565513798528
Cambodia,KHM,811,2016,0.102,0.2156493623384803,-0.11364936233848032
Zimbabwe,ZWE,552,2016,0.233,0.33252324743046763,-0.09952324743046762
Equatorial Guinea,GNQ,411,2016,0.056,0.15366621561872112,-0.09766621561872113
Democratic Republic of the Congo,COD,490,2016,0.207,0.29698956779008157,-0.08998956779008158
North Macedonia,MKD,343,2016,0.293,0.3800481370502736,-0.08704813705027364
Russia,RUS,365,2016,0.148,0.2331384733144127,-0.08513847331441271
Seychelles,SYC,591,2016,0.237,0.31809167403997674,-0.08109167403997675
Fiji,FJI,950,2016,0.194,0.26562553359996127,-0.07162553359996127
Djibouti,DJI,522,2016,0.132,0.2018125333477008,-0.0698125333477008
Papua New Guinea,PNG,910,2016,0.27,0.33949750362348163,-0.06949750362348162
Kyrgyzstan,KGZ,703,2016,0.269,0.32732910648589,-0.05832910648588996
Vietnam,VNM,816,2016,0.167,0.22059098889125492,-0.05359098889125491
Mozambique,MOZ,541,2016,0.272,0.3250653436382763,-0.05306534363827631
Togo,TGO,461,2016,0.184,0.23599776787183194,-0.05199776787183194
Zambia,ZMB,551,2016,0.263,0.3145567530305381,-0.05155675303053808
Central African Republic,CAF,482,2016,0.185,0.23599776787183194,-0.05099776787183194
Mauritania,MRT,435,2016,0.173,0.2224289569365684,-0.0494289569365684
Uganda,UGA,500,2016,0.209,0.2582928338472792,-0.0492928338472792
Haiti,HTI,41,2016,0.252,0.30080260013576976,-0.04880260013576976
Libya,LBY,620,2016,0.181,0.22368045760900954,-0.04268045760900954
Montenegro,MNE,341,2016,0.319,0.3587273189770485,-0.03972731897704851
Rwanda,RWA,517,2016,0.197,0.23599776787183194,-0.03899776787183193
Ukraine,UKR,369,2016,0.289,0.3236611499190183,-0.03466114991901831
Türkiye,TUR,640,2016,0.207,0.23599776787183194,-0.028997767871831948
Albania,ALB,339,2016,0.318,0.3275058031844107,-0.009505803184410688
Colombia,COL,100,2016,0.492,0.5007145717180019,-0.00871457171800194
Comoros,COM,581,2016,0.261,0.2557710952826727,0.005228904717327287
Iraq,IRQ,645,2016,0.258,0.2523528513023928,0.005647148697607185
Gabon,GAB,481,2016,0.269,0.26014569889282135,0.008854301107178664
Malaysia,MYS,820,2016,0.233,0.22362509746080947,0.009374902539190544
Guinea,GIN,438,2016,0.247,0.23599776787183194,0.01100223212816806
Honduras,HND,91,2016,0.277,0.2602592846018705,0.016740715398129546
Guinea-Bissau,GNB,404,2016,0.218,0.1955450358045438,0.0224549641954562
Bhutan,BTN,760,2016,0.353,0.3298515883867434,0.023148411613256592
Bolivia,BOL,145,2016,0.462,0.4362753521770322,0.025724647822967794
Guatemala,GTM,90,2016,0.368,0.34154791282322,0.026452087176779993
Kuwait,KWT,690,2016,0.108,0.07982724171598038,0.02817275828401962
Pakistan,PAK,770,2016,0.264,0.22839020971308951,0.0356097902869105
Tanzania,TZA,510,2016,0.266,0.22839020971308951,0.0376097902869105
Paraguay,PRY,150,2016,0.372,0.33363717225213196,0.038362827747868034
Nepal,NPL,790,2016,0.372,0.33174201052048236,0.04025798947951764
Ghana,GHA,452,2016,0.363,0.3222932139339415,0.04070678606605849
Ivory Coast,CIV,437,2016,0.351,0.3065015266544901,0.04449847334550988
Madagascar,MDG,580,2016,0.301,0.25560063680028056,0.045399363199719434
Lebanon,LBN,660,2016,0.274,0.22839020971308951,0.045609790286910507
Burma/Myanmar,MMR,775,2016,0.236,0.18451028787459492,0.05148971212540507
Kosovo,XKX,347,2016,0.382,0.3257888204189004,0.05621117958109961
Ecuador,ECU,130,2016,0.364,0.30631414854210437,0.05768585145789562
Mongolia,MNG,712,2016,0.368,0.2997038347137874,0.06829616528621257
India,IND,750,2016,0.319,0.23975036307160524,0.07924963692839476
Dominican Republic,DOM,42,2016,0.354,0.2710870999296797,0.08291290007032026
Barbados,BRB,53,2016,0.337,0.25288957887575225,0.08411042112424777
Georgia,GEO,372,2016,0.443,0.3587268035048904,0.08427319649510961
Sierra Leone,SLE,451,2016,0.34,0.25560063680028056,0.08439936319971947
Burkina Faso,BFA,439,2016,0.409,0.31456812461040556,0.09443187538959441
Philippines,PHL,840,2016,0.331,0.23599776787183194,0.09500223212816808
Nigeria,NGA,475,2016,0.37,0.2722518837092905,0.09774811629070951
Lesotho,LSO,570,2016,0.347,0.24909939970135345,0.09790060029864653
Mali,MLI,432,2016,0.327,0.22839020971308951,0.0986097902869105
Bosnia and Herzegovina,BIH,346,2016,0.323,0.22404859922853698,0.09895140077146303
Malawi,MWI,553,2016,0.342,0.24199850929357722,0.10000149070642281
Timor-Leste,TLS,860,2016,0.372,0.27032718777930964,0.10167281222069036
Liberia,LBR,450,2016,0.343,0.23599776787183194,0.10700223212816809
Solomon Islands,SLB,940,2016,0.362,0.25387453413743327,0.10812546586256672
Moldova,MDA,359,2016,0.347,0.23599776787183194,0.11100223212816804
Guyana,GUY,110,2016,0.41,0.29636012745403256,0.11363987254596741
Cape Verde,CPV,402,2016,0.472,0.3550508765731324,0.11694912342686758
Indonesia,IDN,850,2016,0.43,0.31220478781439254,0.11779521218560746
Niger,NER,436,2016,0.366,0.23599776787183194,0.13000223212816805
Kenya,KEN,501,2016,0.37,0.23599776787183194,0.13400223212816806
Sao Tome and Principe,STP,403,2016,0.403,0.2678827345134419,0.1351172654865581
El Salvador,SLV,92,2016,0.405,0.2631919591239432,0.1418080408760568
Hungary,HUN,310,2016,0.418,0.26839490288268103,0.14960509711731895
Namibia,NAM,565,2016,0.444,0.2876219390575796,0.1563780609424204
Panama,PAN,95,2016,0.473,0.3140176077612009,0.15898239223879906
Poland,POL,290,2016,0.489,0.32714172837350425,0.16185827162649574
Mexico,MEX,70,2016,0.399,0.23599776787183194,0.16300223212816808
Mauritius,MUS,590,2016,0.461,0.29699399315757785,0.16400600684242217
Sri Lanka,LKA,780,2016,0.388,0.22075709498274415,0.16724290501725586
South Korea,KOR,732,2016,0.469,0.29986260935205666,0.1691373906479433
Benin,BEN,434,2016,0.481,0.3096944444242798,0.1713055555757202
Romania,ROU,360,2016,0.506,0.3304105336407134,0.17558946635928663
Bulgaria,BGR,355,2016,0.494,0.31831259207851015,0.17568740792148985
Argentina,ARG,160,2016,0.502,0.32131597511736215,0.18068402488263785
Botswana,BWA,571,2016,0.434,0.24953978411645997,0.18446021588354003
Vanuatu,VUT,935,2016,0.467,0.2344289365181334,0.23257106348186662
Croatia,HRV,344,2016,0.538,0.30476227275139717,0.23323772724860287
Israel,ISR,666,2016,0.467,0.22839020971308951,0.2386097902869105
Senegal,SEN,433,2016,0.449,0.20800500013583367,0.24099499986416634
Suriname,SUR,115,2016,0.476,0.22362509746080947,0.2523749025391905
Spain,ESP,230,2016,0.603,0.3444430834000345,0.2585569165999655
Trinidad and Tobago,TTO,52,2016,0.506,0.24736801694635557,0.25863198305364443
South Africa,ZAF,560,2016,0.499,0.23599776787183194,0.2630022321281681
Peru,PER,135,2016,0.561,0.295279069004167,0.26572093099583305
Czechia,CZE,316,2016,0.566,0.2951617861816574,0.27083821381834255
Chile,CHL,155,2016,0.591,0.31983372365575424,0.2711662763442457
Japan,JPN,740,2016,0.527,0.24907010953681996,0.27792989046318006
Brazil,BRA,140,2016,0.519,0.23599776787183194,0.2830022321281681
Jamaica,JAM,51,2016,0.543,0.25728986390028535,0.2857101360997147
Cyprus,CYP,352,2016,0.58,0.2889554962305548,0.2910445037694452
Lithuania,LTU,368,2016,0.626,0.32732910648589,0.29867089351411
Slovenia,SVN,349,2016,0.657,0.350511823193692,0.306488176806308
Portugal,PRT,235,2016,0.639,0.3275058031844107,0.3114941968155893
Malta,MLT,338,2016,0.571,0.23902785561294557,0.33197214438705436
Greece,GRC,350,2016,0.636,0.28274326510731,0.35325673489269
Finland,FIN,375,2016,0.609,0.2523528513023928,0.35664714869760716
Estonia,EST,366,2016,0.648,0.2834824404873524,0.36451755951264764
Canada,CAN,20,2016,0.575,0.19704616810463343,0.3779538318953665
Australia,AUS,900,2016,0.606,0.22362509746080947,0.3823749025391905
Slovakia,SVK,317,2016,0.63,0.23599776787183194,0.3940022321281681
France,FRA,220,2016,0.625,0.223447802835907,0.40155219716409296
Taiwan,TWN,713,2016,0.628,0.22083073650195503,0.40716926349804494
United States of America,USA,2,2016,0.642,0.23440004128842698,0.40759995871157306
Luxembourg,LUX,212,2016,0.632,0.22362509746080947,0.4083749025391905
Netherlands,NLD,210,2016,0.638,0.22839020971308951,0.40960979028691047
Austria,AUT,305,2016,0.639,0.22839020971308951,0.41060979028691047
Belgium,BEL,211,2016,0.647,0.23470082429523567,0.4122991757047644
Latvia,LVA,367,2016,0.645,0.22839020971308951,0.4166097902869105
Sweden,SWE,380,2016,0.657,0.22839020971308951,0.4286097902869105
Ireland,IRL,205,2016,0.637,0.20150147867332027,0.43549852132667977
Uruguay,URY,165,2016,0.746,0.3097751994257511,0.4362248005742489
Italy,ITA,325,2016,0.689,0.25183483096895454,0.4371651690310454
Costa Rica,CRI,94,2016,0.672,0.22839020971308951,0.4436097902869105
New Zealand,NZL,920,2016,0.686,0.22557458343330622,0.46042541656669383
Iceland,ISL,395,2016,0.637,0.16813103527982848,0.46886896472017153
Denmark,DNK,390,2016,0.707,0.1460435799645855,0.5609564200354145
Switzerland,CHE,225,2016,0.803,0.23599776787183194,0.5670022321281681
Eritrea,ERI,531,2017,0.009,0.2906653277643212,-0.2816653277643212
Uzbekistan,UZB,704,2017,0.048,0.2995169402960606,-0.2515169402960606
Ethiopia,ETH,530,2017,0.093,0.339115443242591,-0.24611544324259102
Nicaragua,NIC,93,2017,0.162,0.3981160647918886,-0.2361160647918886
Angola,AGO,540,2017,0.072,0.30631414854210437,-0.23431414854210436
Sudan,SDN,625,2017,0.09,0.3226108331709133,-0.23261083317091333
United Arab Emirates,ARE,696,2017,0.028,0.22734930609775603,-0.19934930609775603
Tajikistan,TJK,702,2017,0.057,0.25303917337479476,-0.19603917337479476
Saudi Arabia,SAU,670,2017,0.025,0.21535650582465513,-0.19035650582465513
Morocco,MAR,600,2017,0.162,0.35230747316344263,-0.19030747316344263
China,CHN,710,2017,0.04,0.2295756809670785,-0.1895756809670785
Kazakhstan,KAZ,705,2017,0.069,0.2561662820771454,-0.18716628207714542
Bahrain,BHR,692,2017,0.042,0.2224289569365684,-0.18042895693656838
Venezuela,VEN,101,2017,0.168,0.3480134135413531,-0.1800134135413531
Egypt,EGY,651,2017,0.061,0.23599776787183194,-0.17499776787183194
Thailand,THA,800,2017,0.095,0.26839490288268103,-0.17339490288268103
Cuba,CUB,40,2017,0.044,0.21156565788858672,-0.16756565788858674
Azerbaijan,AZE,373,2017,0.068,0.23485882200618485,-0.16685882200618485
Qatar,QAT,694,2017,0.021,0.1793323044388958,-0.15833230443889582
Iran,IRN,630,2017,0.048,0.2036008716316614,-0.15560087163166142
Chad,TCD,483,2017,0.128,0.2704815976728748,-0.14248159767287477
Belarus,BLR,370,2017,0.101,0.23599776787183194,-0.13499776787183193
Republic of the Congo,COG,484,2017,0.186,0.32089894337972047,-0.13489894337972047
Eswatini,SWZ,572,2017,0.122,0.25560063680028056,-0.13360063680028056
Cameroon,CMR,471,2017,0.109,0.24246606593690273,-0.13346606593690274
Bangladesh,BGD,771,2017,0.119,0.24957200073274788,-0.13057200073274788
Algeria,DZA,615,2017,0.104,0.23347538417582955,-0.12947538417582954
North Korea,PRK,731,2017,0.043,0.17204386298230556,-0.12904386298230558
Cambodia,KHM,811,2017,0.091,0.2156493623384803,-0.12464936233848031
Afghanistan,AFG,700,2017,0.126,0.2506267486395456,-0.12462674863954559
Burundi,BDI,516,2017,0.135,0.2582928338472792,-0.12329283384727918
Oman,OMN,698,2017,0.124,0.24193521498316192,-0.11793521498316192
Maldives,MDV,781,2017,0.222,0.3387056551379853,-0.11670565513798528
Singapore,SGP,830,2017,0.119,0.23466159129123593,-0.11566159129123593
Jordan,JOR,663,2017,0.12,0.23470082429523567,-0.11470082429523568
Laos,LAO,812,2017,0.103,0.21280689505865585,-0.10980689505865586
Armenia,ARM,371,2017,0.247,0.3531375022863259,-0.1061375022863259
Equatorial Guinea,GNQ,411,2017,0.054,0.15366621561872112,-0.09966621561872113
Zimbabwe,ZWE,552,2017,0.24,0.33252324743046763,-0.09252324743046764
Democratic Republic of the Congo,COD,490,2017,0.205,0.29698956779008157,-0.09198956779008158
Russia,RUS,365,2017,0.148,0.2331384733144127,-0.08513847331441271
Zambia,ZMB,551,2017,0.232,0.3145567530305381,-0.08255675303053808
Seychelles,SYC,591,2017,0.243,0.31809167403997674,-0.07509167403997674
Togo,TGO,461,2017,0.163,0.23599776787183194,-0.07299776787183193
Papua New Guinea,PNG,910,2017,0.269,0.33949750362348163,-0.07049750362348162
Djibouti,DJI,522,2017,0.132,0.2018125333477008,-0.0698125333477008
Mozambique,MOZ,541,2017,0.26,0.3250653436382763,-0.06506534363827632
Fiji,FJI,950,2017,0.201,0.26562553359996127,-0.06462553359996126
Central African Republic,CAF,482,2017,0.176,0.23599776787183194,-0.05999776787183195
Libya,LBY,620,2017,0.167,0.22368045760900954,-0.05668045760900953
Mauritania,MRT,435,2017,0.167,0.2224289569365684,-0.05542895693656838
Vietnam,VNM,816,2017,0.166,0.22059098889125492,-0.05459098889125491
Kyrgyzstan,KGZ,703,2017,0.274,0.32732910648589,-0.053329106485889954
Haiti,HTI,41,2017,0.251,0.30080260013576976,-0.04980260013576976
Uganda,UGA,500,2017,0.213,0.2582928338472792,-0.045292833847279196
Ukraine,UKR,369,2017,0.279,0.3236611499190183,-0.04466114991901826
Montenegro,MNE,341,2017,0.315,0.3587273189770485,-0.04372731897704851
Türkiye,TUR,640,2017,0.194,0.23599776787183194,-0.04199776787183193
Rwanda,RWA,517,2017,0.197,0.23599776787183194,-0.03899776787183193
North Macedonia,MKD,343,2017,0.361,0.3800481370502736,-0.01904813705027364
Colombia,COL,100,2017,0.483,0.5007145717180019,-0.017714571718001948
The Gambia,GMB,420,2017,0.306,0.3226108331709133,-0.01661083317091333
Iraq,IRQ,645,2017,0.247,0.2523528513023928,-0.005352851302392825
Albania,ALB,339,2017,0.324,0.3275058031844107,-0.003505803184410683
Guinea,GIN,438,2017,0.234,0.23599776787183194,-0.0019977678718319236
Comoros,COM,581,2017,0.259,0.2557710952826727,0.0032289047173272856
Malaysia,MYS,820,2017,0.227,0.22362509746080947,0.0033749025391905385
Honduras,HND,91,2017,0.27,0.2602592846018705,0.00974071539812954
Guatemala,GTM,90,2017,0.356,0.34154791282322,0.014452087176779982
Gabon,GAB,481,2017,0.275,0.26014569889282135,0.014854301107178669
Kosovo,XKX,347,2017,0.341,0.3257888204189004,0.015211179581099632
Bolivia,BOL,145,2017,0.454,0.4362753521770322,0.017724647822967787
Kuwait,KWT,690,2017,0.099,0.07982724171598038,0.019172758284019625
Guinea-Bissau,GNB,404,2017,0.215,0.1955450358045438,0.019454964195456198
Lebanon,LBN,660,2017,0.257,0.22839020971308951,0.02860979028691049
Bhutan,BTN,760,2017,0.361,0.3298515883867434,0.0311484116132566
Pakistan,PAK,770,2017,0.26,0.22839020971308951,0.031609790286910494
Tanzania,TZA,510,2017,0.261,0.22839020971308951,0.032609790286910495
Paraguay,PRY,150,2017,0.372,0.33363717225213196,0.038362827747868034
Madagascar,MDG,580,2017,0.302,0.25560063680028056,0.046399363199719434
Burma/Myanmar,MMR,775,2017,0.242,0.18451028787459492,0.057489712125405074
India,IND,750,2017,0.298,0.23975036307160524,0.058249636928394743
Ivory Coast,CIV,437,2017,0.365,0.3065015266544901,0.058498473345509894
Ghana,GHA,452,2017,0.381,0.3222932139339415,0.0587067860660585
Mongolia,MNG,712,2017,0.367,0.2997038347137874,0.06729616528621257
Lesotho,LSO,570,2017,0.318,0.24909939970135345,0.06890060029864656
Ecuador,ECU,130,2017,0.378,0.30631414854210437,0.07168585145789563
Georgia,GEO,372,2017,0.432,0.3587268035048904,0.0732731964951096
Dominican Republic,DOM,42,2017,0.347,0.2710870999296797,0.07591290007032025
Philippines,PHL,840,2017,0.317,0.23599776787183194,0.08100223212816807
Barbados,BRB,53,2017,0.338,0.25288957887575225,0.08511042112424777
Moldova,MDA,359,2017,0.325,0.23599776787183194,0.08900223212816807
Bosnia and Herzegovina,BIH,346,2017,0.314,0.22404859922853698,0.08995140077146302
Sierra Leone,SLE,451,2017,0.347,0.25560063680028056,0.09139936319971942
Mali,MLI,432,2017,0.326,0.22839020971308951,0.0976097902869105
Burkina Faso,BFA,439,2017,0.414,0.31456812461040556,0.09943187538959442
Nigeria,NGA,475,2017,0.374,0.2722518837092905,0.10174811629070951
Liberia,LBR,450,2017,0.339,0.23599776787183194,0.10300223212816809
Indonesia,IDN,850,2017,0.418,0.31220478781439254,0.10579521218560745
Niger,NER,436,2017,0.343,0.23599776787183194,0.10700223212816809
Nepal,NPL,790,2017,0.442,0.33174201052048236,0.11025798947951765
Hungary,HUN,310,2017,0.379,0.26839490288268103,0.11060509711731897
Solomon Islands,SLB,940,2017,0.365,0.25387453413743327,0.11112546586256672
Malawi,MWI,553,2017,0.355,0.24199850929357722,0.11300149070642276
Guyana,GUY,110,2017,0.41,0.29636012745403256,0.11363987254596741
Romania,ROU,360,2017,0.452,0.3304105336407134,0.12158946635928664
Cape Verde,CPV,402,2017,0.477,0.3550508765731324,0.12194912342686759
Kenya,KEN,501,2017,0.359,0.23599776787183194,0.12300223212816805
Timor-Leste,TLS,860,2017,0.402,0.27032718777930964,0.13167281222069038
Poland,POL,290,2017,0.459,0.32714172837350425,0.13185827162649577
Sao Tome and Principe,STP,403,2017,0.402,0.2678827345134419,0.1341172654865581
Bulgaria,BGR,355,2017,0.454,0.31831259207851015,0.13568740792148987
Namibia,NAM,565,2017,0.437,0.2876219390575796,0.1493780609424204
Panama,PAN,95,2017,0.464,0.3140176077612009,0.1499823922387991
El Salvador,SLV,92,2017,0.416,0.2631919591239432,0.15280804087605676
Botswana,BWA,571,2017,0.407,0.24953978411645997,0.15746021588354
Sri Lanka,LKA,780,2017,0.385,0.22075709498274415,0.16424290501725586
Benin,BEN,434,2017,0.475,0.3096944444242798,0.1653055555757202
Mexico,MEX,70,2017,0.407,0.23599776787183194,0.17100223212816804
Mauritius,MUS,590,2017,0.47,0.29699399315757785,0.17300600684242212
Argentina,ARG,160,2017,0.5,0.32131597511736215,0.17868402488263785
Croatia,HRV,344,2017,0.517,0.30476227275139717,0.21223772724860285
Israel,ISR,666,2017,0.454,0.22839020971308951,0.2256097902869105
Spain,ESP,230,2017,0.586,0.3444430834000345,0.24155691659996548
Vanuatu,VUT,935,2017,0.478,0.2344289365181334,0.24357106348186658
Senegal,SEN,433,2017,0.452,0.20800500013583367,0.24399499986416634
Suriname,SUR,115,2017,0.47,0.22362509746080947,0.2463749025391905
South Africa,ZAF,560,2017,0.489,0.23599776787183194,0.2530022321281681
Peru,PER,135,2017,0.554,0.295279069004167,0.25872093099583304
Trinidad and Tobago,TTO,52,2017,0.507,0.24736801694635557,0.25963198305364443
Czechia,CZE,316,2017,0.563,0.2951617861816574,0.26783821381834255
Chile,CHL,155,2017,0.59,0.31983372365575424,0.2701662763442457
Brazil,BRA,140,2017,0.507,0.23599776787183194,0.2710022321281681
Slovenia,SVN,349,2017,0.622,0.350511823193692,0.271488176806308
Cyprus,CYP,352,2017,0.567,0.2889554962305548,0.2780445037694452
Lithuania,LTU,368,2017,0.61,0.32732910648589,0.28267089351411
Japan,JPN,740,2017,0.536,0.24907010953681996,0.28692989046318007
South Korea,KOR,732,2017,0.593,0.29986260935205666,0.2931373906479433
Jamaica,JAM,51,2017,0.554,0.25728986390028535,0.2967101360997147
Portugal,PRT,235,2017,0.641,0.3275058031844107,0.3134941968155893
Malta,MLT,338,2017,0.557,0.23902785561294557,0.31797214438705446
Greece,GRC,350,2017,0.632,0.28274326510731,0.34925673489269
Estonia,EST,366,2017,0.644,0.2834824404873524,0.36051755951264763
Finland,FIN,375,2017,0.615,0.2523528513023928,0.36264714869760717
United States of America,USA,2,2017,0.599,0.23440004128842698,0.364599958711573
Canada,CAN,20,2017,0.579,0.19704616810463343,0.3819538318953665
Slovakia,SVK,317,2017,0.618,0.23599776787183194,0.3820022321281681
France,FRA,220,2017,0.623,0.223447802835907,0.39955219716409296
Latvia,LVA,367,2017,0.631,0.22839020971308951,0.40260979028691046
Netherlands,NLD,210,2017,0.634,0.22839020971308951,0.40560979028691047
Luxembourg,LUX,212,2017,0.632,0.22362509746080947,0.4083749025391905
Taiwan,TWN,713,2017,0.63,0.22083073650195503,0.40916926349804494
Belgium,BEL,211,2017,0.645,0.23470082429523567,0.4102991757047644
Australia,AUS,900,2017,0.636,0.22362509746080947,0.4123749025391905
Austria,AUT,305,2017,0.642,0.22839020971308951,0.4136097902869105
Uruguay,URY,165,2017,0.735,0.3097751994257511,0.4252248005742489
Sweden,SWE,380,2017,0.654,0.22839020971308951,0.4256097902869105
Ireland,IRL,205,2017,0.637,0.20150147867332027,0.43549852132667977
Italy,ITA,325,2017,0.689,0.25183483096895454,0.4371651690310454
Costa Rica,CRI,94,2017,0.666,0.22839020971308951,0.4376097902869105
New Zealand,NZL,920,2017,0.692,0.22557458343330622,0.46642541656669373
Iceland,ISL,395,2017,0.636,0.16813103527982848,0.46786896472017153
Denmark,DNK,390,2017,0.707,0.1460435799645855,0.5609564200354145
Switzerland,CHE,225,2017,0.803,0.23599776787183194,0.5670022321281681
Eritrea,ERI,531,2018,0.009,0.2906653277643212,-0.2816653277643212
Nicaragua,NIC,93,2018,0.129,0.3981160647918886,-0.2691160647918886
Uzbekistan,UZB,704,2018,0.056,0.2995169402960606,-0.24351694029606058
Sudan,SDN,625,2018,0.09,0.3226108331709133,-0.23261083317091333
Ethiopia,ETH,530,2018,0.108,0.339115443242591,-0.23111544324259103
Angola,AGO,540,2018,0.097,0.30631414854210437,-0.20931414854210437
Tajikistan,TJK,702,2018,0.052,0.25303917337479476,-0.20103917337479477
United Arab Emirates,ARE,696,2018,0.028,0.22734930609775603,-0.19934930609775603
China,CHN,710,2018,0.037,0.2295756809670785,-0.1925756809670785
Venezuela,VEN,101,2018,0.156,0.3480134135413531,-0.19201341354135312
Saudi Arabia,SAU,670,2018,0.025,0.21535650582465513,-0.19035650582465513
Morocco,MAR,600,2018,0.163,0.35230747316344263,-0.18930747316344262
Kazakhstan,KAZ,705,2018,0.073,0.2561662820771454,-0.18316628207714541
Bahrain,BHR,692,2018,0.041,0.2224289569365684,-0.18142895693656838
Azerbaijan,AZE,373,2018,0.057,0.23485882200618485,-0.17785882200618486
Chad,TCD,483,2018,0.127,0.30201237095383293,-0.17501237095383293
Egypt,EGY,651,2018,0.061,0.23599776787183194,-0.17499776787183194
Thailand,THA,800,2018,0.1,0.26839490288268103,-0.16839490288268102
Cuba,CUB,40,2018,0.05,0.21156565788858672,-0.16156565788858673
Qatar,QAT,694,2018,0.02,0.1793323044388958,-0.15933230443889582
Iran,IRN,630,2018,0.046,0.2036008716316614,-0.15760087163166142
Bangladesh,BGD,771,2018,0.108,0.24957200073274788,-0.1415720007327479
Cambodia,KHM,811,2018,0.076,0.2156493623384803,-0.1396493623384803
Eswatini,SWZ,572,2018,0.118,0.25560063680028056,-0.13760063680028056
Belarus,BLR,370,2018,0.099,0.23599776787183194,-0.13699776787183193
Cameroon,CMR,471,2018,0.111,0.24246606593690273,-0.13146606593690274
North Korea,PRK,731,2018,0.043,0.17204386298230556,-0.12904386298230558
Republic of the Congo,COG,484,2018,0.192,0.32089894337972047,-0.12889894337972047
Algeria,DZA,615,2018,0.113,0.23347538417582955,-0.12047538417582955
Singapore,SGP,830,2018,0.115,0.23466159129123593,-0.11966159129123592
Oman,OMN,698,2018,0.125,0.24193521498316192,-0.11693521498316192
Jordan,JOR,663,2018,0.118,0.23470082429523567,-0.11670082429523568
Laos,LAO,812,2018,0.107,0.21280689505865585,-0.10580689505865586
Maldives,MDV,781,2018,0.237,0.3387056551379853,-0.1017056551379853
Equatorial Guinea,GNQ,411,2018,0.053,0.15366621561872112,-0.10066621561872113
Afghanistan,AFG,700,2018,0.15,0.2506267486395456,-0.1006267486395456
Democratic Republic of the Congo,COD,490,2018,0.205,0.29698956779008157,-0.09198956779008158
Zimbabwe,ZWE,552,2018,0.248,0.33252324743046763,-0.08452324743046763
Russia,RUS,365,2018,0.152,0.2331384733144127,-0.0811384733144127
Comoros,COM,581,2018,0.25,0.3295413035082466,-0.07954130350824662
Seychelles,SYC,591,2018,0.246,0.31809167403997674,-0.07209167403997674
Fiji,FJI,950,2018,0.196,0.26562553359996127,-0.06962553359996126
Mozambique,MOZ,541,2018,0.256,0.3250653436382763,-0.06906534363827632
Djibouti,DJI,522,2018,0.134,0.2018125333477008,-0.06781253334770079
Papua New Guinea,PNG,910,2018,0.275,0.33949750362348163,-0.06449750362348161
Central African Republic,CAF,482,2018,0.176,0.23599776787183194,-0.05999776787183195
Libya,LBY,620,2018,0.164,0.22368045760900954,-0.05968045760900953
Zambia,ZMB,551,2018,0.261,0.3145567530305381,-0.053556753030538085
Kyrgyzstan,KGZ,703,2018,0.274,0.32732910648589,-0.053329106485889954
Vietnam,VNM,816,2018,0.17,0.22059098889125492,-0.05059098889125491
Ukraine,UKR,369,2018,0.274,0.3236611499190183,-0.049661149919018266
Uganda,UGA,500,2018,0.211,0.2582928338472792,-0.0472928338472792
Montenegro,MNE,341,2018,0.312,0.3587273189770485,-0.046727318977048515
Haiti,HTI,41,2018,0.256,0.30080260013576976,-0.044802600135769755
Türkiye,TUR,640,2018,0.196,0.23599776787183194,-0.03999776787183193
Rwanda,RWA,517,2018,0.196,0.23599776787183194,-0.03999776787183193
Togo,TGO,461,2018,0.199,0.23599776787183194,-0.03699776787183193
Colombia,COL,100,2018,0.471,0.5007145717180019,-0.02971457171800196
Honduras,HND,91,2018,0.245,0.2602592846018705,-0.015259284601870482
Armenia,ARM,371,2018,0.341,0.3531375022863259,-0.012137502286325874
Albania,ALB,339,2018,0.316,0.3275058031844107,-0.01150580318441069
Mauritania,MRT,435,2018,0.216,0.2224289569365684,-0.006428956936568392
Guinea,GIN,438,2018,0.238,0.23599776787183194,0.002002232128168052
Guatemala,GTM,90,2018,0.345,0.34154791282322,0.003452087176779972
Bolivia,BOL,145,2018,0.44,0.4362753521770322,0.003724647822967775
Lebanon,LBN,660,2018,0.239,0.22839020971308951,0.010609790286910475
Iraq,IRQ,645,2018,0.264,0.2523528513023928,0.01164714869760719
Kuwait,KWT,690,2018,0.093,0.07982724171598038,0.01317275828401962
North Macedonia,MKD,343,2018,0.394,0.3800481370502736,0.01395186294972639
The Gambia,GMB,420,2018,0.345,0.3226108331709133,0.02238916682908665
Pakistan,PAK,770,2018,0.255,0.22839020971308951,0.02660979028691049
Paraguay,PRY,150,2018,0.361,0.33363717225213196,0.027362827747868024
Tanzania,TZA,510,2018,0.259,0.22839020971308951,0.030609790286910493
Gabon,GAB,481,2018,0.265,0.23170801605483154,0.03329198394516847
Bhutan,BTN,760,2018,0.365,0.3298515883867434,0.0351484116132566
Guinea-Bissau,GNB,404,2018,0.233,0.1955450358045438,0.037454964195456214
Madagascar,MDG,580,2018,0.297,0.25560063680028056,0.04139936319971943
Malaysia,MYS,820,2018,0.279,0.22362509746080947,0.05537490253919056
Ghana,GHA,452,2018,0.378,0.3222932139339415,0.0557067860660585
India,IND,750,2018,0.296,0.23975036307160524,0.05624963692839474
Ivory Coast,CIV,437,2018,0.364,0.3065015266544901,0.05749847334550989
Hungary,HUN,310,2018,0.326,0.26839490288268103,0.05760509711731898
Mongolia,MNG,712,2018,0.359,0.2997038347137874,0.059296165286212565
Burma/Myanmar,MMR,775,2018,0.244,0.18451028787459492,0.059489712125405075
Kosovo,XKX,347,2018,0.395,0.3257888204189004,0.06921117958109962
Philippines,PHL,840,2018,0.306,0.23599776787183194,0.07000223212816806
Georgia,GEO,372,2018,0.431,0.3587268035048904,0.0722731964951096
Bosnia and Herzegovina,BIH,346,2018,0.297,0.22404859922853698,0.072951400771463
Niger,NER,436,2018,0.31,0.23599776787183194,0.07400223212816806
Mali,MLI,432,2018,0.31,0.22839020971308951,0.08160979028691048
Benin,BEN,434,2018,0.393,0.3096944444242798,0.08330555557572022
Barbados,BRB,53,2018,0.337,0.25288957887575225,0.08411042112424777
Burkina Faso,BFA,439,2018,0.401,0.31456812461040556,0.08643187538959446
Indonesia,IDN,850,2018,0.401,0.31220478781439254,0.08879521218560749
Dominican Republic,DOM,42,2018,0.36,0.2710870999296797,0.08891290007032027
Nepal,NPL,790,2018,0.422,0.33174201052048236,0.09025798947951763
Moldova,MDA,359,2018,0.328,0.23599776787183194,0.09200223212816808
Malawi,MWI,553,2018,0.337,0.24199850929357722,0.0950014907064228
Nigeria,NGA,475,2018,0.372,0.2722518837092905,0.09974811629070951
Liberia,LBR,450,2018,0.339,0.23599776787183194,0.10300223212816809
Kenya,KEN,501,2018,0.343,0.23599776787183194,0.10700223212816809
Guyana,GUY,110,2018,0.407,0.29636012745403256,0.11063987254596741
Sierra Leone,SLE,451,2018,0.367,0.25560063680028056,0.11139936319971944
Cape Verde,CPV,402,2018,0.468,0.3550508765731324,0.11294912342686764
Solomon Islands,SLB,940,2018,0.369,0.25387453413743327,0.11512546586256672
Panama,PAN,95,2018,0.442,0.3140176077612009,0.1279823922387991
Poland,POL,290,2018,0.457,0.32714172837350425,0.12985827162649577
Lesotho,LSO,570,2018,0.38,0.24909939970135345,0.13090060029864656
Bulgaria,BGR,355,2018,0.451,0.31831259207851015,0.13268740792148986
Namibia,NAM,565,2018,0.421,0.2876219390575796,0.13337806094242038
El Salvador,SLV,92,2018,0.398,0.2631919591239432,0.1348080408760568
Ecuador,ECU,130,2018,0.443,0.30631414854210437,0.13668585145789564
Sao Tome and Principe,STP,403,2018,0.405,0.2678827345134419,0.13711726548655812
Romania,ROU,360,2018,0.479,0.3304105336407134,0.1485894663592866
Timor-Leste,TLS,860,2018,0.419,0.27032718777930964,0.14867281222069034
Botswana,BWA,571,2018,0.414,0.24953978411645997,0.16446021588354
Sri Lanka,LKA,780,2018,0.39,0.22075709498274415,0.16924290501725586
Mauritius,MUS,590,2018,0.471,0.29699399315757785,0.17400600684242212
Mexico,MEX,70,2018,0.428,0.23599776787183194,0.19200223212816805
Argentina,ARG,160,2018,0.52,0.32131597511736215,0.19868402488263787
Croatia,HRV,344,2018,0.513,0.30476227275139717,0.20823772724860284
Israel,ISR,666,2018,0.447,0.22839020971308951,0.2186097902869105
Senegal,SEN,433,2018,0.441,0.20800500013583367,0.23299499986416633
Czechia,CZE,316,2018,0.535,0.2951617861816574,0.23983821381834264
Vanuatu,VUT,935,2018,0.478,0.2344289365181334,0.24357106348186658
Suriname,SUR,115,2018,0.471,0.22362509746080947,0.2473749025391905
Brazil,BRA,140,2018,0.484,0.23599776787183194,0.24800223212816805
Chile,CHL,155,2018,0.573,0.31983372365575424,0.2531662763442457
Trinidad and Tobago,TTO,52,2018,0.502,0.24736801694635557,0.25463198305364443
Spain,ESP,230,2018,0.601,0.3444430834000345,0.2565569165999655
South Africa,ZAF,560,2018,0.495,0.23599776787183194,0.2590022321281681
Slovenia,SVN,349,2018,0.61,0.350511823193692,0.259488176806308
Cyprus,CYP,352,2018,0.56,0.2889554962305548,0.2710445037694453
Japan,JPN,740,2018,0.541,0.24907010953681996,0.2919298904631801
Lithuania,LTU,368,2018,0.62,0.32732910648589,0.29267089351411
Jamaica,JAM,51,2018,0.551,0.25728986390028535,0.2937101360997147
South Korea,KOR,732,2018,0.597,0.29986260935205666,0.2971373906479433
Portugal,PRT,235,2018,0.64,0.3275058031844107,0.3124941968155893
Malta,MLT,338,2018,0.551,0.23798301938146535,0.31301698061853467
Peru,PER,135,2018,0.613,0.295279069004167,0.317720930995833
Greece,GRC,350,2018,0.625,0.28274326510731,0.34225673489269
United States of America,USA,2,2018,0.589,0.23440004128842698,0.354599958711573
Slovakia,SVK,317,2018,0.599,0.23599776787183194,0.36300223212816807
Estonia,EST,366,2018,0.649,0.2834824404873524,0.36551755951264764
Finland,FIN,375,2018,0.625,0.2523528513023928,0.3726471486976072
Latvia,LVA,367,2018,0.61,0.22839020971308951,0.38160979028691044
France,FRA,220,2018,0.607,0.223447802835907,0.38355219716409295
Canada,CAN,20,2018,0.582,0.19704616810463343,0.3849538318953665
Netherlands,NLD,210,2018,0.629,0.22839020971308951,0.40060979028691046
Australia,AUS,900,2018,0.627,0.22362509746080947,0.4033749025391905
Luxembourg,LUX,212,2018,0.631,0.22362509746080947,0.4073749025391905
Austria,AUT,305,2018,0.638,0.22839020971308951,0.40960979028691047
Belgium,BEL,211,2018,0.645,0.23470082429523567,0.4102991757047644
Italy,ITA,325,2018,0.672,0.25183483096895454,0.4201651690310455
Uruguay,URY,165,2018,0.731,0.3097751994257511,0.4212248005742489
Sweden,SWE,380,2018,0.653,0.22839020971308951,0.4246097902869105
Ireland,IRL,205,2018,0.636,0.20715045548661476,0.42884954451338525
Costa Rica,CRI,94,2018,0.658,0.22839020971308951,0.4296097902869105
Taiwan,TWN,713,2018,0.668,0.22083073650195503,0.447169263498045
New Zealand,NZL,920,2018,0.695,0.22557458343330622,0.46942541656669373
Iceland,ISL,395,2018,0.649,0.16813103527982848,0.48086896472017154
Denmark,DNK,390,2018,0.707,0.1460435799645855,0.5609564200354145
Switzerland,CHE,225,2018,0.803,0.23599776787183194,0.5670022321281681
Cuba,CUB,40,2019,0.057,0.34238607522061676,-0.28538607522061676
Eritrea,ERI,531,2019,0.009,0.2906653277643212,-0.2816653277643212
Nicaragua,NIC,93,2019,0.125,0.3981160647918886,-0.2731160647918886
Uzbekistan,UZB,704,2019,0.056,0.2995169402960606,-0.24351694029606058
Angola,AGO,540,2019,0.096,0.30631414854210437,-0.21031414854210437
United Arab Emirates,ARE,696,2019,0.027,0.22734930609775603,-0.20034930609775603
Tajikistan,TJK,702,2019,0.053,0.25303917337479476,-0.20003917337479477
Saudi Arabia,SAU,670,2019,0.022,0.21535650582465513,-0.19335650582465513
China,CHN,710,2019,0.037,0.2295756809670785,-0.1925756809670785
Morocco,MAR,600,2019,0.161,0.35230747316344263,-0.19130747316344263
Venezuela,VEN,101,2019,0.157,0.3480134135413531,-0.19101341354135312
Kazakhstan,KAZ,705,2019,0.074,0.2561662820771454,-0.1821662820771454
Bahrain,BHR,692,2019,0.044,0.2224289569365684,-0.1784289569365684
Ethiopia,ETH,530,2019,0.164,0.339115443242591,-0.175115443242591
Azerbaijan,AZE,373,2019,0.06,0.23485882200618485,-0.17485882200618486
Chad,TCD,483,2019,0.128,0.30201237095383293,-0.17401237095383293
Egypt,EGY,651,2019,0.074,0.23599776787183194,-0.16199776787183195
Iran,IRN,630,2019,0.044,0.2036008716316614,-0.15960087163166142
Thailand,THA,800,2019,0.109,0.26839490288268103,-0.15939490288268104
Qatar,QAT,694,2019,0.022,0.1793323044388958,-0.15733230443889581
Sudan,SDN,625,2019,0.091,0.23790963280397823,-0.14690963280397823
Cambodia,KHM,811,2019,0.073,0.2156493623384803,-0.1426493623384803
Bangladesh,BGD,771,2019,0.107,0.24957200073274788,-0.1425720007327479
Eswatini,SWZ,572,2019,0.115,0.25560063680028056,-0.14060063680028057
Belarus,BLR,370,2019,0.098,0.23599776787183194,-0.13799776787183193
Cameroon,CMR,471,2019,0.106,0.24246606593690273,-0.13646606593690275
Republic of the Congo,COG,484,2019,0.187,0.32089894337972047,-0.13389894337972047
Afghanistan,AFG,700,2019,0.119,0.2506267486395456,-0.1316267486395456
Algeria,DZA,615,2019,0.103,0.23347538417582955,-0.13047538417582955
North Korea,PRK,731,2019,0.043,0.17204386298230556,-0.12904386298230558
Singapore,SGP,830,2019,0.113,0.23466159129123593,-0.12166159129123592
Comoros,COM,581,2019,0.209,0.3295413035082466,-0.12054130350824663
Oman,OMN,698,2019,0.126,0.24193521498316192,-0.11593521498316192
Jordan,JOR,663,2019,0.12,0.23470082429523567,-0.11470082429523568
Laos,LAO,812,2019,0.102,0.21280689505865585,-0.11080689505865586
Equatorial Guinea,GNQ,411,2019,0.052,0.15366621561872112,-0.10166621561872113
Bolivia,BOL,145,2019,0.341,0.4362753521770322,-0.0952753521770322
Zimbabwe,ZWE,552,2019,0.239,0.33252324743046763,-0.09352324743046764
Mozambique,MOZ,541,2019,0.239,0.3250653436382763,-0.08606534363827634
Fiji,FJI,950,2019,0.181,0.26562553359996127,-0.08462553359996128
Democratic Republic of the Congo,COD,490,2019,0.213,0.29698956779008157,-0.08398956779008157
Russia,RUS,365,2019,0.151,0.2331384733144127,-0.08213847331441271
Central African Republic,CAF,482,2019,0.156,0.23599776787183194,-0.07999776787183194
Kyrgyzstan,KGZ,703,2019,0.255,0.32732910648589,-0.07232910648588997
Djibouti,DJI,522,2019,0.134,0.2018125333477008,-0.06781253334770079
Libya,LBY,620,2019,0.162,0.22368045760900954,-0.06168045760900953
Papua New Guinea,PNG,910,2019,0.278,0.33949750362348163,-0.06149750362348161
Zambia,ZMB,551,2019,0.256,0.3145567530305381,-0.05855675303053809
Haiti,HTI,41,2019,0.244,0.30080260013576976,-0.056802600135769765
Uganda,UGA,500,2019,0.207,0.2582928338472792,-0.0512928338472792
Seychelles,SYC,591,2019,0.267,0.31809167403997674,-0.05109167403997672
Rwanda,RWA,517,2019,0.185,0.23599776787183194,-0.05099776787183194
Türkiye,TUR,640,2019,0.192,0.23599776787183194,-0.04399776787183193
Montenegro,MNE,341,2019,0.316,0.3587273189770485,-0.04272731897704851
Benin,BEN,434,2019,0.277,0.3179801203216015,-0.040980120321601476
Colombia,COL,100,2019,0.46,0.5007145717180019,-0.04071457171800191
Vietnam,VNM,816,2019,0.187,0.22059098889125492,-0.03359098889125492
Maldives,MDV,781,2019,0.322,0.3387056551379853,-0.016705655137985276
Albania,ALB,339,2019,0.312,0.3275058031844107,-0.015505803184410694
Honduras,HND,91,2019,0.25,0.2602592846018705,-0.010259284601870478
Guinea,GIN,438,2019,0.228,0.23599776787183194,-0.007997767871831929
Togo,TGO,461,2019,0.237,0.23599776787183194,0.0010022321281680513
Ukraine,UKR,369,2019,0.326,0.3236611499190183,0.0023388500809817248
Guatemala,GTM,90,2019,0.345,0.34154791282322,0.003452087176779972
Lebanon,LBN,660,2019,0.238,0.22839020971308951,0.009609790286910475
Pakistan,PAK,770,2019,0.24,0.22839020971308951,0.011609790286910476
The Gambia,GMB,420,2019,0.335,0.3226108331709133,0.012389166829086695
Iraq,IRQ,645,2019,0.267,0.2523528513023928,0.014647148697607193
Kuwait,KWT,690,2019,0.103,0.07982724171598038,0.023172758284019615
Tanzania,TZA,510,2019,0.256,0.22839020971308951,0.02760979028691049
India,IND,750,2019,0.269,0.23975036307160524,0.029249636928394773
Paraguay,PRY,150,2019,0.363,0.33363717225213196,0.029362827747868026
Madagascar,MDG,580,2019,0.285,0.25560063680028056,0.02939936319971942
Ghana,GHA,452,2019,0.352,0.3222932139339415,0.029706786066058477
Gabon,GAB,481,2019,0.262,0.23170801605483154,0.030291983945168466
North Macedonia,MKD,343,2019,0.411,0.3800481370502736,0.03095186294972635
Mauritania,MRT,435,2019,0.255,0.2224289569365684,0.032571043063431615
Georgia,GEO,372,2019,0.402,0.3587268035048904,0.043273196495109634
Guinea-Bissau,GNB,404,2019,0.241,0.1955450358045438,0.04545496419545619
Bhutan,BTN,760,2019,0.377,0.3298515883867434,0.04714841161325661
Hungary,HUN,310,2019,0.317,0.26839490288268103,0.048605097117318974
Ivory Coast,CIV,437,2019,0.36,0.3065015266544901,0.05349847334550989
Mongolia,MNG,712,2019,0.355,0.2997038347137874,0.05529616528621256
Philippines,PHL,840,2019,0.3,0.23599776787183194,0.06400223212816805
Nepal,NPL,790,2019,0.397,0.33174201052048236,0.06525798947951766
Malaysia,MYS,820,2019,0.293,0.22362509746080947,0.06937490253919051
Burma/Myanmar,MMR,775,2019,0.254,0.18451028787459492,0.06948971212540508
Malawi,MWI,553,2019,0.315,0.24199850929357722,0.07300149070642278
Burkina Faso,BFA,439,2019,0.39,0.31456812461040556,0.07543187538959445
Bosnia and Herzegovina,BIH,346,2019,0.301,0.22404859922853698,0.07695140077146301
Nigeria,NGA,475,2019,0.35,0.2722518837092905,0.07774811629070949
Indonesia,IDN,850,2019,0.394,0.31220478781439254,0.08179521218560748
Kosovo,XKX,347,2019,0.408,0.3257888204189004,0.08221117958109958
Mali,MLI,432,2019,0.311,0.22839020971308951,0.08260979028691048
Guyana,GUY,110,2019,0.384,0.29636012745403256,0.08763987254596745
El Salvador,SLV,92,2019,0.355,0.2631919591239432,0.09180804087605676
Barbados,BRB,53,2019,0.345,0.25288957887575225,0.09211042112424772
Dominican Republic,DOM,42,2019,0.369,0.2710870999296797,0.09791290007032027
Liberia,LBR,450,2019,0.335,0.23599776787183194,0.09900223212816808
Namibia,NAM,565,2019,0.388,0.2876219390575796,0.10037806094242041
Niger,NER,436,2019,0.339,0.23599776787183194,0.10300223212816809
Kenya,KEN,501,2019,0.34,0.23599776787183194,0.10400223212816809
Sierra Leone,SLE,451,2019,0.37,0.25560063680028056,0.11439936319971944
Ecuador,ECU,130,2019,0.425,0.30631414854210437,0.11868585145789562
Panama,PAN,95,2019,0.435,0.3140176077612009,0.12098239223879909
Poland,POL,290,2019,0.449,0.32714172837350425,0.12185827162649576
Bulgaria,BGR,355,2019,0.441,0.31831259207851015,0.12268740792148985
Sri Lanka,LKA,780,2019,0.349,0.22075709498274415,0.12824290501725583
Cape Verde,CPV,402,2019,0.484,0.3550508765731324,0.1289491234268676
Lesotho,LSO,570,2019,0.384,0.24909939970135345,0.13490060029864656
Botswana,BWA,571,2019,0.391,0.24953978411645997,0.14146021588354005
Mauritius,MUS,590,2019,0.443,0.29699399315757785,0.14600600684242215
Solomon Islands,SLB,940,2019,0.403,0.25387453413743327,0.14912546586256675
Moldova,MDA,359,2019,0.386,0.23599776787183194,0.15000223212816807
Sao Tome and Principe,STP,403,2019,0.421,0.2678827345134419,0.15311726548655807
Timor-Leste,TLS,860,2019,0.429,0.27032718777930964,0.15867281222069035
Mexico,MEX,70,2019,0.42,0.23599776787183194,0.18400223212816805
Argentina,ARG,160,2019,0.517,0.32131597511736215,0.19568402488263786
Brazil,BRA,140,2019,0.436,0.23599776787183194,0.20000223212816806
Armenia,ARM,371,2019,0.557,0.3531375022863259,0.20386249771367415
Croatia,HRV,344,2019,0.514,0.30476227275139717,0.20923772724860284
Israel,ISR,666,2019,0.451,0.22839020971308951,0.2226097902869105
Romania,ROU,360,2019,0.557,0.3304105336407134,0.22658946635928667
Czechia,CZE,316,2019,0.525,0.2951617861816574,0.22983821381834263
Vanuatu,VUT,935,2019,0.469,0.2344289365181334,0.23457106348186657
South Africa,ZAF,560,2019,0.473,0.23599776787183194,0.23700223212816804
Chile,CHL,155,2019,0.559,0.31983372365575424,0.2391662763442458
Suriname,SUR,115,2019,0.464,0.22362509746080947,0.24037490253919055
Senegal,SEN,433,2019,0.45,0.20800500013583367,0.24199499986416634
Slovenia,SVN,349,2019,0.6,0.350511823193692,0.24948817680630797
Trinidad and Tobago,TTO,52,2019,0.499,0.24736801694635557,0.2516319830536444
Peru,PER,135,2019,0.588,0.3275058031844107,0.2604941968155893
South Korea,KOR,732,2019,0.569,0.29986260935205666,0.2691373906479433
Cyprus,CYP,352,2019,0.56,0.2889554962305548,0.2710445037694453
Spain,ESP,230,2019,0.621,0.3444430834000345,0.2765569165999655
Japan,JPN,740,2019,0.54,0.24907010953681996,0.2909298904631801
Jamaica,JAM,51,2019,0.549,0.25728986390028535,0.2917101360997147
Portugal,PRT,235,2019,0.623,0.3275058031844107,0.2954941968155893
Lithuania,LTU,368,2019,0.632,0.32732910648589,0.30467089351411003
Greece,GRC,350,2019,0.628,0.31350079001939457,0.31449920998060543
Malta,MLT,338,2019,0.563,0.2448768209049234,0.31812317909507654
United States of America,USA,2,2019,0.584,0.23440004128842698,0.349599958711573
Estonia,EST,366,2019,0.638,0.2834824404873524,0.35451755951264763
Netherlands,NLD,210,2019,0.589,0.22839020971308951,0.3606097902869104
Australia,AUS,900,2019,0.589,0.22362509746080947,0.36537490253919047
Latvia,LVA,367,2019,0.595,0.22839020971308951,0.36660979028691043
Finland,FIN,375,2019,0.624,0.2523528513023928,0.3716471486976072
France,FRA,220,2019,0.605,0.223447802835907,0.38155219716409294
Slovakia,SVK,317,2019,0.619,0.23599776787183194,0.3830022321281681
Canada,CAN,20,2019,0.591,0.19704616810463343,0.39395383189536654
Austria,AUT,305,2019,0.632,0.22839020971308951,0.40360979028691046
Luxembourg,LUX,212,2019,0.629,0.22362509746080947,0.4053749025391905
Belgium,BEL,211,2019,0.645,0.23470082429523567,0.4102991757047644
Sweden,SWE,380,2019,0.646,0.22839020971308951,0.4176097902869105
Italy,ITA,325,2019,0.673,0.25183483096895454,0.4211651690310455
Uruguay,URY,165,2019,0.733,0.3097751994257511,0.4232248005742489
Taiwan,TWN,713,2019,0.646,0.22083073650195503,0.42516926349804496
Costa Rica,CRI,94,2019,0.655,0.22839020971308951,0.4266097902869105
Ireland,IRL,205,2019,0.629,0.17464500382832374,0.4543549961716763
New Zealand,NZL,920,2019,0.687,0.22557458343330622,0.46142541656669384
Iceland,ISL,395,2019,0.638,0.16813103527982848,0.46986896472017153
Denmark,DNK,390,2019,0.704,0.1460435799645855,0.5579564200354145
Switzerland,CHE,225,2019,0.8,0.23599776787183194,0.5640022321281681
Cuba,CUB,40,2020,0.055,0.34238607522061676,-0.28738607522061677
Eritrea,ERI,531,2020,0.01,0.2906653277643212,-0.2806653277643212
Nicaragua,NIC,93,2020,0.12,0.3981160647918886,-0.2781160647918886
Uzbekistan,UZB,704,2020,0.063,0.2995169402960606,-0.23651694029606057
Angola,AGO,540,2020,0.093,0.30631414854210437,-0.21331414854210437
Algeria,DZA,615,2020,0.11,0.309256320240717,-0.199256320240717
Tajikistan,TJK,702,2020,0.058,0.25303917337479476,-0.19503917337479476
Venezuela,VEN,101,2020,0.153,0.3480134135413531,-0.19501341354135313
Saudi Arabia,SAU,670,2020,0.022,0.21535650582465513,-0.19335650582465513
Morocco,MAR,600,2020,0.159,0.35230747316344263,-0.19330747316344263
Bolivia,BOL,145,2020,0.243,0.4362753521770322,-0.19327535217703223
China,CHN,710,2020,0.037,0.2295756809670785,-0.1925756809670785
United Arab Emirates,ARE,696,2020,0.037,0.22734930609775603,-0.19034930609775602
Bahrain,BHR,692,2020,0.043,0.2224289569365684,-0.1794289569365684
Ethiopia,ETH,530,2020,0.161,0.339115443242591,-0.17811544324259102
Kazakhstan,KAZ,705,2020,0.079,0.2561662820771454,-0.1771662820771454
Chad,TCD,483,2020,0.126,0.30201237095383293,-0.17601237095383293
Azerbaijan,AZE,373,2020,0.059,0.23485882200618485,-0.17585882200618486
Egypt,EGY,651,2020,0.072,0.23599776787183194,-0.16399776787183196
Iran,IRN,630,2020,0.041,0.2036008716316614,-0.1626008716316614
Qatar,QAT,694,2020,0.017,0.1793323044388958,-0.1623323044388958
Thailand,THA,800,2020,0.108,0.26839490288268103,-0.16039490288268105
Belarus,BLR,370,2020,0.085,0.23599776787183194,-0.15099776787183194
Eswatini,SWZ,572,2020,0.113,0.25560063680028056,-0.14260063680028057
Bangladesh,BGD,771,2020,0.107,0.24957200073274788,-0.1425720007327479
Cambodia,KHM,811,2020,0.077,0.2156493623384803,-0.1386493623384803
Cameroon,CMR,471,2020,0.109,0.24246606593690273,-0.13346606593690274
Comoros,COM,581,2020,0.197,0.3295413035082466,-0.1325413035082466
North Korea,PRK,731,2020,0.043,0.17204386298230556,-0.12904386298230558
Sudan,SDN,625,2020,0.097,0.2248543749971688,-0.12785437499716878
Singapore,SGP,830,2020,0.107,0.23466159129123593,-0.12766159129123594
Afghanistan,AFG,700,2020,0.125,0.2506267486395456,-0.1256267486395456
Oman,OMN,698,2020,0.119,0.24193521498316192,-0.12293521498316193
Republic of the Congo,COG,484,2020,0.2,0.32089894337972047,-0.12089894337972046
Haiti,HTI,41,2020,0.181,0.30080260013576976,-0.11980260013576977
Jordan,JOR,663,2020,0.117,0.23470082429523567,-0.11770082429523566
Zimbabwe,ZWE,552,2020,0.228,0.33252324743046763,-0.10452324743046762
Laos,LAO,812,2020,0.109,0.21280689505865585,-0.10380689505865585
Mozambique,MOZ,541,2020,0.223,0.3250653436382763,-0.10206534363827632
Kyrgyzstan,KGZ,703,2020,0.227,0.32732910648589,-0.10032910648588997
Equatorial Guinea,GNQ,411,2020,0.054,0.15366621561872112,-0.09966621561872113
Central African Republic,CAF,482,2020,0.153,0.23599776787183194,-0.08299776787183194
Democratic Republic of the Congo,COD,490,2020,0.218,0.29698956779008157,-0.07898956779008157
Zambia,ZMB,551,2020,0.238,0.3145567530305381,-0.0765567530305381
Benin,BEN,434,2020,0.245,0.3179801203216015,-0.0729801203216015
Djibouti,DJI,522,2020,0.133,0.2018125333477008,-0.0688125333477008
Fiji,FJI,950,2020,0.198,0.26562553359996127,-0.06762553359996126
Papua New Guinea,PNG,910,2020,0.274,0.33949750362348163,-0.06549750362348161
Russia,RUS,365,2020,0.177,0.24230960582927086,-0.06530960582927087
Uganda,UGA,500,2020,0.195,0.2582928338472792,-0.06329283384727918
Rwanda,RWA,517,2020,0.175,0.23599776787183194,-0.06099776787183195
Libya,LBY,620,2020,0.163,0.22368045760900954,-0.06068045760900953
Colombia,COL,100,2020,0.447,0.5007145717180019,-0.053714571718001924
Türkiye,TUR,640,2020,0.186,0.23599776787183194,-0.04999776787183194
Vietnam,VNM,816,2020,0.181,0.22059098889125492,-0.039590988891254925
Montenegro,MNE,341,2020,0.32,0.3587273189770485,-0.03872731897704851
Seychelles,SYC,591,2020,0.281,0.31809167403997674,-0.03709167403997671
Guinea,GIN,438,2020,0.207,0.23599776787183194,-0.028997767871831948
Maldives,MDV,781,2020,0.324,0.3387056551379853,-0.014705655137985274
Honduras,HND,91,2020,0.25,0.2602592846018705,-0.010259284601870478
The Gambia,GMB,420,2020,0.313,0.3226108331709133,-0.009610833170913324
Iraq,IRQ,645,2020,0.246,0.2523528513023928,-0.006352851302392826
Albania,ALB,339,2020,0.326,0.3275058031844107,-0.0015058031844106812
India,IND,750,2020,0.252,0.23975036307160524,0.012249636928394758
Guatemala,GTM,90,2020,0.355,0.34154791282322,0.013452087176779981
Lebanon,LBN,660,2020,0.246,0.22839020971308951,0.01760979028691048
Mauritania,MRT,435,2020,0.242,0.2224289569365684,0.019571043063431603
Paraguay,PRY,150,2020,0.354,0.33363717225213196,0.020362827747868018
Kuwait,KWT,690,2020,0.101,0.07982724171598038,0.021172758284019627
Pakistan,PAK,770,2020,0.25,0.22839020971308951,0.021609790286910485
Togo,TGO,461,2020,0.259,0.23599776787183194,0.02300223212816807
Gabon,GAB,481,2020,0.257,0.23170801605483154,0.02529198394516846
Ukraine,UKR,369,2020,0.349,0.3236611499190183,0.02533885008098169
Tanzania,TZA,510,2020,0.254,0.22839020971308951,0.02560979028691049
Ghana,GHA,452,2020,0.349,0.3222932139339415,0.026706786066058474
North Macedonia,MKD,343,2020,0.407,0.3800481370502736,0.026951862949726346
Georgia,GEO,372,2020,0.388,0.3587268035048904,0.02927319649510962
Madagascar,MDG,580,2020,0.285,0.25560063680028056,0.02939936319971942
Mongolia,MNG,712,2020,0.33,0.2997038347137874,0.030296165286212595
Ivory Coast,CIV,437,2020,0.339,0.3065015266544901,0.032498473345509926
Mali,MLI,432,2020,0.259,0.22362509746080947,0.03537490253919054
Guyana,GUY,110,2020,0.336,0.29636012745403256,0.03963987254596746
El Salvador,SLV,92,2020,0.303,0.2631919591239432,0.03980804087605677
Philippines,PHL,840,2020,0.276,0.23599776787183194,0.040002232128168086
Hungary,HUN,310,2020,0.313,0.26839490288268103,0.04460509711731897
Malaysia,MYS,820,2020,0.271,0.22362509746080947,0.04737490253919055
Guinea-Bissau,GNB,404,2020,0.243,0.1955450358045438,0.047454964195456195
Bhutan,BTN,760,2020,0.378,0.3298515883867434,0.048148411613256614
Mauritius,MUS,590,2020,0.346,0.29699399315757785,0.04900600684242212
Nepal,NPL,790,2020,0.39,0.33174201052048236,0.05825798947951766
Indonesia,IDN,850,2020,0.376,0.31220478781439254,0.06379521218560746
Nigeria,NGA,475,2020,0.342,0.2722518837092905,0.06974811629070954
Poland,POL,290,2020,0.397,0.32714172837350425,0.06985827162649577
Burma/Myanmar,MMR,775,2020,0.26,0.18451028787459492,0.07548971212540509
Kosovo,XKX,347,2020,0.404,0.3257888204189004,0.07821117958109963
Burkina Faso,BFA,439,2020,0.397,0.31456812461040556,0.08243187538959446
Bosnia and Herzegovina,BIH,346,2020,0.309,0.22404859922853698,0.08495140077146301
Namibia,NAM,565,2020,0.381,0.2876219390575796,0.0933780609424204
Barbados,BRB,53,2020,0.357,0.25288957887575225,0.10411042112424773
Liberia,LBR,450,2020,0.344,0.23599776787183194,0.10800223212816804
Botswana,BWA,571,2020,0.36,0.24953978411645997,0.11046021588354002
Kenya,KEN,501,2020,0.348,0.23599776787183194,0.11200223212816804
Malawi,MWI,553,2020,0.359,0.24199850929357722,0.11700149070642277
Panama,PAN,95,2020,0.433,0.3140176077612009,0.11898239223879908
Sierra Leone,SLE,451,2020,0.375,0.25560063680028056,0.11939936319971944
Niger,NER,436,2020,0.357,0.23599776787183194,0.12100223212816805
Sri Lanka,LKA,780,2020,0.344,0.22075709498274415,0.12324290501725582
Bulgaria,BGR,355,2020,0.444,0.31831259207851015,0.12568740792148986
Ecuador,ECU,130,2020,0.437,0.30631414854210437,0.13068585145789563
Cape Verde,CPV,402,2020,0.487,0.3550508765731324,0.1319491234268676
Lesotho,LSO,570,2020,0.387,0.24909939970135345,0.13790060029864656
Timor-Leste,TLS,860,2020,0.412,0.27032718777930964,0.14167281222069034
Sao Tome and Principe,STP,403,2020,0.415,0.2678827345134419,0.14711726548655807
Solomon Islands,SLB,940,2020,0.405,0.25387453413743327,0.15112546586256675
Armenia,ARM,371,2020,0.507,0.3531375022863259,0.1538624977136741
Dominican Republic,DOM,42,2020,0.436,0.2710870999296797,0.16491290007032028
Mexico,MEX,70,2020,0.405,0.23599776787183194,0.1690022321281681
Slovenia,SVN,349,2020,0.532,0.350511823193692,0.18148817680630802
Brazil,BRA,140,2020,0.445,0.23599776787183194,0.20900223212816807
Moldova,MDA,359,2020,0.447,0.23599776787183194,0.21100223212816807
Argentina,ARG,160,2020,0.537,0.32131597511736215,0.21568402488263788
Croatia,HRV,344,2020,0.525,0.30476227275139717,0.22023772724860285
South Africa,ZAF,560,2020,0.463,0.23599776787183194,0.22700223212816809
Israel,ISR,666,2020,0.456,0.22839020971308951,0.2276097902869105
Czechia,CZE,316,2020,0.526,0.2951617861816574,0.23083821381834263
Vanuatu,VUT,935,2020,0.476,0.2344289365181334,0.24157106348186658
Cyprus,CYP,352,2020,0.531,0.2889554962305548,0.24204450376944525
Greece,GRC,350,2020,0.559,0.31350079001939457,0.24549920998060548
Trinidad and Tobago,TTO,52,2020,0.499,0.24736801694635557,0.2516319830536444
Senegal,SEN,433,2020,0.463,0.20800500013583367,0.25499499986416635
Suriname,SUR,115,2020,0.48,0.22362509746080947,0.2563749025391905
Romania,ROU,360,2020,0.605,0.3304105336407134,0.2745894663592866
Chile,CHL,155,2020,0.597,0.31983372365575424,0.27716627634424573
Spain,ESP,230,2020,0.624,0.3444430834000345,0.2795569165999655
Lithuania,LTU,368,2020,0.609,0.32732910648589,0.28167089351411
Japan,JPN,740,2020,0.532,0.24907010953681996,0.28292989046318007
South Korea,KOR,732,2020,0.584,0.29986260935205666,0.2841373906479433
Portugal,PRT,235,2020,0.612,0.3275058031844107,0.2844941968155893
Jamaica,JAM,51,2020,0.543,0.25728986390028535,0.2857101360997147
Malta,MLT,338,2020,0.546,0.237676968520765,0.308323031479235
Peru,PER,135,2020,0.609,0.295279069004167,0.313720930995833
United States of America,USA,2,2020,0.581,0.23440004128842698,0.346599958711573
Estonia,EST,366,2020,0.635,0.2834824404873524,0.3515175595126476
Netherlands,NLD,210,2020,0.586,0.22839020971308951,0.3576097902869104
Finland,FIN,375,2020,0.624,0.2523528513023928,0.3716471486976072
Latvia,LVA,367,2020,0.603,0.22839020971308951,0.37460979028691044
Slovakia,SVK,317,2020,0.614,0.23599776787183194,0.3780022321281681
Australia,AUS,900,2020,0.602,0.22362509746080947,0.3783749025391905
France,FRA,220,2020,0.606,0.223447802835907,0.38255219716409294
Uruguay,URY,165,2020,0.701,0.3097751994257511,0.39122480057424885
Canada,CAN,20,2020,0.59,0.19704616810463343,0.39295383189536653
Luxembourg,LUX,212,2020,0.617,0.22362509746080947,0.3933749025391905
Austria,AUT,305,2020,0.631,0.22839020971308951,0.40260979028691046
Belgium,BEL,211,2020,0.64,0.23470082429523567,0.40529917570476437
Taiwan,TWN,713,2020,0.631,0.22083073650195503,0.41016926349804494
Sweden,SWE,380,2020,0.647,0.22839020971308951,0.4186097902869105
Costa Rica,CRI,94,2020,0.653,0.22839020971308951,0.4246097902869105
Italy,ITA,325,2020,0.68,0.25183483096895454,0.4281651690310455
New Zealand,NZL,920,2020,0.681,0.22557458343330622,0.45542541656669383
Ireland,IRL,205,2020,0.641,0.17464500382832374,0.4663549961716763
Iceland,ISL,395,2020,0.635,0.16813103527982848,0.46686896472017153
Denmark,DNK,390,2020,0.701,0.1460435799645855,0.5549564200354145
Switzerland,CHE,225,2020,0.799,0.23599776787183194,0.5630022321281681
Cuba,CUB,40,2021,0.055,0.34238607522061676,-0.28738607522061677
Nicaragua,NIC,93,2021,0.115,0.3981160647918886,-0.2831160647918886
Eritrea,ERI,531,2021,0.01,0.2906653277643212,-0.2806653277643212
Uzbekistan,UZB,704,2021,0.061,0.2995169402960606,-0.23851694029606058
Angola,AGO,540,2021,0.081,0.30631414854210437,-0.22531414854210435
Afghanistan,AFG,700,2021,0.031,0.2506267486395456,-0.2196267486395456
Algeria,DZA,615,2021,0.105,0.309256320240717,-0.204256320240717
Tajikistan,TJK,702,2021,0.054,0.25303917337479476,-0.19903917337479476
United Arab Emirates,ARE,696,2021,0.03,0.22734930609775603,-0.19734930609775603
Morocco,MAR,600,2021,0.156,0.35230747316344263,-0.19630747316344263
China,CHN,710,2021,0.037,0.2295756809670785,-0.1925756809670785
Saudi Arabia,SAU,670,2021,0.023,0.21535650582465513,-0.19235650582465513
Venezuela,VEN,101,2021,0.156,0.3480134135413531,-0.19201341354135312
Ethiopia,ETH,530,2021,0.159,0.339115443242591,-0.18011544324259102
Bahrain,BHR,692,2021,0.043,0.2224289569365684,-0.1794289569365684
Azerbaijan,AZE,373,2021,0.057,0.23485882200618485,-0.17785882200618486
Belarus,BLR,370,2021,0.06,0.23599776787183194,-0.17599776787183194
Iran,IRN,630,2021,0.038,0.2036008716316614,-0.1656008716316614
Kazakhstan,KAZ,705,2021,0.091,0.2561662820771454,-0.16516628207714543
Egypt,EGY,651,2021,0.072,0.23599776787183194,-0.16399776787183196
Qatar,QAT,694,2021,0.02,0.1793323044388958,-0.15933230443889582
Thailand,THA,800,2021,0.112,0.26839490288268103,-0.15639490288268104
Eswatini,SWZ,572,2021,0.107,0.25560063680028056,-0.14860063680028057
Cambodia,KHM,811,2021,0.07,0.2156493623384803,-0.1456493623384803
Bangladesh,BGD,771,2021,0.104,0.24957200073274788,-0.1455720007327479
Sudan,SDN,625,2021,0.089,0.2248543749971688,-0.1358543749971688
Cameroon,CMR,471,2021,0.109,0.24246606593690273,-0.13346606593690274
Comoros,COM,581,2021,0.198,0.3295413035082466,-0.1315413035082466
North Korea,PRK,731,2021,0.044,0.17204386298230556,-0.12804386298230558
Republic of the Congo,COG,484,2021,0.198,0.32089894337972047,-0.12289894337972046
Singapore,SGP,830,2021,0.112,0.23466159129123593,-0.12266159129123592
Jordan,JOR,663,2021,0.117,0.23470082429523567,-0.11770082429523566
Burma/Myanmar,MMR,775,2021,0.078,0.18451028787459492,-0.10651028787459492
Zimbabwe,ZWE,552,2021,0.227,0.33252324743046763,-0.10552324743046762
Equatorial Guinea,GNQ,411,2021,0.051,0.15366621561872112,-0.10266621561872113
Haiti,HTI,41,2021,0.204,0.30080260013576976,-0.09680260013576977
Central African Republic,CAF,482,2021,0.143,0.23599776787183194,-0.09299776787183195
Democratic Republic of the Congo,COD,490,2021,0.204,0.29698956779008157,-0.09298956779008158
Laos,LAO,812,2021,0.12,0.21280689505865585,-0.09280689505865586
Russia,RUS,365,2021,0.153,0.24230960582927086,-0.08930960582927086
Uganda,UGA,500,2021,0.171,0.2582928338472792,-0.08729283384727918
Benin,BEN,434,2021,0.237,0.3179801203216015,-0.08098012032160151
Mozambique,MOZ,541,2021,0.246,0.3250653436382763,-0.07906534363827633
Rwanda,RWA,517,2021,0.167,0.23599776787183194,-0.06899776787183193
Djibouti,DJI,522,2021,0.134,0.2018125333477008,-0.06781253334770079
Libya,LBY,620,2021,0.156,0.22368045760900954,-0.06768045760900954
Papua New Guinea,PNG,910,2021,0.274,0.33949750362348163,-0.06549750362348161
Fiji,FJI,950,2021,0.201,0.26562553359996127,-0.06462553359996126
Türkiye,TUR,640,2021,0.175,0.23599776787183194,-0.06099776787183195
Guinea,GIN,438,2021,0.181,0.23599776787183194,-0.05499776787183194
Vietnam,VNM,816,2021,0.169,0.22059098889125492,-0.05159098889125491
Mali,MLI,432,2021,0.173,0.22362509746080947,-0.05062509746080948
Colombia,COL,100,2021,0.454,0.5007145717180019,-0.04671457171800192
Montenegro,MNE,341,2021,0.32,0.3587273189770485,-0.03872731897704851
El Salvador,SLV,92,2021,0.233,0.2631919591239432,-0.030191959123943207
Zambia,ZMB,551,2021,0.292,0.3145567530305381,-0.022556753030538113
Iraq,IRQ,645,2021,0.233,0.2523528513023928,-0.01935285130239281
Seychelles,SYC,591,2021,0.306,0.31809167403997674,-0.01209167403997674
Maldives,MDV,781,2021,0.328,0.3387056551379853,-0.01070565513798527
Guatemala,GTM,90,2021,0.331,0.34154791282322,-0.010547912823219985
Bolivia,BOL,145,2021,0.429,0.4362753521770322,-0.007275352177032235
Guyana,GUY,110,2021,0.292,0.29636012745403256,-0.004360127454032581
Albania,ALB,339,2021,0.324,0.3275058031844107,-0.003505803184410683
Ivory Coast,CIV,437,2021,0.303,0.3065015266544901,-0.003501526654490106
Ghana,GHA,452,2021,0.322,0.3222932139339415,-0.0002932139339414941
The Gambia,GMB,420,2021,0.324,0.3226108331709133,0.0013891668290866854
Honduras,HND,91,2021,0.265,0.2602592846018705,0.004740715398129536
Kuwait,KWT,690,2021,0.087,0.07982724171598038,0.007172758284019615
Ukraine,UKR,369,2021,0.335,0.3236611499190183,0.011338850080981733
Lebanon,LBN,660,2021,0.24,0.22839020971308951,0.011609790286910476
Togo,TGO,461,2021,0.249,0.23599776787183194,0.013002232128168062
Georgia,GEO,372,2021,0.373,0.3587268035048904,0.014273196495109608
India,IND,750,2021,0.255,0.23975036307160524,0.01524963692839476
Mongolia,MNG,712,2021,0.315,0.2997038347137874,0.015296165286212582
North Macedonia,MKD,343,2021,0.399,0.3800481370502736,0.018951862949726395
Paraguay,PRY,150,2021,0.353,0.33363717225213196,0.019362827747868017
Gabon,GAB,481,2021,0.252,0.23170801605483154,0.020291983945168457
Mauritania,MRT,435,2021,0.246,0.2224289569365684,0.023571043063431607
Pakistan,PAK,770,2021,0.252,0.22839020971308951,0.023609790286910487
Tanzania,TZA,510,2021,0.253,0.22839020971308951,0.024609790286910488
Madagascar,MDG,580,2021,0.282,0.25560063680028056,0.026399363199719417
Hungary,HUN,310,2021,0.301,0.26839490288268103,0.03260509711731896
Bhutan,BTN,760,2021,0.367,0.3298515883867434,0.037148411613256604
Burkina Faso,BFA,439,2021,0.352,0.31456812461040556,0.037431875389594416
Mauritius,MUS,590,2021,0.335,0.29699399315757785,0.03800600684242217
Poland,POL,290,2021,0.368,0.32714172837350425,0.040858271626495746
Philippines,PHL,840,2021,0.28,0.23599776787183194,0.04400223212816809
Indonesia,IDN,850,2021,0.358,0.31220478781439254,0.04579521218560745
Guinea-Bissau,GNB,404,2021,0.243,0.1955450358045438,0.047454964195456195
Malaysia,MYS,820,2021,0.272,0.22362509746080947,0.04837490253919055
Nigeria,NGA,475,2021,0.327,0.2722518837092905,0.054748116290709525
Nepal,NPL,790,2021,0.394,0.33174201052048236,0.06225798947951766
Bosnia and Herzegovina,BIH,346,2021,0.303,0.22404859922853698,0.07895140077146301
Kosovo,XKX,347,2021,0.407,0.3257888204189004,0.08121117958109958
Namibia,NAM,565,2021,0.376,0.2876219390575796,0.0883780609424204
Liberia,LBR,450,2021,0.334,0.23599776787183194,0.09800223212816808
Barbados,BRB,53,2021,0.355,0.25387453413743327,0.10112546586256671
Armenia,ARM,371,2021,0.456,0.3531375022863259,0.10286249771367412
Kenya,KEN,501,2021,0.341,0.23599776787183194,0.10500223212816809
Niger,NER,436,2021,0.341,0.23599776787183194,0.10500223212816809
Ecuador,ECU,130,2021,0.425,0.30631414854210437,0.11868585145789562
Cape Verde,CPV,402,2021,0.474,0.3550508765731324,0.11894912342686759
Sierra Leone,SLE,451,2021,0.375,0.25560063680028056,0.11939936319971944
Panama,PAN,95,2021,0.435,0.3140176077612009,0.12098239223879909
Sri Lanka,LKA,780,2021,0.344,0.22075709498274415,0.12324290501725582
Lesotho,LSO,570,2021,0.384,0.24909939970135345,0.13490060029864656
Sao Tome and Principe,STP,403,2021,0.411,0.2678827345134419,0.14311726548655807
Botswana,BWA,571,2021,0.393,0.24953978411645997,0.14346021588354005
Timor-Leste,TLS,860,2021,0.415,0.27032718777930964,0.14467281222069034
Solomon Islands,SLB,940,2021,0.405,0.25387453413743327,0.15112546586256675
Slovenia,SVN,349,2021,0.502,0.350511823193692,0.151488176806308
Malawi,MWI,553,2021,0.398,0.24199850929357722,0.1560014907064228
Bulgaria,BGR,355,2021,0.478,0.31831259207851015,0.15968740792148983
Mexico,MEX,70,2021,0.399,0.23599776787183194,0.16300223212816808
Dominican Republic,DOM,42,2021,0.469,0.2710870999296797,0.19791290007032025
Brazil,BRA,140,2021,0.437,0.23599776787183194,0.20100223212816806
Croatia,HRV,344,2021,0.507,0.30476227275139717,0.20223772724860284
Argentina,ARG,160,2021,0.534,0.32131597511736215,0.21268402488263788
Greece,GRC,350,2021,0.528,0.31350079001939457,0.21449920998060545
Czechia,CZE,316,2021,0.522,0.2951617861816574,0.22683821381834263
South Africa,ZAF,560,2021,0.464,0.23599776787183194,0.2280022321281681
Cyprus,CYP,352,2021,0.522,0.2889554962305548,0.23304450376944524
Senegal,SEN,433,2021,0.452,0.20800500013583367,0.24399499986416634
Israel,ISR,666,2021,0.473,0.22839020971308951,0.24460979028691046
Romania,ROU,360,2021,0.58,0.3304105336407134,0.24958946635928658
Vanuatu,VUT,935,2021,0.489,0.2344289365181334,0.2545710634818666
Spain,ESP,230,2021,0.601,0.3444430834000345,0.2565569165999655
Peru,PER,135,2021,0.553,0.295279069004167,0.25772093099583304
Trinidad and Tobago,TTO,52,2021,0.506,0.24736801694635557,0.25863198305364443
Lithuania,LTU,368,2021,0.592,0.32732910648589,0.26467089351411
Jamaica,JAM,51,2021,0.526,0.25728986390028535,0.26871013609971467
Suriname,SUR,115,2021,0.494,0.22362509746080947,0.2703749025391905
Chile,CHL,155,2021,0.592,0.31983372365575424,0.27216627634424573
Japan,JPN,740,2021,0.532,0.24907010953681996,0.28292989046318007
South Korea,KOR,732,2021,0.585,0.29986260935205666,0.2851373906479433
Portugal,PRT,235,2021,0.621,0.3275058031844107,0.2934941968155893
Moldova,MDA,359,2021,0.53,0.23599776787183194,0.2940022321281681
Malta,MLT,338,2021,0.547,0.237676968520765,0.309323031479235
United States of America,USA,2,2021,0.583,0.23440004128842698,0.348599958711573
Estonia,EST,366,2021,0.639,0.2834824404873524,0.35551755951264763
Netherlands,NLD,210,2021,0.587,0.22839020971308951,0.3586097902869104
Finland,FIN,375,2021,0.617,0.2523528513023928,0.36464714869760717
Uruguay,URY,165,2021,0.675,0.3097751994257511,0.36522480057424894
Slovakia,SVK,317,2021,0.607,0.23599776787183194,0.3710022321281681
Australia,AUS,900,2021,0.595,0.22362509746080947,0.3713749025391905
Latvia,LVA,367,2021,0.606,0.22839020971308951,0.37760979028691044
France,FRA,220,2021,0.61,0.223447802835907,0.38655219716409295
Austria,AUT,305,2021,0.617,0.22839020971308951,0.38860979028691045
Canada,CAN,20,2021,0.586,0.19704616810463343,0.38895383189536653
Luxembourg,LUX,212,2021,0.614,0.22362509746080947,0.3903749025391905
Belgium,BEL,211,2021,0.64,0.23470082429523567,0.40529917570476437
Taiwan,TWN,713,2021,0.63,0.22083073650195503,0.40916926349804494
Sweden,SWE,380,2021,0.646,0.22839020971308951,0.4176097902869105
Costa Rica,CRI,94,2021,0.649,0.22839020971308951,0.4206097902869105
Italy,ITA,325,2021,0.675,0.25183483096895454,0.4231651690310455
Iceland,ISL,395,2021,0.612,0.16813103527982848,0.4438689647201715
New Zealand,NZL,920,2021,0.672,0.22557458343330622,0.4464254165666938
Ireland,IRL,205,2021,0.634,0.17464500382832374,0.4593549961716763
Denmark,DNK,390,2021,0.694,0.1460435799645855,0.5479564200354144
Switzerland,CHE,225,2021,0.798,0.23599776787183194,0.5620022321281681
Nicaragua,NIC,93,2022,0.102,0.3981160647918886,-0.2961160647918886
Cuba,CUB,40,2022,0.055,0.34238607522061676,-0.28738607522061677
Eritrea,ERI,531,2022,0.01,0.2906653277643212,-0.2806653277643212
Afghanistan,AFG,700,2022,0.011,0.2506267486395456,-0.23962674863954558
Uzbekistan,UZB,704,2022,0.062,0.2995169402960606,-0.23751694029606057
Algeria,DZA,615,2022,0.101,0.309256320240717,-0.20825632024071697
Venezuela,VEN,101,2022,0.14,0.3480134135413531,-0.2080134135413531
Angola,AGO,540,2022,0.1,0.30631414854210437,-0.20631414854210436
Tajikistan,TJK,702,2022,0.055,0.25303917337479476,-0.19803917337479476
United Arab Emirates,ARE,696,2022,0.03,0.22734930609775603,-0.19734930609775603
Morocco,MAR,600,2022,0.155,0.35230747316344263,-0.19730747316344263
China,CHN,710,2022,0.037,0.2295756809670785,-0.1925756809670785
Saudi Arabia,SAU,670,2022,0.028,0.21535650582465513,-0.18735650582465513
Haiti,HTI,41,2022,0.118,0.30080260013576976,-0.18280260013576977
Azerbaijan,AZE,373,2022,0.054,0.23485882200618485,-0.18085882200618486
Ethiopia,ETH,530,2022,0.165,0.339115443242591,-0.174115443242591
Belarus,BLR,370,2022,0.062,0.23599776787183194,-0.17399776787183194
Iran,IRN,630,2022,0.034,0.2036008716316614,-0.1696008716316614
Bahrain,BHR,692,2022,0.053,0.2224289569365684,-0.1694289569365684
Qatar,QAT,694,2022,0.018,0.1793323044388958,-0.16133230443889582
Thailand,THA,800,2022,0.112,0.26839490288268103,-0.15639490288268104
Egypt,EGY,651,2022,0.08,0.23599776787183194,-0.15599776787183195
Cambodia,KHM,811,2022,0.066,0.2156493623384803,-0.1496493623384803
Eswatini,SWZ,572,2022,0.109,0.25560063680028056,-0.14660063680028057
Kazakhstan,KAZ,705,2022,0.11,0.2561662820771454,-0.14616628207714544
Sudan,SDN,625,2022,0.084,0.2248543749971688,-0.1408543749971688
Bangladesh,BGD,771,2022,0.109,0.24957200073274788,-0.1405720007327479
Burma/Myanmar,MMR,775,2022,0.048,0.18451028787459492,-0.1365102878745949
Comoros,COM,581,2022,0.194,0.3295413035082466,-0.1355413035082466
North Korea,PRK,731,2022,0.044,0.17204386298230556,-0.12804386298230558
Republic of the Congo,COG,484,2022,0.193,0.32089894337972047,-0.12789894337972046
Singapore,SGP,830,2022,0.111,0.23466159129123593,-0.12366159129123593
Cameroon,CMR,471,2022,0.123,0.24246606593690273,-0.11946606593690273
Jordan,JOR,663,2022,0.121,0.23470082429523567,-0.11370082429523568
Zimbabwe,ZWE,552,2022,0.221,0.33252324743046763,-0.11152324743046763
Central African Republic,CAF,482,2022,0.128,0.23599776787183194,-0.10799776787183193
Russia,RUS,365,2022,0.135,0.24230960582927086,-0.10730960582927085
Equatorial Guinea,GNQ,411,2022,0.05,0.15366621561872112,-0.10366621561872112
Democratic Republic of the Congo,COD,490,2022,0.198,0.29698956779008157,-0.09898956779008156
Laos,LAO,812,2022,0.114,0.21280689505865585,-0.09880689505865585
Mozambique,MOZ,541,2022,0.233,0.3250653436382763,-0.09206534363827631
Uganda,UGA,500,2022,0.17,0.2582928338472792,-0.08829283384727918
Guinea,GIN,438,2022,0.148,0.23599776787183194,-0.08799776787183194
Rwanda,RWA,517,2022,0.163,0.23599776787183194,-0.07299776787183193
Libya,LBY,620,2022,0.155,0.22368045760900954,-0.06868045760900954
Türkiye,TUR,640,2022,0.168,0.23599776787183194,-0.06799776787183193
Benin,BEN,434,2022,0.25,0.3179801203216015,-0.0679801203216015
Ukraine,UKR,369,2022,0.257,0.3236611499190183,-0.06666114991901828
Vietnam,VNM,816,2022,0.159,0.22059098889125492,-0.061590988891254916
Papua New Guinea,PNG,910,2022,0.28,0.33949750362348163,-0.05949750362348161
Djibouti,DJI,522,2022,0.144,0.2018125333477008,-0.05781253334770081
Fiji,FJI,950,2022,0.212,0.26562553359996127,-0.05362553359996128
Mali,MLI,432,2022,0.17,0.22362509746080947,-0.05362509746080946
Guatemala,GTM,90,2022,0.289,0.34154791282322,-0.05254791282322002
El Salvador,SLV,92,2022,0.222,0.2631919591239432,-0.04119195912394322
Montenegro,MNE,341,2022,0.319,0.3587273189770485,-0.03972731897704851
Bolivia,BOL,145,2022,0.412,0.4362753521770322,-0.02427535217703225
Iraq,IRQ,645,2022,0.234,0.2523528513023928,-0.01835285130239281
Guinea-Bissau,GNB,404,2022,0.178,0.1955450358045438,-0.017545035804543807
Colombia,COL,100,2022,0.488,0.5007145717180019,-0.012714571718001944
Mongolia,MNG,712,2022,0.288,0.2997038347137874,-0.011703834713787442
Albania,ALB,339,2022,0.317,0.3275058031844107,-0.01050580318441069
Ivory Coast,CIV,437,2022,0.299,0.3065015266544901,-0.007501526654490109
Guyana,GUY,110,2022,0.289,0.29636012745403256,-0.007360127454032583
Maldives,MDV,781,2022,0.332,0.3387056551379853,-0.006705655137985267
North Macedonia,MKD,343,2022,0.374,0.3800481370502736,-0.006048137050273628
Ghana,GHA,452,2022,0.32,0.3222932139339415,-0.002293213933941496
Seychelles,SYC,591,2022,0.321,0.31809167403997674,0.0029083259600232725
Lebanon,LBN,660,2022,0.234,0.22839020971308951,0.005609790286910499
Georgia,GEO,372,2022,0.371,0.3587268035048904,0.012273196495109606
Gabon,GAB,481,2022,0.244,0.23170801605483154,0.01229198394516845
India,IND,750,2022,0.253,0.23975036307160524,0.013249636928394759
Togo,TGO,461,2022,0.252,0.23599776787183194,0.016002232128168065
Pakistan,PAK,770,2022,0.245,0.22839020971308951,0.01660979028691048
Kuwait,KWT,690,2022,0.098,0.07982724171598038,0.018172758284019624
Paraguay,PRY,150,2022,0.352,0.33363717225213196,0.018362827747868016
Mauritius,MUS,590,2022,0.319,0.29699399315757785,0.022006006842422154
Bhutan,BTN,760,2022,0.352,0.3298515883867434,0.02214841161325659
Madagascar,MDG,580,2022,0.28,0.25560063680028056,0.02439936319971947
Mauritania,MRT,435,2022,0.247,0.2224289569365684,0.024571043063431608
Tanzania,TZA,510,2022,0.258,0.22839020971308951,0.029609790286910492
Poland,POL,290,2022,0.357,0.32714172837350425,0.029858271626495736
Hungary,HUN,310,2022,0.299,0.26839490288268103,0.030605097117318958
Philippines,PHL,840,2022,0.279,0.23599776787183194,0.04300223212816809
Zambia,ZMB,551,2022,0.361,0.3145567530305381,0.04644324696946189
Malaysia,MYS,820,2022,0.273,0.22362509746080947,0.04937490253919055
Armenia,ARM,371,2022,0.407,0.3531375022863259,0.05386249771367407
Nigeria,NGA,475,2022,0.327,0.2722518837092905,0.054748116290709525
Indonesia,IDN,850,2022,0.375,0.31220478781439254,0.06279521218560746
The Gambia,GMB,420,2022,0.394,0.3226108331709133,0.07138916682908669
Kosovo,XKX,347,2022,0.401,0.3257888204189004,0.07521117958109963
Bosnia and Herzegovina,BIH,346,2022,0.308,0.22404859922853698,0.08395140077146301
Namibia,NAM,565,2022,0.378,0.2876219390575796,0.0903780609424204
Honduras,HND,91,2022,0.351,0.2602592846018705,0.0907407153981295
Niger,NER,436,2022,0.328,0.23599776787183194,0.09200223212816808
Nepal,NPL,790,2022,0.424,0.33174201052048236,0.09225798947951763
Barbados,BRB,53,2022,0.351,0.25387453413743327,0.0971254658625667
Liberia,LBR,450,2022,0.335,0.23599776787183194,0.09900223212816808
Cape Verde,CPV,402,2022,0.459,0.3550508765731324,0.10394912342686763
Panama,PAN,95,2022,0.423,0.3140176077612009,0.10898239223879908
Sierra Leone,SLE,451,2022,0.368,0.25560063680028056,0.11239936319971944
Botswana,BWA,571,2022,0.372,0.24953978411645997,0.12246021588354003
Kenya,KEN,501,2022,0.37,0.23599776787183194,0.13400223212816806
Sao Tome and Principe,STP,403,2022,0.408,0.2678827345134419,0.14011726548655806
Sri Lanka,LKA,780,2022,0.361,0.22075709498274415,0.14024290501725584
Malawi,MWI,553,2022,0.388,0.24199850929357722,0.1460014907064228
Solomon Islands,SLB,940,2022,0.406,0.25387453413743327,0.15212546586256676
Ecuador,ECU,130,2022,0.46,0.30631414854210437,0.15368585145789565
Bulgaria,BGR,355,2022,0.473,0.31831259207851015,0.15468740792148983
Lesotho,LSO,570,2022,0.406,0.24909939970135345,0.15690060029864658
Romania,ROU,360,2022,0.502,0.3304105336407134,0.17158946635928662
Mexico,MEX,70,2022,0.408,0.23599776787183194,0.17200223212816804
Timor-Leste,TLS,860,2022,0.445,0.27032718777930964,0.17467281222069037
Croatia,HRV,344,2022,0.495,0.30476227275139717,0.19023772724860283
Dominican Republic,DOM,42,2022,0.463,0.2710870999296797,0.1919129000703203
Peru,PER,135,2022,0.505,0.295279069004167,0.209720930995833
Cyprus,CYP,352,2022,0.501,0.2889554962305548,0.21204450376944523
Brazil,BRA,140,2022,0.449,0.23599776787183194,0.21300223212816807
Greece,GRC,350,2022,0.529,0.31350079001939457,0.21549920998060546
South Africa,ZAF,560,2022,0.459,0.23599776787183194,0.22300223212816808
Senegal,SEN,433,2022,0.437,0.20800500013583367,0.22899499986416633
Slovenia,SVN,349,2022,0.582,0.350511823193692,0.23148817680630795
Israel,ISR,666,2022,0.465,0.22839020971308951,0.2366097902869105
South Korea,KOR,732,2022,0.537,0.29986260935205666,0.23713739064794337
Argentina,ARG,160,2022,0.563,0.32131597511736215,0.2416840248826378
Portugal,PRT,235,2022,0.578,0.3275058031844107,0.25049419681558927
Trinidad and Tobago,TTO,52,2022,0.499,0.24736801694635557,0.2516319830536444
Vanuatu,VUT,935,2022,0.492,0.2344289365181334,0.2575710634818666
Lithuania,LTU,368,2022,0.585,0.32732910648589,0.25767089351411
Czechia,CZE,316,2022,0.559,0.2951617861816574,0.26383821381834266
Spain,ESP,230,2022,0.612,0.3444430834000345,0.2675569165999655
Chile,CHL,155,2022,0.591,0.31983372365575424,0.2711662763442457
Jamaica,JAM,51,2022,0.533,0.25728986390028535,0.2757101360997147
Japan,JPN,740,2022,0.529,0.24907010953681996,0.27992989046318006
Suriname,SUR,115,2022,0.509,0.22362509746080947,0.2853749025391905
Moldova,MDA,359,2022,0.536,0.23599776787183194,0.3000022321281681
Malta,MLT,338,2022,0.552,0.237676968520765,0.314323031479235
Uruguay,URY,165,2022,0.652,0.3097751994257511,0.3422248005742489
Estonia,EST,366,2022,0.63,0.2834824404873524,0.3465175595126476
Luxembourg,LUX,212,2022,0.572,0.22362509746080947,0.34837490253919046
Netherlands,NLD,210,2022,0.578,0.22839020971308951,0.3496097902869104
United States of America,USA,2,2022,0.594,0.23440004128842698,0.359599958711573
Finland,FIN,375,2022,0.615,0.2523528513023928,0.36264714869760717
Slovakia,SVK,317,2022,0.599,0.23599776787183194,0.36300223212816807
Latvia,LVA,367,2022,0.6,0.22839020971308951,0.37160979028691044
Austria,AUT,305,2022,0.6,0.22839020971308951,0.37160979028691044
France,FRA,220,2022,0.604,0.223447802835907,0.38055219716409294
Australia,AUS,900,2022,0.606,0.22362509746080947,0.3823749025391905
Canada,CAN,20,2022,0.588,0.19704616810463343,0.39095383189536653
Costa Rica,CRI,94,2022,0.628,0.22839020971308951,0.39960979028691046
Belgium,BEL,211,2022,0.638,0.23470082429523567,0.40329917570476437
Italy,ITA,325,2022,0.658,0.25183483096895454,0.4061651690310455
Sweden,SWE,380,2022,0.639,0.22839020971308951,0.41060979028691047
Taiwan,TWN,713,2022,0.653,0.22083073650195503,0.43216926349804496
Iceland,ISL,395,2022,0.607,0.16813103527982848,0.4388689647201715
New Zealand,NZL,920,2022,0.666,0.22557458343330622,0.4404254165666938
Ireland,IRL,205,2022,0.628,0.17464500382832374,0.4533549961716763
Denmark,DNK,390,2022,0.702,0.1460435799645855,0.5559564200354145
Switzerland,CHE,225,2022,0.795,0.23599776787183194,0.5590022321281681
Nicaragua,NIC,93,2023,0.102,0.3981160647918886,-0.2961160647918886
Cuba,CUB,40,2023,0.054,0.34238607522061676,-0.28838607522061677
Eritrea,ERI,531,2023,0.011,0.2906653277643212,-0.2796653277643212
Afghanistan,AFG,700,2023,0.01,0.2506267486395456,-0.24062674863954558
Algeria,DZA,615,2023,0.098,0.309256320240717,-0.21125632024071697
Angola,AGO,540,2023,0.1,0.30631414854210437,-0.20631414854210436
Tajikistan,TJK,702,2023,0.054,0.25303917337479476,-0.19903917337479476
Morocco,MAR,600,2023,0.154,0.35230747316344263,-0.19830747316344263
United Arab Emirates,ARE,696,2023,0.03,0.22734930609775603,-0.19734930609775603
China,CHN,710,2023,0.033,0.2295756809670785,-0.1965756809670785
Venezuela,VEN,101,2023,0.155,0.3480134135413531,-0.19301341354135312
Saudi Arabia,SAU,670,2023,0.024,0.21535650582465513,-0.19135650582465513
Chad,TCD,483,2023,0.106,0.29331500452542014,-0.18731500452542016
Ethiopia,ETH,530,2023,0.152,0.339115443242591,-0.18711544324259102
Azerbaijan,AZE,373,2023,0.051,0.23485882200618485,-0.18385882200618486
Haiti,HTI,41,2023,0.117,0.30080260013576976,-0.18380260013576977
Belarus,BLR,370,2023,0.056,0.23599776787183194,-0.17999776787183194
Iran,IRN,630,2023,0.035,0.2036008716316614,-0.1686008716316614
Bahrain,BHR,692,2023,0.054,0.2224289569365684,-0.1684289569365684
Qatar,QAT,694,2023,0.017,0.1793323044388958,-0.1623323044388958
Egypt,EGY,651,2023,0.08,0.23599776787183194,-0.15599776787183195
Sudan,SDN,625,2023,0.073,0.2248543749971688,-0.1518543749971688
Cambodia,KHM,811,2023,0.064,0.2156493623384803,-0.1516493623384803
Eswatini,SWZ,572,2023,0.11,0.25560063680028056,-0.14560063680028057
Bangladesh,BGD,771,2023,0.108,0.24957200073274788,-0.1415720007327479
Comoros,COM,581,2023,0.19,0.3295413035082466,-0.13954130350824662
Burma/Myanmar,MMR,775,2023,0.046,0.18451028787459492,-0.1385102878745949
Kazakhstan,KAZ,705,2023,0.124,0.2561662820771454,-0.13216628207714542
Cameroon,CMR,471,2023,0.111,0.24246606593690273,-0.13146606593690274
Guinea,GIN,438,2023,0.107,0.23599776787183194,-0.12899776787183193
North Korea,PRK,731,2023,0.044,0.17204386298230556,-0.12804386298230558
Zimbabwe,ZWE,552,2023,0.207,0.33252324743046763,-0.12552324743046764
Singapore,SGP,830,2023,0.111,0.23466159129123593,-0.12366159129123593
Thailand,THA,800,2023,0.145,0.26839490288268103,-0.12339490288268104
Republic of the Congo,COG,484,2023,0.198,0.32089894337972047,-0.12289894337972046
Russia,RUS,365,2023,0.124,0.24230960582927086,-0.11830960582927086
Jordan,JOR,663,2023,0.121,0.23470082429523567,-0.11370082429523568
Uganda,UGA,500,2023,0.151,0.2582928338472792,-0.1072928338472792
Equatorial Guinea,GNQ,411,2023,0.051,0.15366621561872112,-0.10266621561872113
Central African Republic,CAF,482,2023,0.135,0.23599776787183194,-0.10099776787183193
Laos,LAO,812,2023,0.114,0.21280689505865585,-0.09880689505865585
Rwanda,RWA,517,2023,0.138,0.23599776787183194,-0.09799776787183193
Mozambique,MOZ,541,2023,0.229,0.3250653436382763,-0.09606534363827632
Democratic Republic of the Congo,COD,490,2023,0.208,0.29698956779008157,-0.08898956779008158
Libya,LBY,620,2023,0.152,0.22368045760900954,-0.07168045760900954
Türkiye,TUR,640,2023,0.166,0.23599776787183194,-0.06999776787183193
Ukraine,UKR,369,2023,0.258,0.3236611499190183,-0.06566114991901828
Papua New Guinea,PNG,910,2023,0.28,0.33949750362348163,-0.05949750362348161
Djibouti,DJI,522,2023,0.144,0.2018125333477008,-0.05781253334770081
Guatemala,GTM,90,2023,0.284,0.34154791282322,-0.05754791282322003
Vietnam,VNM,816,2023,0.164,0.22059098889125492,-0.05659098889125491
El Salvador,SLV,92,2023,0.221,0.2631919591239432,-0.04219195912394322
Benin,BEN,434,2023,0.277,0.3179801203216015,-0.040980120321601476
Bolivia,BOL,145,2023,0.401,0.4362753521770322,-0.035275352177032204
Mongolia,MNG,712,2023,0.265,0.2997038347137874,-0.03470383471378741
Iraq,IRQ,645,2023,0.233,0.2523528513023928,-0.01935285130239281
Armenia,ARM,371,2023,0.334,0.3531375022863259,-0.01913750228632588
Guyana,GUY,110,2023,0.281,0.29636012745403256,-0.015360127454032535
Albania,ALB,339,2023,0.313,0.3275058031844107,-0.014505803184410693
Lebanon,LBN,660,2023,0.218,0.22839020971308951,-0.010390209713089515
Ivory Coast,CIV,437,2023,0.299,0.3065015266544901,-0.007501526654490109
Togo,TGO,461,2023,0.229,0.23599776787183194,-0.006997767871831928
Colombia,COL,100,2023,0.494,0.5007145717180019,-0.006714571718001938
North Macedonia,MKD,343,2023,0.374,0.3800481370502736,-0.006048137050273628
Gabon,GAB,481,2023,0.226,0.23170801605483154,-0.005708016054831538
India,IND,750,2023,0.236,0.23975036307160524,-0.003750363071605256
Maldives,MDV,781,2023,0.335,0.3387056551379853,-0.0037056551379852642
Ghana,GHA,452,2023,0.319,0.3222932139339415,-0.0032932139339414968
Pakistan,PAK,770,2023,0.226,0.22839020971308951,-0.0023902097130895084
Seychelles,SYC,591,2023,0.317,0.31809167403997674,-0.001091674039976731
Georgia,GEO,372,2023,0.358,0.3587268035048904,-0.0007268035048904053
Fiji,FJI,950,2023,0.265,0.26562553359996127,-0.0006255335999612588
Guinea-Bissau,GNB,404,2023,0.199,0.1955450358045438,0.0034549641954562116
Mauritius,MUS,590,2023,0.302,0.29699399315757785,0.005006006842422139
Bhutan,BTN,760,2023,0.338,0.3298515883867434,0.008148411613256634
Madagascar,MDG,580,2023,0.266,0.25560063680028056,0.010399363199719458
Mauritania,MRT,435,2023,0.233,0.2224289569365684,0.010571043063431623
Paraguay,PRY,150,2023,0.347,0.33363717225213196,0.013362827747868011
Hungary,HUN,310,2023,0.283,0.26839490288268103,0.014605097117318944
Kuwait,KWT,690,2023,0.102,0.07982724171598038,0.022172758284019614
Montenegro,MNE,341,2023,0.382,0.3587273189770485,0.02327268102295149
Tanzania,TZA,510,2023,0.259,0.22839020971308951,0.030609790286910493
Indonesia,IDN,850,2023,0.352,0.31220478781439254,0.03979521218560744
Niger,NER,436,2023,0.278,0.23599776787183194,0.04200223212816809
Poland,POL,290,2023,0.373,0.32714172837350425,0.04585827162649575
Philippines,PHL,840,2023,0.282,0.23599776787183194,0.046002232128168036
Zambia,ZMB,551,2023,0.366,0.3145567530305381,0.0514432469694619
Nigeria,NGA,475,2023,0.325,0.2722518837092905,0.052748116290709524
Namibia,NAM,565,2023,0.35,0.2876219390575796,0.06237806094242038
Botswana,BWA,571,2023,0.317,0.24953978411645997,0.06746021588354004
Honduras,HND,91,2023,0.333,0.2602592846018705,0.07274071539812954
Bosnia and Herzegovina,BIH,346,2023,0.299,0.22404859922853698,0.074951400771463
Sierra Leone,SLE,451,2023,0.332,0.25560063680028056,0.07639936319971946
Kosovo,XKX,347,2023,0.404,0.3257888204189004,0.07821117958109963
Malaysia,MYS,820,2023,0.306,0.22362509746080947,0.08237490253919053
The Gambia,GMB,420,2023,0.406,0.3226108331709133,0.0833891668290867
Barbados,BRB,53,2023,0.35,0.25387453413743327,0.0961254658625667
Cape Verde,CPV,402,2023,0.457,0.3550508765731324,0.10194912342686763
Liberia,LBR,450,2023,0.338,0.23599776787183194,0.10200223212816809
Panama,PAN,95,2023,0.418,0.3140176077612009,0.10398239223879907
Nepal,NPL,790,2023,0.455,0.33174201052048236,0.12325798947951766
Malawi,MWI,553,2023,0.369,0.24199850929357722,0.12700149070642278
Sao Tome and Principe,STP,403,2023,0.403,0.2678827345134419,0.1351172654865581
Kenya,KEN,501,2023,0.375,0.23599776787183194,0.13900223212816806
Sri Lanka,LKA,780,2023,0.361,0.22075709498274415,0.14024290501725584
Romania,ROU,360,2023,0.473,0.3304105336407134,0.1425894663592866
Bulgaria,BGR,355,2023,0.465,0.31831259207851015,0.14668740792148988
Mexico,MEX,70,2023,0.388,0.23599776787183194,0.15200223212816807
Solomon Islands,SLB,940,2023,0.411,0.25387453413743327,0.1571254658625667
Lesotho,LSO,570,2023,0.412,0.24909939970135345,0.16290060029864653
South Korea,KOR,732,2023,0.478,0.29986260935205666,0.17813739064794332
Dominican Republic,DOM,42,2023,0.45,0.2710870999296797,0.1789129000703203
Timor-Leste,TLS,860,2023,0.45,0.27032718777930964,0.17967281222069037
Peru,PER,135,2023,0.477,0.295279069004167,0.18172093099583297
Ecuador,ECU,130,2023,0.491,0.30631414854210437,0.18468585145789562
Croatia,HRV,344,2023,0.49,0.30476227275139717,0.18523772724860282
Senegal,SEN,433,2023,0.401,0.20800500013583367,0.19299499986416635
Greece,GRC,350,2023,0.508,0.31350079001939457,0.19449920998060544
Slovenia,SVN,349,2023,0.559,0.350511823193692,0.20848817680630805
Cyprus,CYP,352,2023,0.498,0.2889554962305548,0.20904450376944522
South Africa,ZAF,560,2023,0.449,0.23599776787183194,0.21300223212816807
Israel,ISR,666,2023,0.462,0.22839020971308951,0.2336097902869105
Lithuania,LTU,368,2023,0.574,0.32732910648589,0.24667089351410998
Portugal,PRT,235,2023,0.575,0.3275058031844107,0.24749419681558926
Argentina,ARG,160,2023,0.569,0.32131597511736215,0.2476840248826378
Spain,ESP,230,2023,0.593,0.3444430834000345,0.24855691659996548
Trinidad and Tobago,TTO,52,2023,0.499,0.24736801694635557,0.2516319830536444
Jamaica,JAM,51,2023,0.52,0.25728986390028535,0.26271013609971466
Vanuatu,VUT,935,2023,0.503,0.2344289365181334,0.2685710634818666
Moldova,MDA,359,2023,0.506,0.23599776787183194,0.2700022321281681
Suriname,SUR,115,2023,0.494,0.22362509746080947,0.2703749025391905
Czechia,CZE,316,2023,0.569,0.2951617861816574,0.27383821381834256
Chile,CHL,155,2023,0.594,0.31983372365575424,0.27416627634424573
Japan,JPN,740,2023,0.532,0.24907010953681996,0.28292989046318007
Malta,MLT,338,2023,0.547,0.237676968520765,0.309323031479235
Brazil,BRA,140,2023,0.549,0.23599776787183194,0.31300223212816813
Estonia,EST,366,2023,0.625,0.2834824404873524,0.3415175595126476
Finland,FIN,375,2023,0.595,0.2523528513023928,0.34264714869760715
Luxembourg,LUX,212,2023,0.567,0.22362509746080947,0.34337490253919045
Uruguay,URY,165,2023,0.661,0.3097751994257511,0.35122480057424893
Netherlands,NLD,210,2023,0.581,0.22839020971308951,0.3526097902869104
Slovakia,SVK,317,2023,0.592,0.23599776787183194,0.35600223212816806
Austria,AUT,305,2023,0.599,0.22839020971308951,0.37060979028691043
Italy,ITA,325,2023,0.627,0.25183483096895454,0.37516516903104546
United States of America,USA,2,2023,0.614,0.23440004128842698,0.37959995871157304
France,FRA,220,2023,0.605,0.223447802835907,0.38155219716409294
Costa Rica,CRI,94,2023,0.612,0.22839020971308951,0.38360979028691045
Latvia,LVA,367,2023,0.615,0.22839020971308951,0.38660979028691045
Canada,CAN,20,2023,0.588,0.19704616810463343,0.39095383189536653
Sweden,SWE,380,2023,0.631,0.22839020971308951,0.40260979028691046
Belgium,BEL,211,2023,0.638,0.23470082429523567,0.40329917570476437
Australia,AUS,900,2023,0.636,0.22362509746080947,0.4123749025391905
Taiwan,TWN,713,2023,0.642,0.22083073650195503,0.42116926349804495
Iceland,ISL,395,2023,0.602,0.16813103527982848,0.4338689647201715
New Zealand,NZL,920,2023,0.662,0.22557458343330622,0.4364254165666938
Ireland,IRL,205,2023,0.628,0.17464500382832374,0.4533549961716763
Switzerland,CHE,225,2023,0.785,0.23599776787183194,0.5490022321281681
Denmark,DNK,390,2023,0.704,0.1460435799645855,0.5579564200354145
