country_name,country_text_id,COWcode,year,v2x_polyarchy,pred,residual
Eritrea,ERI,531,2016,0.069,0.3934947343132234,-0.3244947343132234
Qatar,QAT,694,2016,0.04,0.3587442967476091,-0.3187442967476091
Egypt,EGY,651,2016,0.178,0.4927451462706107,-0.31474514627061073
Morocco,MAR,600,2016,0.266,0.5727530443546085,-0.3067530443546085
Republic of the Congo,COG,484,2016,0.247,0.5529677812331105,-0.3059677812331105
Saudi Arabia,SAU,670,2016,0.016,0.3219657060222972,-0.30596570602229717
Nicaragua,NIC,93,2016,0.305,0.6019620974330429,-0.29696209743304286
Eswatini,SWZ,572,2016,0.131,0.4258499178615787,-0.2948499178615787
Azerbaijan,AZE,373,2016,0.199,0.49067485751234924,-0.29167485751234923
North Korea,PRK,731,2016,0.085,0.3681516467596278,-0.2831516467596278
Uganda,UGA,500,2016,0.289,0.5634128013102373,-0.2744128013102373
Kyrgyzstan,KGZ,703,2016,0.447,0.716563129980692,-0.26956312998069204
Belarus,BLR,370,2016,0.256,0.5250128440306565,-0.2690128440306565
Uzbekistan,UZB,704,2016,0.169,0.4368330353354376,-0.26783303533543756
Tajikistan,TJK,702,2016,0.174,0.4396953337170719,-0.26569533371707194
China,CHN,710,2016,0.08,0.3435063421803988,-0.2635063421803988
Ethiopia,ETH,530,2016,0.226,0.48645970157512447,-0.26045970157512444
Angola,AGO,540,2016,0.29,0.5316127346532801,-0.2416127346532801
United Arab Emirates,ARE,696,2016,0.1,0.33304970756705976,-0.23304970756705976
Rwanda,RWA,517,2016,0.226,0.4588906783727329,-0.2328906783727329
Sudan,SDN,625,2016,0.219,0.45069083345742783,-0.23169083345742783
Zimbabwe,ZWE,552,2016,0.297,0.5274788937248559,-0.23047889372485592
Venezuela,VEN,101,2016,0.293,0.5072700517648042,-0.21427005176480424
Chad,TCD,483,2016,0.28,0.489828022855069,-0.20982802285506896
Maldives,MDV,781,2016,0.365,0.5663272225307856,-0.2013272225307856
North Macedonia,MKD,343,2016,0.449,0.6483936089946282,-0.19939360899462816
Armenia,ARM,371,2016,0.348,0.5431442711241234,-0.19514427112412347
Laos,LAO,812,2016,0.093,0.27914970977139075,-0.18614970977139075
Burundi,BDI,516,2016,0.166,0.34850907151234145,-0.18250907151234144
Iran,IRN,630,2016,0.186,0.3618495118525734,-0.17584951185257341
Cuba,CUB,40,2016,0.169,0.34248490489169897,-0.17348490489169896
Zambia,ZMB,551,2016,0.397,0.5632874392881502,-0.16628743928815015
Democratic Republic of the Congo,COD,490,2016,0.305,0.4689389304516825,-0.1639389304516825
Kazakhstan,KAZ,705,2016,0.242,0.3934947343132234,-0.1514947343132234
Vietnam,VNM,816,2016,0.15,0.30065766048957,-0.15065766048957
Bangladesh,BGD,771,2016,0.269,0.4125570825641286,-0.14355708256412858
The Gambia,GMB,420,2016,0.25,0.3934947343132234,-0.1434947343132234
Equatorial Guinea,GNQ,411,2016,0.18,0.3093171235803644,-0.1293171235803644
Jordan,JOR,663,2016,0.239,0.36585249138641895,-0.12685249138641896
Papua New Guinea,PNG,910,2016,0.445,0.5715227718329544,-0.1265227718329544
Ukraine,UKR,369,2016,0.433,0.5538689501922758,-0.12086895019227578
Haiti,HTI,41,2016,0.42,0.5404310580990703,-0.12043105809907034
Afghanistan,AFG,700,2016,0.34,0.45998966974731303,-0.11998966974731301
Djibouti,DJI,522,2016,0.243,0.3342044524515678,-0.09120445245156783
Türkiye,TUR,640,2016,0.308,0.3934947343132234,-0.08549473431322341
Algeria,DZA,615,2016,0.308,0.3835609566735042,-0.07556095667350421
Cameroon,CMR,471,2016,0.307,0.37886576451752596,-0.07186576451752597
Iraq,IRQ,645,2016,0.39,0.4603438646037381,-0.0703438646037381
Russia,RUS,365,2016,0.263,0.32900655663578976,-0.06600655663578975
Malaysia,MYS,820,2016,0.328,0.3779248864599657,-0.04992488645996568
Cambodia,KHM,811,2016,0.275,0.32476457447391016,-0.04976457447391014
Albania,ALB,339,2016,0.52,0.5680319478735818,-0.04803194787358178
Oman,OMN,698,2016,0.175,0.21551398584629586,-0.04051398584629587
Togo,TGO,461,2016,0.472,0.5103976067676339,-0.03839760676763393
Bahrain,BHR,692,2016,0.139,0.17324330602154356,-0.034243306021543546
Mozambique,MOZ,541,2016,0.433,0.46589581646711514,-0.032895816467115147
Sierra Leone,SLE,451,2016,0.514,0.5455045314675949,-0.03150453146759491
Colombia,COL,100,2016,0.682,0.7028377557651885,-0.020837755765188426
Guinea,GIN,438,2016,0.377,0.3934947343132234,-0.016494734313223403
Libya,LBY,620,2016,0.285,0.30101253753960666,-0.016012537539606686
Bolivia,BOL,145,2016,0.62,0.6322539125309592,-0.012253912530959199
Fiji,FJI,950,2016,0.397,0.4069648225777562,-0.00996482257775616
Gabon,GAB,481,2016,0.378,0.3835609566735042,-0.005560956673504203
Honduras,HND,91,2016,0.425,0.4301096271267687,-0.005109627126768712
Comoros,COM,581,2016,0.385,0.38042987844496856,0.004570121555031448
Central African Republic,CAF,482,2016,0.4,0.3934947343132234,0.006505265686776618
Madagascar,MDG,580,2016,0.48,0.46951625672251895,0.010483743277481028
Guatemala,GTM,90,2016,0.626,0.6077776646740678,0.018222335325932204
Ecuador,ECU,130,2016,0.54,0.511601084218426,0.028398915781574052
Seychelles,SYC,591,2016,0.585,0.5558745828698495,0.02912541713015049
Tanzania,TZA,510,2016,0.409,0.3779248864599657,0.031075113540034283
Bosnia and Herzegovina,BIH,346,2016,0.547,0.515304936400688,0.03169506359931207
Kenya,KEN,501,2016,0.534,0.4908690221864479,0.04313097781355213
Singapore,SGP,830,2016,0.424,0.3779248864599657,0.046075113540034296
Burma/Myanmar,MMR,775,2016,0.402,0.34359155368082583,0.05840844631917419
Paraguay,PRY,150,2016,0.589,0.5218149133074805,0.06718508669251944
Lesotho,LSO,570,2016,0.576,0.5080107779561641,0.06798922204383584
Bhutan,BTN,760,2016,0.558,0.4848438651667881,0.07315613483321193
Dominican Republic,DOM,42,2016,0.571,0.4962121750930666,0.07478782490693336
Indonesia,IDN,850,2016,0.639,0.5493787975166609,0.08962120248333916
Montenegro,MNE,341,2016,0.484,0.3934947343132234,0.09050526568677658
Philippines,PHL,840,2016,0.485,0.3934947343132234,0.09150526568677658
Lebanon,LBN,660,2016,0.479,0.3779248864599657,0.10107511354003429
Pakistan,PAK,770,2016,0.429,0.3260711438776442,0.1029288561223558
Mauritania,MRT,435,2016,0.431,0.3225096409625352,0.10849035903746479
Nigeria,NGA,475,2016,0.555,0.44439292230338434,0.11060707769661571
Niger,NER,436,2016,0.573,0.4603438646037381,0.11265613539626185
Poland,POL,290,2016,0.731,0.6136701498906781,0.11732985010932184
El Salvador,SLV,92,2016,0.659,0.5388059895578887,0.12019401044211131
Ivory Coast,CIV,437,2016,0.529,0.4071276589167224,0.1218723410832776
Solomon Islands,SLB,940,2016,0.61,0.4821040845468671,0.1278959154531329
India,IND,750,2016,0.524,0.3934947343132234,0.13050526568677662
Moldova,MDA,359,2016,0.529,0.3934947343132234,0.13550526568677662
Hungary,HUN,310,2016,0.613,0.4660770734073665,0.1469229265926335
Nepal,NPL,790,2016,0.665,0.5156925175999664,0.14930748240003366
Kuwait,KWT,690,2016,0.311,0.16035341770600228,0.15064658229399772
Malawi,MWI,553,2016,0.538,0.38434100778453273,0.1536589922154673
Timor-Leste,TLS,860,2016,0.628,0.47347245012340955,0.15452754987659045
Mongolia,MNG,712,2016,0.671,0.5136915999538143,0.15730840004618574
Mali,MLI,432,2016,0.543,0.3835609566735042,0.15943904332649583
Guyana,GUY,110,2016,0.657,0.4945594350290876,0.16244056497091242
Sri Lanka,LKA,780,2016,0.595,0.42937013525769663,0.16562986474230335
Cape Verde,CPV,402,2016,0.8,0.6263480643582244,0.1736519356417756
Bulgaria,BGR,355,2016,0.667,0.46772711805986467,0.19927288194013537
Georgia,GEO,372,2016,0.685,0.4819464471346047,0.20305355286539534
Burkina Faso,BFA,439,2016,0.683,0.476233250221909,0.20676674977809106
Romania,ROU,360,2016,0.733,0.5257362802588991,0.20726371974110092
Ghana,GHA,452,2016,0.725,0.5088919072120455,0.2161080927879545
Liberia,LBR,450,2016,0.615,0.3934947343132234,0.2215052656867766
Panama,PAN,95,2016,0.753,0.5269759849460206,0.2260240150539794
Peru,PER,135,2016,0.788,0.5514092162186961,0.23659078378130394
South Korea,KOR,732,2016,0.718,0.4697562118285932,0.2482437881714068
Mexico,MEX,70,2016,0.643,0.3934947343132234,0.2495052656867766
Lithuania,LTU,368,2016,0.825,0.5728263678557748,0.25217363214422517
Kosovo,XKX,347,2016,0.653,0.3934947343132234,0.2595052656867766
Barbados,BRB,53,2016,0.776,0.516362807000813,0.25963719299918697
Sao Tome and Principe,STP,403,2016,0.658,0.3934947343132234,0.2645052656867766
Argentina,ARG,160,2016,0.751,0.4758729478202489,0.2751270521797511
Sweden,SWE,380,2016,0.914,0.637613696158408,0.276386303841592
Namibia,NAM,565,2016,0.711,0.41429141262971036,0.2967085873702896
Portugal,PRT,235,2016,0.888,0.5844912849474787,0.3035087150525213
Benin,BEN,434,2016,0.712,0.3934947343132234,0.31850526568677656
Slovenia,SVN,349,2016,0.861,0.5412626289139761,0.31973737108602385
Israel,ISR,666,2016,0.729,0.40344032589830975,0.32555967410169023
Botswana,BWA,571,2016,0.685,0.3493781761217963,0.3356218238782038
Mauritius,MUS,590,2016,0.731,0.39221792949308404,0.33878207050691594
Chile,CHL,155,2016,0.886,0.5456202437807001,0.34037975621929994
Iceland,ISL,395,2016,0.86,0.5138342748122159,0.3461657251877841
Cyprus,CYP,352,2016,0.851,0.4986625691402165,0.3523374308597835
Slovakia,SVK,317,2016,0.837,0.48429906130564593,0.35270093869435404
Vanuatu,VUT,935,2016,0.771,0.41651478662790853,0.3544852133720915
South Africa,ZAF,560,2016,0.752,0.3934947343132234,0.3585052656867766
Czechia,CZE,316,2016,0.852,0.49026292049260806,0.3617370795073919
Trinidad and Tobago,TTO,52,2016,0.79,0.42209992700319404,0.367900072996806
Suriname,SUR,115,2016,0.754,0.3835609566735042,0.3704390433264958
Spain,ESP,230,2016,0.847,0.4762892542757692,0.3707107457242308
Japan,JPN,740,2016,0.817,0.4457004722575094,0.37129952774249053
Croatia,HRV,344,2016,0.765,0.3934947343132234,0.3715052656867766
Senegal,SEN,433,2016,0.726,0.35411180254169267,0.3718881974583073
Brazil,BRA,140,2016,0.781,0.3934947343132234,0.3875052656867766
Greece,GRC,350,2016,0.872,0.47499052828871646,0.39700947171128353
Jamaica,JAM,51,2016,0.804,0.39948167208338425,0.4045183279166158
Finland,FIN,375,2016,0.869,0.4600697718108123,0.4089302281891877
Switzerland,CHE,225,2016,0.902,0.49103601559310617,0.41096398440689386
Estonia,EST,366,2016,0.907,0.4859985324721857,0.4210014675278143
Guinea-Bissau,GNB,404,2016,0.5,0.06627172422111927,0.43372827577888073
Taiwan,TWN,713,2016,0.835,0.3835609566735042,0.45143904332649576
Malta,MLT,338,2016,0.777,0.3147082403030309,0.4622917596969691
Ireland,IRL,205,2016,0.886,0.423101511121981,0.462898488878019
Italy,ITA,325,2016,0.869,0.4060561253515286,0.4629438746484714
Austria,AUT,305,2016,0.848,0.3835609566735042,0.46443904332649577
Australia,AUS,900,2016,0.871,0.3779248864599657,0.4930751135400343
Netherlands,NLD,210,2016,0.879,0.38482713764460547,0.49417286235539454
Luxembourg,LUX,212,2016,0.874,0.3779248864599657,0.4960751135400343
Latvia,LVA,367,2016,0.84,0.3411742924223107,0.4988257075776893
Uruguay,URY,165,2016,0.897,0.3934947343132234,0.5035052656867767
Costa Rica,CRI,94,2016,0.902,0.3934947343132234,0.5085052656867766
United States of America,USA,2,2016,0.885,0.36516170438360573,0.5198382956163943
France,FRA,220,2016,0.883,0.34881769951146213,0.5341823004885379
Canada,CAN,20,2016,0.834,0.2903085324178655,0.5436914675821345
Belgium,BEL,211,2016,0.901,0.3509110933735241,0.5500889066264759
New Zealand,NZL,920,2016,0.883,0.30578035514646773,0.5772196448535323
Denmark,DNK,390,2016,0.918,0.29918286654579035,0.6188171334542096
Eritrea,ERI,531,2017,0.069,0.3934947343132234,-0.3244947343132234
Nicaragua,NIC,93,2017,0.281,0.6019620974330429,-0.3209620974330428
Qatar,QAT,694,2017,0.041,0.3587442967476091,-0.3177442967476091
Egypt,EGY,651,2017,0.178,0.4927451462706107,-0.31474514627061073
Morocco,MAR,600,2017,0.259,0.5727530443546085,-0.3137530443546085
Saudi Arabia,SAU,670,2017,0.014,0.3219657060222972,-0.30796570602229717
Thailand,THA,800,2017,0.154,0.46092616139465153,-0.30692616139465156
Republic of the Congo,COG,484,2017,0.252,0.5529677812331105,-0.3009677812331105
Eswatini,SWZ,572,2017,0.132,0.4258499178615787,-0.2938499178615787
Azerbaijan,AZE,373,2017,0.202,0.49067485751234924,-0.2886748575123492
North Korea,PRK,731,2017,0.085,0.3681516467596278,-0.2831516467596278
Venezuela,VEN,101,2017,0.233,0.5072700517648042,-0.27427005176480423
Uganda,UGA,500,2017,0.291,0.5634128013102373,-0.2724128013102373
Tajikistan,TJK,702,2017,0.168,0.4396953337170719,-0.2716953337170719
Belarus,BLR,370,2017,0.254,0.5250128440306565,-0.2710128440306565
Kyrgyzstan,KGZ,703,2017,0.449,0.716563129980692,-0.26756312998069204
China,CHN,710,2017,0.078,0.3435063421803988,-0.2655063421803988
Ethiopia,ETH,530,2017,0.228,0.48645970157512447,-0.25845970157512443
Uzbekistan,UZB,704,2017,0.191,0.4368330353354376,-0.2458330353354376
United Arab Emirates,ARE,696,2017,0.095,0.33304970756705976,-0.23804970756705976
Rwanda,RWA,517,2017,0.222,0.4588906783727329,-0.2368906783727329
Zimbabwe,ZWE,552,2017,0.3,0.5274788937248559,-0.2274788937248559
Chad,TCD,483,2017,0.265,0.489828022855069,-0.22482802285506898
Sudan,SDN,625,2017,0.226,0.45069083345742783,-0.22469083345742782
Angola,AGO,540,2017,0.307,0.5316127346532801,-0.22461273465328008
Maldives,MDV,781,2017,0.353,0.5663272225307856,-0.21332722253078562
Zambia,ZMB,551,2017,0.36,0.5632874392881502,-0.20328743928815018
Burundi,BDI,516,2017,0.157,0.34850907151234145,-0.19150907151234145
Iran,IRN,630,2017,0.185,0.3618495118525734,-0.17684951185257342
Cuba,CUB,40,2017,0.168,0.34248490489169897,-0.17448490489169896
Democratic Republic of the Congo,COD,490,2017,0.304,0.4689389304516825,-0.1649389304516825
Armenia,ARM,371,2017,0.381,0.5431442711241234,-0.16214427112412344
Laos,LAO,812,2017,0.124,0.27914970977139075,-0.15514970977139075
Vietnam,VNM,816,2017,0.15,0.30065766048957,-0.15065766048957
Kazakhstan,KAZ,705,2017,0.235,0.38482713764460547,-0.14982713764460548
Bangladesh,BGD,771,2017,0.265,0.4125570825641286,-0.14755708256412858
Equatorial Guinea,GNQ,411,2017,0.174,0.3093171235803644,-0.1353171235803644
Afghanistan,AFG,700,2017,0.334,0.45998966974731303,-0.12598966974731302
Papua New Guinea,PNG,910,2017,0.447,0.5715227718329544,-0.1245227718329544
Ukraine,UKR,369,2017,0.43,0.5538689501922758,-0.12386895019227578
Haiti,HTI,41,2017,0.418,0.5404310580990703,-0.12243105809907034
Türkiye,TUR,640,2017,0.29,0.3934947343132234,-0.10349473431322342
Jordan,JOR,663,2017,0.263,0.36585249138641895,-0.10285249138641894
North Macedonia,MKD,343,2017,0.548,0.6483936089946282,-0.10039360899462813
Djibouti,DJI,522,2017,0.243,0.3342044524515678,-0.09120445245156783
Cambodia,KHM,811,2017,0.234,0.32476457447391016,-0.09076457447391015
Iraq,IRQ,645,2017,0.375,0.4603438646037381,-0.0853438646037381
Cameroon,CMR,471,2017,0.298,0.37886576451752596,-0.08086576451752597
Algeria,DZA,615,2017,0.309,0.3835609566735042,-0.07456095667350421
Togo,TGO,461,2017,0.442,0.5103976067676339,-0.0683976067676339
Russia,RUS,365,2017,0.261,0.32900655663578976,-0.06800655663578975
Mozambique,MOZ,541,2017,0.408,0.46589581646711514,-0.05789581646711517
Malaysia,MYS,820,2017,0.333,0.3779248864599657,-0.044924886459965674
Bahrain,BHR,692,2017,0.133,0.17324330602154356,-0.04024330602154355
Oman,OMN,698,2017,0.176,0.21551398584629586,-0.03951398584629587
Albania,ALB,339,2017,0.536,0.5680319478735818,-0.03203194787358177
Libya,LBY,620,2017,0.273,0.30101253753960666,-0.02801253753960664
Sierra Leone,SLE,451,2017,0.52,0.5455045314675949,-0.025504531467594904
Guinea,GIN,438,2017,0.369,0.3934947343132234,-0.02449473431322341
Bolivia,BOL,145,2017,0.609,0.6322539125309592,-0.02325391253095921
Colombia,COL,100,2017,0.68,0.7028377557651885,-0.022837755765188428
Honduras,HND,91,2017,0.414,0.4301096271267687,-0.016109627126768722
Lesotho,LSO,570,2017,0.501,0.5080107779561641,-0.007010777956164116
Fiji,FJI,950,2017,0.4,0.4069648225777562,-0.006964822577756158
Comoros,COM,581,2017,0.38,0.38042987844496856,-0.00042987844496855665
Central African Republic,CAF,482,2017,0.396,0.3934947343132234,0.0025052656867766143
Madagascar,MDG,580,2017,0.478,0.46951625672251895,0.008483743277481026
Guatemala,GTM,90,2017,0.621,0.6077776646740678,0.0132223353259322
Gabon,GAB,481,2017,0.398,0.3835609566735042,0.014439043326495815
Kenya,KEN,501,2017,0.512,0.4908690221864479,0.02113097781355211
Tanzania,TZA,510,2017,0.401,0.3779248864599657,0.02307511354003433
Bosnia and Herzegovina,BIH,346,2017,0.541,0.515304936400688,0.025695063599312062
Ecuador,ECU,130,2017,0.552,0.511601084218426,0.04039891578157406
Seychelles,SYC,591,2017,0.599,0.5558745828698495,0.0431254171301505
Singapore,SGP,830,2017,0.425,0.3779248864599657,0.0470751135400343
Burma/Myanmar,MMR,775,2017,0.402,0.34359155368082583,0.05840844631917419
Dominican Republic,DOM,42,2017,0.559,0.4962121750930666,0.06278782490693346
Mauritania,MRT,435,2017,0.389,0.3225096409625352,0.06649035903746481
Paraguay,PRY,150,2017,0.596,0.5218149133074805,0.07418508669251944
Philippines,PHL,840,2017,0.469,0.3934947343132234,0.07550526568677657
Indonesia,IDN,850,2017,0.627,0.5493787975166609,0.07762120248333915
Montenegro,MNE,341,2017,0.474,0.3934947343132234,0.08050526568677657
Niger,NER,436,2017,0.542,0.4603438646037381,0.08165613539626193
Poland,POL,290,2017,0.698,0.6136701498906781,0.08432985010932181
Bhutan,BTN,760,2017,0.571,0.4848438651667881,0.08615613483321183
Hungary,HUN,310,2017,0.555,0.4660770734073665,0.08892292659263357
Lebanon,LBN,660,2017,0.47,0.3779248864599657,0.09207511354003428
Pakistan,PAK,770,2017,0.419,0.3260711438776442,0.0929288561223558
India,IND,750,2017,0.488,0.3934947343132234,0.09450526568677659
The Gambia,GMB,420,2017,0.498,0.3934947343132234,0.1045052656867766
Moldova,MDA,359,2017,0.503,0.3934947343132234,0.1095052656867766
Nigeria,NGA,475,2017,0.556,0.44439292230338434,0.11160707769661571
Ivory Coast,CIV,437,2017,0.539,0.4071276589167224,0.1318723410832776
El Salvador,SLV,92,2017,0.672,0.5388059895578887,0.13319401044211132
Solomon Islands,SLB,940,2017,0.616,0.4821040845468671,0.1338959154531329
Nepal,NPL,790,2017,0.66,0.5156925175999664,0.14430748240003366
Mongolia,MNG,712,2017,0.661,0.5136915999538143,0.14730840004618573
Bulgaria,BGR,355,2017,0.624,0.46772711805986467,0.15627288194013533
Mali,MLI,432,2017,0.54,0.3835609566735042,0.15643904332649583
Sri Lanka,LKA,780,2017,0.591,0.42937013525769663,0.16162986474230334
Malawi,MWI,553,2017,0.546,0.38434100778453273,0.1616589922154673
Guyana,GUY,110,2017,0.66,0.4945594350290876,0.16544056497091242
Kuwait,KWT,690,2017,0.326,0.16035341770600228,0.16564658229399773
Romania,ROU,360,2017,0.695,0.5257362802588991,0.16926371974110088
Cape Verde,CPV,402,2017,0.797,0.6263480643582244,0.1706519356417756
Kosovo,XKX,347,2017,0.574,0.3934947343132234,0.18050526568677655
Georgia,GEO,372,2017,0.669,0.4819464471346047,0.18705355286539532
Timor-Leste,TLS,860,2017,0.671,0.47347245012340955,0.1975275498765905
Burkina Faso,BFA,439,2017,0.683,0.476233250221909,0.20676674977809106
Panama,PAN,95,2017,0.736,0.5269759849460206,0.20902401505397938
Liberia,LBR,450,2017,0.62,0.3934947343132234,0.2265052656867766
Ghana,GHA,452,2017,0.739,0.5088919072120455,0.23010809278795452
Lithuania,LTU,368,2017,0.808,0.5728263678557748,0.23517363214422526
Peru,PER,135,2017,0.789,0.5514092162186961,0.23759078378130394
Mexico,MEX,70,2017,0.638,0.3934947343132234,0.2445052656867766
Sao Tome and Principe,STP,403,2017,0.647,0.3934947343132234,0.2535052656867766
Barbados,BRB,53,2017,0.773,0.516362807000813,0.25663719299918697
Argentina,ARG,160,2017,0.751,0.4758729478202489,0.2751270521797511
Sweden,SWE,380,2017,0.914,0.637613696158408,0.276386303841592
Namibia,NAM,565,2017,0.709,0.41429141262971036,0.2947085873702896
Slovenia,SVN,349,2017,0.84,0.5412626289139761,0.29873737108602383
Israel,ISR,666,2017,0.714,0.40344032589830975,0.3105596741016902
Portugal,PRT,235,2017,0.898,0.5844912849474787,0.3135087150525213
Benin,BEN,434,2017,0.713,0.3934947343132234,0.31950526568677656
Botswana,BWA,571,2017,0.675,0.3493781761217963,0.32562182387820376
Mauritius,MUS,590,2017,0.732,0.39221792949308404,0.33978207050691595
Cyprus,CYP,352,2017,0.84,0.4986625691402165,0.34133743085978346
Czechia,CZE,316,2017,0.833,0.49026292049260806,0.3427370795073919
Chile,CHL,155,2017,0.889,0.5456202437807001,0.34337975621929995
South Africa,ZAF,560,2017,0.738,0.3934947343132234,0.3445052656867766
Croatia,HRV,344,2017,0.739,0.3934947343132234,0.3455052656867766
Senegal,SEN,433,2017,0.701,0.35411180254169267,0.3468881974583073
Iceland,ISL,395,2017,0.861,0.5138342748122159,0.3471657251877841
Slovakia,SVK,317,2017,0.835,0.48429906130564593,0.35070093869435404
Spain,ESP,230,2017,0.835,0.4762892542757692,0.3587107457242308
Suriname,SUR,115,2017,0.748,0.3835609566735042,0.3644390433264958
Trinidad and Tobago,TTO,52,2017,0.791,0.42209992700319404,0.368900072996806
Japan,JPN,740,2017,0.821,0.4457004722575094,0.37529952774249054
Vanuatu,VUT,935,2017,0.793,0.41651478662790853,0.3764852133720915
Brazil,BRA,140,2017,0.774,0.3934947343132234,0.3805052656867766
South Korea,KOR,732,2017,0.852,0.4697562118285932,0.3822437881714068
Greece,GRC,350,2017,0.868,0.47499052828871646,0.39300947171128353
Switzerland,CHE,225,2017,0.902,0.49103601559310617,0.41096398440689386
Jamaica,JAM,51,2017,0.811,0.39948167208338425,0.4115183279166158
Finland,FIN,375,2017,0.873,0.4600697718108123,0.4129302281891877
Estonia,EST,366,2017,0.907,0.4859985324721857,0.4210014675278143
Guinea-Bissau,GNB,404,2017,0.49,0.06627172422111927,0.4237282757788807
Malta,MLT,338,2017,0.761,0.3147082403030309,0.4462917596969691
Taiwan,TWN,713,2017,0.845,0.3835609566735042,0.46143904332649577
Ireland,IRL,205,2017,0.887,0.423101511121981,0.463898488878019
Italy,ITA,325,2017,0.87,0.4060561253515286,0.4639438746484714
Austria,AUT,305,2017,0.851,0.3835609566735042,0.4674390433264958
United States of America,USA,2,2017,0.834,0.36516170438360573,0.46883829561639423
Latvia,LVA,367,2017,0.833,0.3411742924223107,0.4918257075776893
Australia,AUS,900,2017,0.871,0.3779248864599657,0.4930751135400343
Netherlands,NLD,210,2017,0.878,0.38482713764460547,0.49317286235539454
Luxembourg,LUX,212,2017,0.874,0.3779248864599657,0.4960751135400343
Uruguay,URY,165,2017,0.89,0.3934947343132234,0.4965052656867766
Costa Rica,CRI,94,2017,0.898,0.3934947343132234,0.5045052656867766
France,FRA,220,2017,0.886,0.34881769951146213,0.5371823004885379
Canada,CAN,20,2017,0.839,0.2903085324178655,0.5486914675821345
Belgium,BEL,211,2017,0.9,0.3509110933735241,0.5490889066264759
New Zealand,NZL,920,2017,0.879,0.30578035514646773,0.5732196448535323
Denmark,DNK,390,2017,0.918,0.29918286654579035,0.6188171334542096
Nicaragua,NIC,93,2018,0.221,0.6019620974330429,-0.3809620974330429
Eritrea,ERI,531,2018,0.068,0.3934947343132234,-0.3254947343132234
Egypt,EGY,651,2018,0.176,0.4927451462706107,-0.31674514627061073
Qatar,QAT,694,2018,0.042,0.3587442967476091,-0.3167442967476091
Morocco,MAR,600,2018,0.262,0.5727530443546085,-0.3107530443546085
Saudi Arabia,SAU,670,2018,0.015,0.3219657060222972,-0.30696570602229717
Azerbaijan,AZE,373,2018,0.192,0.49067485751234924,-0.29867485751234923
Republic of the Congo,COG,484,2018,0.258,0.5529677812331105,-0.2949677812331105
Venezuela,VEN,101,2018,0.213,0.5072700517648042,-0.29427005176480425
Eswatini,SWZ,572,2018,0.132,0.4258499178615787,-0.2938499178615787
Thailand,THA,800,2018,0.17,0.46092616139465153,-0.29092616139465155
North Korea,PRK,731,2018,0.085,0.3681516467596278,-0.2831516467596278
Uganda,UGA,500,2018,0.283,0.5634128013102373,-0.2804128013102373
Tajikistan,TJK,702,2018,0.164,0.4396953337170719,-0.2756953337170719
Belarus,BLR,370,2018,0.252,0.5250128440306565,-0.2730128440306565
China,CHN,710,2018,0.076,0.3435063421803988,-0.2675063421803988
Kyrgyzstan,KGZ,703,2018,0.467,0.716563129980692,-0.24956312998069202
Uzbekistan,UZB,704,2018,0.189,0.4368330353354376,-0.2478330353354376
United Arab Emirates,ARE,696,2018,0.096,0.33304970756705976,-0.23704970756705976
Rwanda,RWA,517,2018,0.226,0.4588906783727329,-0.2328906783727329
Sudan,SDN,625,2018,0.227,0.45069083345742783,-0.22369083345742782
Ethiopia,ETH,530,2018,0.271,0.48645970157512447,-0.21545970157512445
Zimbabwe,ZWE,552,2018,0.313,0.5274788937248559,-0.2144788937248559
Chad,TCD,483,2018,0.267,0.4725326061223345,-0.20553260612233448
Zambia,ZMB,551,2018,0.37,0.5632874392881502,-0.19328743928815018
Angola,AGO,540,2018,0.35,0.5316127346532801,-0.1816127346532801
Iran,IRN,630,2018,0.182,0.3618495118525734,-0.17984951185257342
Maldives,MDV,781,2018,0.391,0.5663272225307856,-0.1753272225307856
Cuba,CUB,40,2018,0.177,0.34248490489169897,-0.16548490489169898
Democratic Republic of the Congo,COD,490,2018,0.306,0.4689389304516825,-0.1629389304516825
Bangladesh,BGD,771,2018,0.252,0.4125570825641286,-0.1605570825641286
Laos,LAO,812,2018,0.125,0.27914970977139075,-0.15414970977139075
Kazakhstan,KAZ,705,2018,0.232,0.38482713764460547,-0.15282713764460545
Vietnam,VNM,816,2018,0.161,0.30065766048957,-0.13965766048956998
Equatorial Guinea,GNQ,411,2018,0.177,0.3093171235803644,-0.1323171235803644
Afghanistan,AFG,700,2018,0.33,0.45998966974731303,-0.12998966974731302
Ukraine,UKR,369,2018,0.43,0.5538689501922758,-0.12386895019227578
Papua New Guinea,PNG,910,2018,0.457,0.5715227718329544,-0.1145227718329544
Cambodia,KHM,811,2018,0.211,0.32476457447391016,-0.11376457447391017
Haiti,HTI,41,2018,0.429,0.5404310580990703,-0.11143105809907033
Jordan,JOR,663,2018,0.261,0.36585249138641895,-0.10485249138641894
Türkiye,TUR,640,2018,0.295,0.3934947343132234,-0.09849473431322342
Cameroon,CMR,471,2018,0.293,0.37886576451752596,-0.08586576451752598
Djibouti,DJI,522,2018,0.25,0.3342044524515678,-0.08420445245156782
Togo,TGO,461,2018,0.428,0.5103976067676339,-0.08239760676763391
Algeria,DZA,615,2018,0.305,0.3835609566735042,-0.07856095667350421
North Macedonia,MKD,343,2018,0.575,0.6483936089946282,-0.07339360899462821
Honduras,HND,91,2018,0.361,0.4301096271267687,-0.06910962712676871
Mozambique,MOZ,541,2018,0.4,0.46589581646711514,-0.06589581646711512
Russia,RUS,365,2018,0.264,0.32900655663578976,-0.06500655663578975
Comoros,COM,581,2018,0.367,0.4303914565916833,-0.06339145659168333
Iraq,IRQ,645,2018,0.398,0.4603438646037381,-0.062343864603738086
Albania,ALB,339,2018,0.524,0.5680319478735818,-0.04403194787358178
Bahrain,BHR,692,2018,0.13,0.17324330602154356,-0.043243306021543554
Oman,OMN,698,2018,0.176,0.21551398584629586,-0.03951398584629587
Bolivia,BOL,145,2018,0.593,0.6322539125309592,-0.03925391253095922
Colombia,COL,100,2018,0.666,0.7028377557651885,-0.03683775576518844
Libya,LBY,620,2018,0.268,0.30101253753960666,-0.033012537539606646
Guinea,GIN,438,2018,0.373,0.3934947343132234,-0.020494734313223406
Armenia,ARM,371,2018,0.524,0.5431442711241234,-0.019144271124123424
Guatemala,GTM,90,2018,0.602,0.6077776646740678,-0.005777664674067817
Fiji,FJI,950,2018,0.403,0.4069648225777562,-0.003964822577756155
Bosnia and Herzegovina,BIH,346,2018,0.513,0.515304936400688,-0.0023049364006879625
Gabon,GAB,481,2018,0.386,0.3835609566735042,0.0024390433264958045
Sierra Leone,SLE,451,2018,0.548,0.5455045314675949,0.0024954685324051207
Kenya,KEN,501,2018,0.496,0.4908690221864479,0.005130977813552096
Tanzania,TZA,510,2018,0.385,0.3779248864599657,0.007075113540034317
Madagascar,MDG,580,2018,0.481,0.46951625672251895,0.011483743277481029
Central African Republic,CAF,482,2018,0.406,0.3934947343132234,0.012505265686776623
Hungary,HUN,310,2018,0.481,0.4660770734073665,0.0149229265926335
Singapore,SGP,830,2018,0.409,0.3779248864599657,0.031075113540034283
Seychelles,SYC,591,2018,0.605,0.5558745828698495,0.049125417130150506
Indonesia,IDN,850,2018,0.599,0.5493787975166609,0.04962120248333912
Burma/Myanmar,MMR,775,2018,0.397,0.34359155368082583,0.053408446319174185
Philippines,PHL,840,2018,0.45,0.3934947343132234,0.05650526568677661
Paraguay,PRY,150,2018,0.583,0.5218149133074805,0.06118508669251943
Lebanon,LBN,660,2018,0.44,0.3779248864599657,0.06207511354003431
Malaysia,MYS,820,2018,0.444,0.3779248864599657,0.06607511354003431
Mauritania,MRT,435,2018,0.391,0.3225096409625352,0.06849035903746481
Pakistan,PAK,770,2018,0.395,0.3260711438776442,0.06892885612235583
Niger,NER,436,2018,0.53,0.4603438646037381,0.06965613539626192
Dominican Republic,DOM,42,2018,0.573,0.4962121750930666,0.07678782490693337
Poland,POL,290,2018,0.694,0.6136701498906781,0.08032985010932181
India,IND,750,2018,0.482,0.3934947343132234,0.08850526568677658
Montenegro,MNE,341,2018,0.482,0.3934947343132234,0.08850526568677658
El Salvador,SLV,92,2018,0.631,0.5388059895578887,0.09219401044211128
Lesotho,LSO,570,2018,0.601,0.5080107779561641,0.09298922204383586
Bhutan,BTN,760,2018,0.579,0.4848438651667881,0.09415613483321184
Nigeria,NGA,475,2018,0.555,0.44439292230338434,0.11060707769661571
Moldova,MDA,359,2018,0.506,0.3934947343132234,0.1125052656867766
Nepal,NPL,790,2018,0.633,0.5156925175999664,0.11730748240003364
Ecuador,ECU,130,2018,0.641,0.511601084218426,0.12939891578157403
Ivory Coast,CIV,437,2018,0.54,0.4071276589167224,0.1328723410832776
Mali,MLI,432,2018,0.518,0.3835609566735042,0.1344390433264958
Mongolia,MNG,712,2018,0.653,0.5136915999538143,0.13930840004618572
Solomon Islands,SLB,940,2018,0.623,0.4821040845468671,0.1408959154531329
Malawi,MWI,553,2018,0.528,0.38434100778453273,0.1436589922154673
Bulgaria,BGR,355,2018,0.612,0.46772711805986467,0.14427288194013532
The Gambia,GMB,420,2018,0.538,0.3934947343132234,0.14450526568677663
Cape Verde,CPV,402,2018,0.783,0.6263480643582244,0.1566519356417756
Kuwait,KWT,690,2018,0.32,0.16035341770600228,0.15964658229399772
Romania,ROU,360,2018,0.692,0.5257362802588991,0.16626371974110088
Guyana,GUY,110,2018,0.664,0.4945594350290876,0.16944056497091242
Georgia,GEO,372,2018,0.663,0.4819464471346047,0.18105355286539532
Sri Lanka,LKA,780,2018,0.612,0.42937013525769663,0.18262986474230336
Burkina Faso,BFA,439,2018,0.666,0.476233250221909,0.18976674977809105
Panama,PAN,95,2018,0.732,0.5269759849460206,0.20502401505397938
Benin,BEN,434,2018,0.606,0.3934947343132234,0.21250526568677658
Timor-Leste,TLS,860,2018,0.689,0.47347245012340955,0.2155275498765904
Ghana,GHA,452,2018,0.735,0.5088919072120455,0.22610809278795452
Liberia,LBR,450,2018,0.621,0.3934947343132234,0.2275052656867766
Lithuania,LTU,368,2018,0.818,0.5728263678557748,0.24517363214422516
Sao Tome and Principe,STP,403,2018,0.65,0.3934947343132234,0.2565052656867766
Peru,PER,135,2018,0.81,0.5514092162186961,0.25859078378130396
Barbados,BRB,53,2018,0.776,0.516362807000813,0.25963719299918697
Namibia,NAM,565,2018,0.682,0.41429141262971036,0.2677085873702897
Kosovo,XKX,347,2018,0.662,0.3934947343132234,0.26850526568677663
Sweden,SWE,380,2018,0.908,0.637613696158408,0.270386303841592
Mexico,MEX,70,2018,0.675,0.3934947343132234,0.28150526568677664
Slovenia,SVN,349,2018,0.83,0.5412626289139761,0.2887373710860238
Argentina,ARG,160,2018,0.78,0.4758729478202489,0.3041270521797511
Portugal,PRT,235,2018,0.899,0.5844912849474787,0.3145087150525213
Israel,ISR,666,2018,0.705,0.38885100212686463,0.31614899787313533
Czechia,CZE,316,2018,0.81,0.49026292049260806,0.319737079507392
Botswana,BWA,571,2018,0.672,0.3493781761217963,0.32262182387820376
Chile,CHL,155,2018,0.87,0.5456202437807001,0.32437975621929993
Slovakia,SVK,317,2018,0.814,0.48429906130564593,0.329700938694354
Senegal,SEN,433,2018,0.688,0.35411180254169267,0.3338881974583073
Croatia,HRV,344,2018,0.729,0.3934947343132234,0.3355052656867766
Cyprus,CYP,352,2018,0.836,0.4986625691402165,0.33733743085978346
Mauritius,MUS,590,2018,0.739,0.39221792949308404,0.34678207050691595
South Africa,ZAF,560,2018,0.747,0.3934947343132234,0.3535052656867766
Brazil,BRA,140,2018,0.749,0.3934947343132234,0.3555052656867766
Iceland,ISL,395,2018,0.875,0.5138342748122159,0.3611657251877841
Trinidad and Tobago,TTO,52,2018,0.784,0.42209992700319404,0.361900072996806
Suriname,SUR,115,2018,0.748,0.3835609566735042,0.3644390433264958
Vanuatu,VUT,935,2018,0.79,0.41651478662790853,0.3734852133720915
Spain,ESP,230,2018,0.851,0.4762892542757692,0.3747107457242308
Greece,GRC,350,2018,0.859,0.47499052828871646,0.3840094717112835
Japan,JPN,740,2018,0.832,0.4457004722575094,0.38629952774249054
South Korea,KOR,732,2018,0.857,0.4697562118285932,0.3872437881714068
Jamaica,JAM,51,2018,0.807,0.39948167208338425,0.4075183279166158
Switzerland,CHE,225,2018,0.902,0.49103601559310617,0.41096398440689386
Estonia,EST,366,2018,0.906,0.4859985324721857,0.4200014675278143
Finland,FIN,375,2018,0.884,0.4600697718108123,0.4239302281891877
Ireland,IRL,205,2018,0.89,0.46493514487352733,0.4250648551264727
Malta,MLT,338,2018,0.754,0.3103768144597023,0.4436231855402977
Guinea-Bissau,GNB,404,2018,0.51,0.06627172422111927,0.44372827577888074
Italy,ITA,325,2018,0.864,0.4060561253515286,0.4579438746484714
United States of America,USA,2,2018,0.824,0.36516170438360573,0.4588382956163942
Taiwan,TWN,713,2018,0.845,0.3835609566735042,0.46143904332649577
Austria,AUT,305,2018,0.851,0.3835609566735042,0.4674390433264958
Australia,AUS,900,2018,0.86,0.3779248864599657,0.4820751135400343
Latvia,LVA,367,2018,0.832,0.3411742924223107,0.4908257075776893
Netherlands,NLD,210,2018,0.876,0.38482713764460547,0.49117286235539453
Luxembourg,LUX,212,2018,0.874,0.3779248864599657,0.4960751135400343
Costa Rica,CRI,94,2018,0.89,0.3934947343132234,0.4965052656867766
Uruguay,URY,165,2018,0.896,0.3934947343132234,0.5025052656867766
France,FRA,220,2018,0.874,0.34881769951146213,0.5251823004885379
Belgium,BEL,211,2018,0.9,0.3509110933735241,0.5490889066264759
Canada,CAN,20,2018,0.84,0.2903085324178655,0.5496914675821345
New Zealand,NZL,920,2018,0.888,0.30578035514646773,0.5822196448535323
Denmark,DNK,390,2018,0.918,0.29918286654579035,0.6188171334542096
Cuba,CUB,40,2019,0.181,0.584464972367162,-0.403464972367162
Nicaragua,NIC,93,2019,0.215,0.6019620974330429,-0.3869620974330429
Eritrea,ERI,531,2019,0.07,0.3934947343132234,-0.3234947343132234
Qatar,QAT,694,2019,0.04,0.3587442967476091,-0.3187442967476091
Morocco,MAR,600,2019,0.257,0.5727530443546085,-0.3157530443546085
Saudi Arabia,SAU,670,2019,0.015,0.3219657060222972,-0.30696570602229717
Republic of the Congo,COG,484,2019,0.25,0.5529677812331105,-0.3029677812331105
Egypt,EGY,651,2019,0.174,0.47530290315463913,-0.30130290315463915
Venezuela,VEN,101,2019,0.209,0.5072700517648042,-0.29827005176480426
Azerbaijan,AZE,373,2019,0.195,0.49067485751234924,-0.29567485751234923
Eswatini,SWZ,572,2019,0.133,0.4258499178615787,-0.2928499178615787
North Korea,PRK,731,2019,0.083,0.3681516467596278,-0.2851516467596278
Uganda,UGA,500,2019,0.284,0.5634128013102373,-0.2794128013102373
Tajikistan,TJK,702,2019,0.164,0.4396953337170719,-0.2756953337170719
Kyrgyzstan,KGZ,703,2019,0.441,0.716563129980692,-0.27556312998069205
China,CHN,710,2019,0.075,0.3435063421803988,-0.2685063421803988
Belarus,BLR,370,2019,0.259,0.5250128440306565,-0.2660128440306565
Thailand,THA,800,2019,0.208,0.46092616139465153,-0.2529261613946515
Uzbekistan,UZB,704,2019,0.203,0.4368330353354376,-0.2338330353354376
Rwanda,RWA,517,2019,0.227,0.4588906783727329,-0.2318906783727329
United Arab Emirates,ARE,696,2019,0.102,0.33304970756705976,-0.23104970756705978
Sudan,SDN,625,2019,0.193,0.4217993619530055,-0.2287993619530055
Zimbabwe,ZWE,552,2019,0.304,0.5274788937248559,-0.2234788937248559
Zambia,ZMB,551,2019,0.358,0.5632874392881502,-0.2052874392881502
Chad,TCD,483,2019,0.27,0.4725326061223345,-0.20253260612233448
Angola,AGO,540,2019,0.347,0.5316127346532801,-0.1846127346532801
Iran,IRN,630,2019,0.181,0.3618495118525734,-0.18084951185257342
Bolivia,BOL,145,2019,0.456,0.6322539125309592,-0.17625391253095918
Bangladesh,BGD,771,2019,0.251,0.4125570825641286,-0.1615570825641286
Ethiopia,ETH,530,2019,0.329,0.48645970157512447,-0.15745970157512446
Laos,LAO,812,2019,0.127,0.27914970977139075,-0.15214970977139075
Kazakhstan,KAZ,705,2019,0.236,0.38482713764460547,-0.14882713764460548
Equatorial Guinea,GNQ,411,2019,0.178,0.3093171235803644,-0.1313171235803644
Afghanistan,AFG,700,2019,0.329,0.45998966974731303,-0.13098966974731302
Cambodia,KHM,811,2019,0.194,0.32476457447391016,-0.13076457447391016
Comoros,COM,581,2019,0.305,0.4303914565916833,-0.12539145659168333
Democratic Republic of the Congo,COD,490,2019,0.344,0.4689389304516825,-0.12493893045168253
Haiti,HTI,41,2019,0.421,0.5404310580990703,-0.11943105809907034
Togo,TGO,461,2019,0.395,0.5103976067676339,-0.11539760676763389
Papua New Guinea,PNG,910,2019,0.462,0.5715227718329544,-0.10952277183295439
Jordan,JOR,663,2019,0.26,0.36585249138641895,-0.10585249138641895
Türkiye,TUR,640,2019,0.289,0.3934947343132234,-0.10449473431322343
Cameroon,CMR,471,2019,0.28,0.37886576451752596,-0.09886576451752593
Algeria,DZA,615,2019,0.293,0.3835609566735042,-0.09056095667350422
Vietnam,VNM,816,2019,0.211,0.30065766048957,-0.08965766048957
Djibouti,DJI,522,2019,0.251,0.3342044524515678,-0.08320445245156782
Russia,RUS,365,2019,0.259,0.32900655663578976,-0.07000655663578975
Mozambique,MOZ,541,2019,0.397,0.46589581646711514,-0.06889581646711512
Iraq,IRQ,645,2019,0.393,0.4603438646037381,-0.06734386460373809
Honduras,HND,91,2019,0.368,0.4301096271267687,-0.06210962712676871
Albania,ALB,339,2019,0.511,0.5680319478735818,-0.05703194787358179
Colombia,COL,100,2019,0.651,0.7028377557651885,-0.051837755765188454
North Macedonia,MKD,343,2019,0.602,0.6483936089946282,-0.04639360899462819
Bahrain,BHR,692,2019,0.132,0.17324330602154356,-0.04124330602154355
Oman,OMN,698,2019,0.176,0.21551398584629586,-0.03951398584629587
Libya,LBY,620,2019,0.263,0.30101253753960666,-0.03801253753960665
Guinea,GIN,438,2019,0.36,0.3934947343132234,-0.03349473431322342
Ukraine,UKR,369,2019,0.528,0.5538689501922758,-0.025868950192275753
Fiji,FJI,950,2019,0.391,0.4069648225777562,-0.015964822577756166
Central African Republic,CAF,482,2019,0.379,0.3934947343132234,-0.0144947343132234
Guatemala,GTM,90,2019,0.597,0.6077776646740678,-0.010777664674067822
Gabon,GAB,481,2019,0.377,0.3835609566735042,-0.0065609566735042035
Bosnia and Herzegovina,BIH,346,2019,0.515,0.515304936400688,-0.0003049364006879607
Hungary,HUN,310,2019,0.466,0.4660770734073665,-7.707340736645696e-05
Maldives,MDV,781,2019,0.57,0.5663272225307856,0.00367277746921435
Tanzania,TZA,510,2019,0.383,0.3779248864599657,0.005075113540034315
Madagascar,MDG,580,2019,0.478,0.46951625672251895,0.008483743277481026
Sierra Leone,SLE,451,2019,0.554,0.5455045314675949,0.008495468532405126
Kenya,KEN,501,2019,0.501,0.4908690221864479,0.0101309778135521
Singapore,SGP,830,2019,0.403,0.3779248864599657,0.025075113540034333
Philippines,PHL,840,2019,0.428,0.3934947343132234,0.03450526568677659
India,IND,750,2019,0.43,0.3934947343132234,0.03650526568677659
Pakistan,PAK,770,2019,0.368,0.3260711438776442,0.041928856122355807
Indonesia,IDN,850,2019,0.596,0.5493787975166609,0.04662120248333912
Lebanon,LBN,660,2019,0.429,0.3779248864599657,0.0510751135400343
Benin,BEN,434,2019,0.452,0.3934947343132234,0.05850526568677661
El Salvador,SLV,92,2019,0.599,0.5388059895578887,0.060194010442111257
Paraguay,PRY,150,2019,0.585,0.5218149133074805,0.06318508669251943
Seychelles,SYC,591,2019,0.621,0.5558745828698495,0.06512541713015052
Niger,NER,436,2019,0.528,0.4603438646037381,0.06765613539626192
Poland,POL,290,2019,0.682,0.6136701498906781,0.06832985010932191
Dominican Republic,DOM,42,2019,0.569,0.4962121750930666,0.07278782490693336
Nigeria,NGA,475,2019,0.52,0.44439292230338434,0.07560707769661568
Burma/Myanmar,MMR,775,2019,0.421,0.34359155368082583,0.07740844631917415
Mauritania,MRT,435,2019,0.407,0.3225096409625352,0.08449035903746477
Montenegro,MNE,341,2019,0.483,0.3934947343132234,0.08950526568677658
Nepal,NPL,790,2019,0.606,0.5156925175999664,0.09030748240003361
Malaysia,MYS,820,2019,0.47,0.3779248864599657,0.09207511354003428
Malawi,MWI,553,2019,0.48,0.38434100778453273,0.09565899221546725
Ecuador,ECU,130,2019,0.617,0.511601084218426,0.10539891578157401
Lesotho,LSO,570,2019,0.621,0.5080107779561641,0.11298922204383588
Bhutan,BTN,760,2019,0.598,0.4848438651667881,0.11315613483321185
Ivory Coast,CIV,437,2019,0.534,0.4071276589167224,0.1268723410832776
The Gambia,GMB,420,2019,0.524,0.3934947343132234,0.13050526568677662
Mali,MLI,432,2019,0.516,0.3835609566735042,0.1324390433264958
Sri Lanka,LKA,780,2019,0.564,0.42937013525769663,0.13462986474230332
Mongolia,MNG,712,2019,0.653,0.5136915999538143,0.13930840004618572
Bulgaria,BGR,355,2019,0.609,0.46772711805986467,0.14127288194013532
Georgia,GEO,372,2019,0.627,0.4819464471346047,0.14505355286539529
Guyana,GUY,110,2019,0.64,0.4945594350290876,0.1454405649709124
Kuwait,KWT,690,2019,0.323,0.16035341770600228,0.16264658229399773
Cape Verde,CPV,402,2019,0.79,0.6263480643582244,0.1636519356417756
Solomon Islands,SLB,940,2019,0.656,0.4821040845468671,0.17389591545313293
Burkina Faso,BFA,439,2019,0.657,0.476233250221909,0.18076674977809104
Moldova,MDA,359,2019,0.588,0.3934947343132234,0.19450526568677656
Panama,PAN,95,2019,0.731,0.5269759849460206,0.20402401505397938
Ghana,GHA,452,2019,0.718,0.5088919072120455,0.2091080927879545
Romania,ROU,360,2019,0.75,0.5257362802588991,0.22426371974110093
Peru,PER,135,2019,0.801,0.5756275764376568,0.22537242356234322
Liberia,LBR,450,2019,0.623,0.3934947343132234,0.2295052656867766
Timor-Leste,TLS,860,2019,0.703,0.47347245012340955,0.2295275498765904
Namibia,NAM,565,2019,0.647,0.41429141262971036,0.23270858737028965
Lithuania,LTU,368,2019,0.817,0.5728263678557748,0.24417363214422516
Armenia,ARM,371,2019,0.796,0.5431442711241234,0.2528557288758766
Sweden,SWE,380,2019,0.899,0.637613696158408,0.261386303841592
Slovenia,SVN,349,2019,0.814,0.5412626289139761,0.2727373710860238
Barbados,BRB,53,2019,0.792,0.516362807000813,0.275637192999187
Sao Tome and Principe,STP,403,2019,0.67,0.3934947343132234,0.27650526568677664
Greece,GRC,350,2019,0.864,0.5821385981701619,0.2818614018298381
Chile,CHL,155,2019,0.829,0.5456202437807001,0.2833797562192999
Kosovo,XKX,347,2019,0.677,0.3934947343132234,0.28350526568677664
Mexico,MEX,70,2019,0.684,0.3934947343132234,0.29050526568677665
Brazil,BRA,140,2019,0.691,0.3934947343132234,0.29750526568677654
Portugal,PRT,235,2019,0.886,0.5844912849474787,0.3015087150525213
Mauritius,MUS,590,2019,0.694,0.39221792949308404,0.3017820705069159
Argentina,ARG,160,2019,0.779,0.4758729478202489,0.3031270521797511
Botswana,BWA,571,2019,0.656,0.3493781761217963,0.30662182387820375
Czechia,CZE,316,2019,0.8,0.49026292049260806,0.309737079507392
Israel,ISR,666,2019,0.708,0.38885100212686463,0.31914899787313533
South Africa,ZAF,560,2019,0.727,0.3934947343132234,0.3335052656867766
Croatia,HRV,344,2019,0.734,0.3934947343132234,0.3405052656867766
Cyprus,CYP,352,2019,0.84,0.4986625691402165,0.34133743085978346
Senegal,SEN,433,2019,0.697,0.35411180254169267,0.3428881974583073
Iceland,ISL,395,2019,0.859,0.5138342748122159,0.3451657251877841
Slovakia,SVK,317,2019,0.841,0.48429906130564593,0.35670093869435404
Suriname,SUR,115,2019,0.741,0.3835609566735042,0.3574390433264958
Vanuatu,VUT,935,2019,0.779,0.41651478662790853,0.3624852133720915
Trinidad and Tobago,TTO,52,2019,0.787,0.42209992700319404,0.364900072996806
South Korea,KOR,732,2019,0.842,0.4697562118285932,0.3722437881714068
Japan,JPN,740,2019,0.83,0.4457004722575094,0.38429952774249054
Spain,ESP,230,2019,0.871,0.4762892542757692,0.3947107457242308
Jamaica,JAM,51,2019,0.81,0.39948167208338425,0.4105183279166158
Switzerland,CHE,225,2019,0.902,0.49103601559310617,0.41096398440689386
Estonia,EST,366,2019,0.898,0.4859985324721857,0.4120014675278143
Finland,FIN,375,2019,0.881,0.4600697718108123,0.4209302281891877
Australia,AUS,900,2019,0.825,0.3779248864599657,0.44707511354003426
Italy,ITA,325,2019,0.854,0.4060561253515286,0.4479438746484714
Taiwan,TWN,713,2019,0.834,0.3835609566735042,0.45043904332649576
Malta,MLT,338,2019,0.767,0.31621378237795206,0.45078621762204796
United States of America,USA,2,2019,0.818,0.36516170438360573,0.4528382956163942
Guinea-Bissau,GNB,404,2019,0.529,0.06627172422111927,0.46272827577888076
Austria,AUT,305,2019,0.862,0.3835609566735042,0.4784390433264958
Netherlands,NLD,210,2019,0.866,0.38482713764460547,0.4811728623553945
Latvia,LVA,367,2019,0.826,0.3411742924223107,0.4848257075776893
Ireland,IRL,205,2019,0.887,0.3996935234259877,0.4873064765740123
Luxembourg,LUX,212,2019,0.872,0.3779248864599657,0.4940751135400343
Costa Rica,CRI,94,2019,0.893,0.3934947343132234,0.4995052656867766
Uruguay,URY,165,2019,0.896,0.3934947343132234,0.5025052656867766
France,FRA,220,2019,0.866,0.34881769951146213,0.5171823004885379
Belgium,BEL,211,2019,0.901,0.3509110933735241,0.5500889066264759
Canada,CAN,20,2019,0.85,0.2903085324178655,0.5596914675821345
New Zealand,NZL,920,2019,0.885,0.30578035514646773,0.5792196448535323
Denmark,DNK,390,2019,0.916,0.29918286654579035,0.6168171334542096
Cuba,CUB,40,2020,0.178,0.584464972367162,-0.406464972367162
Nicaragua,NIC,93,2020,0.215,0.6019620974330429,-0.3869620974330429
Bolivia,BOL,145,2020,0.275,0.6322539125309592,-0.3572539125309592
Kyrgyzstan,KGZ,703,2020,0.385,0.716563129980692,-0.33156312998069204
Eritrea,ERI,531,2020,0.069,0.3934947343132234,-0.3244947343132234
Qatar,QAT,694,2020,0.038,0.3587442967476091,-0.3207442967476091
Belarus,BLR,370,2020,0.208,0.5250128440306565,-0.31701284403065655
Morocco,MAR,600,2020,0.257,0.5727530443546085,-0.3157530443546085
Saudi Arabia,SAU,670,2020,0.014,0.3219657060222972,-0.30796570602229717
Venezuela,VEN,101,2020,0.206,0.5072700517648042,-0.30127005176480426
Egypt,EGY,651,2020,0.176,0.47530290315463913,-0.29930290315463914
Azerbaijan,AZE,373,2020,0.194,0.49067485751234924,-0.29667485751234923
Republic of the Congo,COG,484,2020,0.257,0.5529677812331105,-0.2959677812331105
Eswatini,SWZ,572,2020,0.132,0.4258499178615787,-0.2938499178615787
North Korea,PRK,731,2020,0.083,0.3681516467596278,-0.2851516467596278
Uganda,UGA,500,2020,0.285,0.5634128013102373,-0.2784128013102373
Tajikistan,TJK,702,2020,0.17,0.4396953337170719,-0.2696953337170719
China,CHN,710,2020,0.075,0.3435063421803988,-0.2685063421803988
Thailand,THA,800,2020,0.201,0.46092616139465153,-0.2599261613946515
Rwanda,RWA,517,2020,0.227,0.4588906783727329,-0.2318906783727329
United Arab Emirates,ARE,696,2020,0.102,0.33304970756705976,-0.23104970756705978
Uzbekistan,UZB,704,2020,0.206,0.4368330353354376,-0.23083303533543761
Zimbabwe,ZWE,552,2020,0.299,0.5274788937248559,-0.2284788937248559
Zambia,ZMB,551,2020,0.353,0.5632874392881502,-0.2102874392881502
Chad,TCD,483,2020,0.268,0.4725326061223345,-0.20453260612233448
Iran,IRN,630,2020,0.165,0.3618495118525734,-0.1968495118525734
Angola,AGO,540,2020,0.336,0.5316127346532801,-0.19561273465328005
Sudan,SDN,625,2020,0.167,0.34110876051047545,-0.17410876051047544
Ethiopia,ETH,530,2020,0.32,0.48645970157512447,-0.16645970157512446
Bangladesh,BGD,771,2020,0.255,0.4125570825641286,-0.1575570825641286
Laos,LAO,812,2020,0.126,0.27914970977139075,-0.15314970977139075
Comoros,COM,581,2020,0.28,0.4303914565916833,-0.1503914565916833
Kazakhstan,KAZ,705,2020,0.241,0.38482713764460547,-0.14382713764460547
Haiti,HTI,41,2020,0.4,0.5404310580990703,-0.1404310580990703
Equatorial Guinea,GNQ,411,2020,0.175,0.3093171235803644,-0.1343171235803644
Cambodia,KHM,811,2020,0.191,0.32476457447391016,-0.13376457447391016
Afghanistan,AFG,700,2020,0.336,0.45998966974731303,-0.12398966974731301
Democratic Republic of the Congo,COD,490,2020,0.347,0.4689389304516825,-0.12193893045168253
Papua New Guinea,PNG,910,2020,0.455,0.5715227718329544,-0.1165227718329544
Algeria,DZA,615,2020,0.279,0.3934947343132234,-0.11449473431322338
Jordan,JOR,663,2020,0.258,0.36585249138641895,-0.10785249138641895
Mozambique,MOZ,541,2020,0.364,0.46589581646711514,-0.10189581646711515
Türkiye,TUR,640,2020,0.292,0.3934947343132234,-0.10149473431322342
Guinea,GIN,438,2020,0.295,0.3934947343132234,-0.09849473431322342
Cameroon,CMR,471,2020,0.285,0.37886576451752596,-0.09386576451752598
Vietnam,VNM,816,2020,0.211,0.30065766048957,-0.08965766048957
Russia,RUS,365,2020,0.255,0.3418208332932755,-0.0868208332932755
Togo,TGO,461,2020,0.424,0.5103976067676339,-0.08639760676763392
Iraq,IRQ,645,2020,0.376,0.4603438646037381,-0.0843438646037381
Djibouti,DJI,522,2020,0.25,0.3342044524515678,-0.08420445245156782
Colombia,COL,100,2020,0.643,0.7028377557651885,-0.05983775576518846
Honduras,HND,91,2020,0.372,0.4301096271267687,-0.058109627126768704
North Macedonia,MKD,343,2020,0.598,0.6483936089946282,-0.05039360899462819
Oman,OMN,698,2020,0.174,0.21551398584629586,-0.04151398584629587
Bahrain,BHR,692,2020,0.132,0.17324330602154356,-0.04124330602154355
Albania,ALB,339,2020,0.528,0.5680319478735818,-0.040031947873581775
Libya,LBY,620,2020,0.266,0.30101253753960666,-0.03501253753960665
El Salvador,SLV,92,2020,0.518,0.5388059895578887,-0.020805989557888704
Central African Republic,CAF,482,2020,0.374,0.3934947343132234,-0.019494734313223405
Guatemala,GTM,90,2020,0.589,0.6077776646740678,-0.01877766467406783
Gabon,GAB,481,2020,0.368,0.3835609566735042,-0.015560956673504212
Hungary,HUN,310,2020,0.46,0.4660770734073665,-0.006077073407366462
India,IND,750,2020,0.39,0.3934947343132234,-0.003494734313223391
Ukraine,UKR,369,2020,0.552,0.5538689501922758,-0.0018689501922757312
Bosnia and Herzegovina,BIH,346,2020,0.517,0.515304936400688,0.001695063599312041
Poland,POL,290,2020,0.616,0.6136701498906781,0.0023298501093218515
Fiji,FJI,950,2020,0.411,0.4069648225777562,0.004035177422243796
Tanzania,TZA,510,2020,0.383,0.3779248864599657,0.005075113540034315
Philippines,PHL,840,2020,0.405,0.3934947343132234,0.011505265686776622
Kenya,KEN,501,2020,0.503,0.4908690221864479,0.012130977813552102
Benin,BEN,434,2020,0.408,0.3934947343132234,0.01450526568677657
Maldives,MDV,781,2020,0.581,0.5663272225307856,0.01467277746921436
Sierra Leone,SLE,451,2020,0.561,0.5455045314675949,0.015495468532405132
Madagascar,MDG,580,2020,0.486,0.46951625672251895,0.016483743277481033
Indonesia,IDN,850,2020,0.566,0.5493787975166609,0.016621202483339093
Singapore,SGP,830,2020,0.402,0.3779248864599657,0.024075113540034332
Mali,MLI,432,2020,0.421,0.3835609566735042,0.03743904332649578
Malaysia,MYS,820,2020,0.425,0.3779248864599657,0.0470751135400343
Pakistan,PAK,770,2020,0.377,0.3260711438776442,0.050928856122355814
Paraguay,PRY,150,2020,0.578,0.5218149133074805,0.056185086692519426
Lebanon,LBN,660,2020,0.436,0.3779248864599657,0.05807511354003431
Guyana,GUY,110,2020,0.555,0.4945594350290876,0.060440564970912436
Mauritania,MRT,435,2020,0.389,0.3225096409625352,0.06649035903746481
Nigeria,NGA,475,2020,0.512,0.44439292230338434,0.06760707769661567
Nepal,NPL,790,2020,0.598,0.5156925175999664,0.0823074824000336
Burma/Myanmar,MMR,775,2020,0.426,0.34359155368082583,0.08240844631917416
Niger,NER,436,2020,0.544,0.4603438646037381,0.08365613539626193
Ivory Coast,CIV,437,2020,0.499,0.4071276589167224,0.09187234108327758
The Gambia,GMB,420,2020,0.496,0.3934947343132234,0.10250526568677659
Montenegro,MNE,341,2020,0.5,0.3934947343132234,0.1065052656867766
Seychelles,SYC,591,2020,0.666,0.5558745828698495,0.11012541713015056
Bhutan,BTN,760,2020,0.598,0.4848438651667881,0.11315613483321185
Ecuador,ECU,130,2020,0.626,0.511601084218426,0.11439891578157402
Mongolia,MNG,712,2020,0.629,0.5136915999538143,0.1153084000461857
Lesotho,LSO,570,2020,0.627,0.5080107779561641,0.11898922204383588
Georgia,GEO,372,2020,0.616,0.4819464471346047,0.13405355286539528
Bulgaria,BGR,355,2020,0.607,0.46772711805986467,0.13927288194013532
Sri Lanka,LKA,780,2020,0.579,0.42937013525769663,0.14962986474230333
Malawi,MWI,553,2020,0.534,0.38434100778453273,0.1496589922154673
Kuwait,KWT,690,2020,0.317,0.16035341770600228,0.15664658229399772
Mauritius,MUS,590,2020,0.549,0.39221792949308404,0.156782070506916
Dominican Republic,DOM,42,2020,0.656,0.4962121750930666,0.15978782490693344
Cape Verde,CPV,402,2020,0.793,0.6263480643582244,0.1666519356417756
Solomon Islands,SLB,940,2020,0.655,0.4821040845468671,0.17289591545313293
Burkina Faso,BFA,439,2020,0.662,0.476233250221909,0.18576674977809104
Panama,PAN,95,2020,0.721,0.5269759849460206,0.19402401505397937
Timor-Leste,TLS,860,2020,0.679,0.47347245012340955,0.2055275498765905
Greece,GRC,350,2020,0.788,0.5821385981701619,0.20586140182983814
Ghana,GHA,452,2020,0.718,0.5088919072120455,0.2091080927879545
Slovenia,SVN,349,2020,0.752,0.5412626289139761,0.21073737108602386
Namibia,NAM,565,2020,0.632,0.41429141262971036,0.21770858737028964
Lithuania,LTU,368,2020,0.802,0.5728263678557748,0.22917363214422526
Armenia,ARM,371,2020,0.781,0.5431442711241234,0.23785572887587658
Liberia,LBR,450,2020,0.633,0.3934947343132234,0.2395052656867766
Botswana,BWA,571,2020,0.589,0.3493781761217963,0.2396218238782037
Moldova,MDA,359,2020,0.651,0.3934947343132234,0.2575052656867766
Sweden,SWE,380,2020,0.901,0.637613696158408,0.263386303841592
Sao Tome and Principe,STP,403,2020,0.66,0.3934947343132234,0.2665052656867766
Peru,PER,135,2020,0.818,0.5514092162186961,0.26659078378130385
Mexico,MEX,70,2020,0.664,0.3934947343132234,0.27050526568677663
Kosovo,XKX,347,2020,0.67,0.3934947343132234,0.27650526568677664
Romania,ROU,360,2020,0.805,0.5257362802588991,0.279263719741101
Chile,CHL,155,2020,0.837,0.5456202437807001,0.2913797562192999
Barbados,BRB,53,2020,0.811,0.516362807000813,0.294637192999187
Portugal,PRT,235,2020,0.886,0.5844912849474787,0.3015087150525213
Brazil,BRA,140,2020,0.699,0.3934947343132234,0.30550526568677655
Cyprus,CYP,352,2020,0.807,0.4986625691402165,0.30833743085978355
Czechia,CZE,316,2020,0.806,0.49026292049260806,0.315737079507392
Argentina,ARG,160,2020,0.797,0.4758729478202489,0.3211270521797511
South Africa,ZAF,560,2020,0.719,0.3934947343132234,0.32550526568677657
Israel,ISR,666,2020,0.723,0.38885100212686463,0.33414899787313534
Iceland,ISL,395,2020,0.859,0.5138342748122159,0.3451657251877841
Slovakia,SVK,317,2020,0.84,0.48429906130564593,0.35570093869435404
Croatia,HRV,344,2020,0.756,0.3934947343132234,0.3625052656867766
Vanuatu,VUT,935,2020,0.78,0.41651478662790853,0.3634852133720915
Trinidad and Tobago,TTO,52,2020,0.788,0.42209992700319404,0.365900072996806
Suriname,SUR,115,2020,0.754,0.3835609566735042,0.3704390433264958
Senegal,SEN,433,2020,0.728,0.35411180254169267,0.3738881974583073
South Korea,KOR,732,2020,0.85,0.4697562118285932,0.3802437881714068
Japan,JPN,740,2020,0.831,0.4457004722575094,0.38529952774249054
Spain,ESP,230,2020,0.874,0.4762892542757692,0.3977107457242308
Jamaica,JAM,51,2020,0.808,0.39948167208338425,0.4085183279166158
Switzerland,CHE,225,2020,0.902,0.49103601559310617,0.41096398440689386
Estonia,EST,366,2020,0.897,0.4859985324721857,0.4110014675278143
Malta,MLT,338,2020,0.767,0.35568190506005587,0.41131809493994415
Finland,FIN,375,2020,0.88,0.4600697718108123,0.4199302281891877
Taiwan,TWN,713,2020,0.82,0.3835609566735042,0.43643904332649575
United States of America,USA,2,2020,0.815,0.36516170438360573,0.4498382956163942
Italy,ITA,325,2020,0.857,0.4060561253515286,0.4509438746484714
Australia,AUS,900,2020,0.837,0.3779248864599657,0.4590751135400343
Guinea-Bissau,GNB,404,2020,0.533,0.06627172422111927,0.46672827577888076
Uruguay,URY,165,2020,0.867,0.3934947343132234,0.4735052656867766
Austria,AUT,305,2020,0.858,0.3835609566735042,0.4744390433264958
Netherlands,NLD,210,2020,0.864,0.38482713764460547,0.4791728623553945
Latvia,LVA,367,2020,0.822,0.3411742924223107,0.4808257075776893
Ireland,IRL,205,2020,0.891,0.3996935234259877,0.49130647657401233
Luxembourg,LUX,212,2020,0.872,0.3779248864599657,0.4940751135400343
Costa Rica,CRI,94,2020,0.895,0.3934947343132234,0.5015052656867767
France,FRA,220,2020,0.866,0.34881769951146213,0.5171823004885379
Belgium,BEL,211,2020,0.897,0.3509110933735241,0.5460889066264759
Canada,CAN,20,2020,0.849,0.2903085324178655,0.5586914675821345
New Zealand,NZL,920,2020,0.882,0.30578035514646773,0.5762196448535323
Denmark,DNK,390,2020,0.915,0.29918286654579035,0.6158171334542097
Nicaragua,NIC,93,2021,0.195,0.6019620974330429,-0.40696209743304285
Cuba,CUB,40,2021,0.178,0.584464972367162,-0.406464972367162
Belarus,BLR,370,2021,0.172,0.5250128440306565,-0.3530128440306565
Eritrea,ERI,531,2021,0.071,0.3934947343132234,-0.3224947343132234
Afghanistan,AFG,700,2021,0.144,0.45998966974731303,-0.315989669747313
Morocco,MAR,600,2021,0.261,0.5727530443546085,-0.3117530443546085
Saudi Arabia,SAU,670,2021,0.015,0.3219657060222972,-0.30696570602229717
Eswatini,SWZ,572,2021,0.12,0.4258499178615787,-0.3058499178615787
Republic of the Congo,COG,484,2021,0.254,0.5529677812331105,-0.2989677812331105
Azerbaijan,AZE,373,2021,0.193,0.49067485751234924,-0.29767485751234923
Egypt,EGY,651,2021,0.18,0.47530290315463913,-0.29530290315463914
Venezuela,VEN,101,2021,0.215,0.5072700517648042,-0.29227005176480425
Uganda,UGA,500,2021,0.274,0.5634128013102373,-0.2894128013102373
North Korea,PRK,731,2021,0.083,0.3681516467596278,-0.2851516467596278
Qatar,QAT,694,2021,0.089,0.3587442967476091,-0.26974429674760914
Tajikistan,TJK,702,2021,0.171,0.4396953337170719,-0.2686953337170719
China,CHN,710,2021,0.077,0.3435063421803988,-0.2665063421803988
Thailand,THA,800,2021,0.208,0.46092616139465153,-0.2529261613946515
Burma/Myanmar,MMR,775,2021,0.102,0.34359155368082583,-0.24159155368082585
United Arab Emirates,ARE,696,2021,0.1,0.33304970756705976,-0.23304970756705976
Rwanda,RWA,517,2021,0.226,0.4588906783727329,-0.2328906783727329
Uzbekistan,UZB,704,2021,0.204,0.4368330353354376,-0.23283303533543762
Zimbabwe,ZWE,552,2021,0.297,0.5274788937248559,-0.23047889372485592
Haiti,HTI,41,2021,0.33,0.5404310580990703,-0.2104310580990703
Angola,AGO,540,2021,0.325,0.5316127346532801,-0.20661273465328006
Iran,IRN,630,2021,0.158,0.3618495118525734,-0.2038495118525734
Ethiopia,ETH,530,2021,0.29,0.48645970157512447,-0.1964597015751245
Sudan,SDN,625,2021,0.163,0.34110876051047545,-0.17810876051047544
Bangladesh,BGD,771,2021,0.255,0.4125570825641286,-0.1575570825641286
Comoros,COM,581,2021,0.28,0.4303914565916833,-0.1503914565916833
Laos,LAO,812,2021,0.135,0.27914970977139075,-0.14414970977139074
Zambia,ZMB,551,2021,0.421,0.5632874392881502,-0.14228743928815019
Mali,MLI,432,2021,0.243,0.3835609566735042,-0.1405609566735042
Equatorial Guinea,GNQ,411,2021,0.172,0.3093171235803644,-0.1373171235803644
El Salvador,SLV,92,2021,0.403,0.5388059895578887,-0.1358059895578887
Guinea,GIN,438,2021,0.258,0.3934947343132234,-0.1354947343132234
Cambodia,KHM,811,2021,0.19,0.32476457447391016,-0.13476457447391016
Kazakhstan,KAZ,705,2021,0.253,0.38482713764460547,-0.13182713764460546
Vietnam,VNM,816,2021,0.169,0.30065766048957,-0.13165766048956998
Democratic Republic of the Congo,COD,490,2021,0.342,0.4689389304516825,-0.12693893045168247
Papua New Guinea,PNG,910,2021,0.455,0.5715227718329544,-0.1165227718329544
Togo,TGO,461,2021,0.396,0.5103976067676339,-0.11439760676763389
Algeria,DZA,615,2021,0.282,0.3934947343132234,-0.11149473431322343
Jordan,JOR,663,2021,0.257,0.36585249138641895,-0.10885249138641895
Türkiye,TUR,640,2021,0.287,0.3934947343132234,-0.10649473431322343
Mozambique,MOZ,541,2021,0.367,0.46589581646711514,-0.09889581646711515
Cameroon,CMR,471,2021,0.282,0.37886576451752596,-0.09686576451752599
Russia,RUS,365,2021,0.245,0.3418208332932755,-0.09682083329327551
Iraq,IRQ,645,2021,0.374,0.4603438646037381,-0.08634386460373811
Libya,LBY,620,2021,0.216,0.30101253753960666,-0.08501253753960666
Djibouti,DJI,522,2021,0.251,0.3342044524515678,-0.08320445245156782
North Macedonia,MKD,343,2021,0.592,0.6483936089946282,-0.0563936089946282
Guatemala,GTM,90,2021,0.555,0.6077776646740678,-0.05277766467406775
Central African Republic,CAF,482,2021,0.343,0.3934947343132234,-0.05049473431322338
Colombia,COL,100,2021,0.654,0.7028377557651885,-0.04883775576518845
Albania,ALB,339,2021,0.526,0.5680319478735818,-0.042031947873581776
Bahrain,BHR,692,2021,0.134,0.17324330602154356,-0.03924330602154355
Honduras,HND,91,2021,0.394,0.4301096271267687,-0.036109627126768684
Poland,POL,290,2021,0.587,0.6136701498906781,-0.026670149890678174
Bolivia,BOL,145,2021,0.608,0.6322539125309592,-0.02425391253095921
Ukraine,UKR,369,2021,0.537,0.5538689501922758,-0.016868950192275745
Hungary,HUN,310,2021,0.45,0.4660770734073665,-0.01607707340736647
Gabon,GAB,481,2021,0.368,0.3835609566735042,-0.015560956673504212
Tanzania,TZA,510,2021,0.366,0.3779248864599657,-0.0119248864599657
Bosnia and Herzegovina,BIH,346,2021,0.508,0.515304936400688,-0.007304936400687967
Fiji,FJI,950,2021,0.4,0.4069648225777562,-0.006964822577756158
Indonesia,IDN,850,2021,0.545,0.5493787975166609,-0.004378797516660815
Benin,BEN,434,2021,0.39,0.3934947343132234,-0.003494734313223391
Guyana,GUY,110,2021,0.498,0.4945594350290876,0.0034405649709123853
India,IND,750,2021,0.398,0.3934947343132234,0.004505265686776616
Madagascar,MDG,580,2021,0.479,0.46951625672251895,0.009483743277481027
Maldives,MDV,781,2021,0.582,0.5663272225307856,0.01567277746921436
Kenya,KEN,501,2021,0.507,0.4908690221864479,0.016130977813552105
Sierra Leone,SLE,451,2021,0.562,0.5455045314675949,0.016495468532405133
Singapore,SGP,830,2021,0.395,0.3779248864599657,0.017075113540034326
Philippines,PHL,840,2021,0.411,0.3934947343132234,0.017505265686776572
Ivory Coast,CIV,437,2021,0.435,0.4071276589167224,0.027872341083277574
Nigeria,NGA,475,2021,0.488,0.44439292230338434,0.04360707769661565
Malaysia,MYS,820,2021,0.432,0.3779248864599657,0.0540751135400343
Lebanon,LBN,660,2021,0.433,0.3779248864599657,0.055075113540034304
Paraguay,PRY,150,2021,0.578,0.5218149133074805,0.056185086692519426
Niger,NER,436,2021,0.523,0.4603438646037381,0.06265613539626191
Pakistan,PAK,770,2021,0.394,0.3260711438776442,0.06792885612235583
Mauritania,MRT,435,2021,0.391,0.3225096409625352,0.06849035903746481
Bhutan,BTN,760,2021,0.574,0.4848438651667881,0.08915613483321183
Nepal,NPL,790,2021,0.609,0.5156925175999664,0.09330748240003361
Mongolia,MNG,712,2021,0.609,0.5136915999538143,0.09530840004618568
Lesotho,LSO,570,2021,0.616,0.5080107779561641,0.10798922204383588
Ecuador,ECU,130,2021,0.625,0.511601084218426,0.11339891578157402
The Gambia,GMB,420,2021,0.507,0.3934947343132234,0.1135052656867766
Georgia,GEO,372,2021,0.604,0.4819464471346047,0.12205355286539527
Mauritius,MUS,590,2021,0.532,0.39221792949308404,0.139782070506916
Montenegro,MNE,341,2021,0.534,0.3934947343132234,0.14050526568677663
Kuwait,KWT,690,2021,0.301,0.16035341770600228,0.1406465822939977
Sri Lanka,LKA,780,2021,0.572,0.42937013525769663,0.14262986474230333
Cape Verde,CPV,402,2021,0.775,0.6263480643582244,0.1486519356417756
Ghana,GHA,452,2021,0.659,0.5088919072120455,0.15010809278795456
Seychelles,SYC,591,2021,0.711,0.5558745828698495,0.1551254171301505
Burkina Faso,BFA,439,2021,0.634,0.476233250221909,0.15776674977809102
Slovenia,SVN,349,2021,0.715,0.5412626289139761,0.17373737108602383
Solomon Islands,SLB,940,2021,0.658,0.4821040845468671,0.17589591545313293
Greece,GRC,350,2021,0.76,0.5821385981701619,0.17786140182983812
Armenia,ARM,371,2021,0.724,0.5431442711241234,0.18085572887587653
Bulgaria,BGR,355,2021,0.665,0.46772711805986467,0.19727288194013537
Dominican Republic,DOM,42,2021,0.694,0.4962121750930666,0.19778782490693336
Namibia,NAM,565,2021,0.622,0.41429141262971036,0.20770858737028963
Panama,PAN,95,2021,0.735,0.5269759849460206,0.20802401505397938
Malawi,MWI,553,2021,0.603,0.38434100778453273,0.21865899221546725
Timor-Leste,TLS,860,2021,0.693,0.47347245012340955,0.2195275498765904
Peru,PER,135,2021,0.771,0.5514092162186961,0.21959078378130392
Lithuania,LTU,368,2021,0.793,0.5728263678557748,0.22017363214422525
Liberia,LBR,450,2021,0.616,0.3934947343132234,0.2225052656867766
Mexico,MEX,70,2021,0.624,0.3934947343132234,0.2305052656867766
Botswana,BWA,571,2021,0.587,0.3493781761217963,0.2376218238782037
Romania,ROU,360,2021,0.766,0.5257362802588991,0.24026371974110095
Sweden,SWE,380,2021,0.9,0.637613696158408,0.262386303841592
Sao Tome and Principe,STP,403,2021,0.657,0.3934947343132234,0.2635052656867766
Kosovo,XKX,347,2021,0.674,0.3934947343132234,0.28050526568677664
Chile,CHL,155,2021,0.841,0.5456202437807001,0.2953797562192999
Cyprus,CYP,352,2021,0.795,0.4986625691402165,0.29633743085978353
Brazil,BRA,140,2021,0.69,0.3934947343132234,0.29650526568677654
Czechia,CZE,316,2021,0.789,0.49026292049260806,0.298737079507392
Portugal,PRT,235,2021,0.884,0.5844912849474787,0.2995087150525213
Argentina,ARG,160,2021,0.796,0.4758729478202489,0.3201270521797511
Iceland,ISL,395,2021,0.836,0.5138342748122159,0.3221657251877841
South Africa,ZAF,560,2021,0.725,0.3934947343132234,0.3315052656867766
Israel,ISR,666,2021,0.722,0.38885100212686463,0.33314899787313534
Barbados,BRB,53,2021,0.807,0.46516882290155676,0.3418311770984433
Croatia,HRV,344,2021,0.747,0.3934947343132234,0.3535052656867766
Slovakia,SVK,317,2021,0.839,0.48429906130564593,0.35470093869435404
Moldova,MDA,359,2021,0.752,0.3934947343132234,0.3585052656867766
Senegal,SEN,433,2021,0.714,0.35411180254169267,0.3598881974583073
Trinidad and Tobago,TTO,52,2021,0.791,0.42209992700319404,0.368900072996806
Spain,ESP,230,2021,0.85,0.4762892542757692,0.3737107457242308
Suriname,SUR,115,2021,0.761,0.3835609566735042,0.3774390433264958
Japan,JPN,740,2021,0.824,0.4457004722575094,0.37829952774249054
South Korea,KOR,732,2021,0.852,0.4697562118285932,0.3822437881714068
Vanuatu,VUT,935,2021,0.8,0.41651478662790853,0.3834852133720915
Jamaica,JAM,51,2021,0.801,0.39948167208338425,0.4015183279166158
Switzerland,CHE,225,2021,0.896,0.49103601559310617,0.40496398440689385
Finland,FIN,375,2021,0.871,0.4600697718108123,0.4109302281891877
Estonia,EST,366,2021,0.9,0.4859985324721857,0.4140014675278143
Malta,MLT,338,2021,0.77,0.35568190506005587,0.41431809493994415
Taiwan,TWN,713,2021,0.82,0.3835609566735042,0.43643904332649575
Australia,AUS,900,2021,0.828,0.3779248864599657,0.45007511354003427
Italy,ITA,325,2021,0.857,0.4060561253515286,0.4509438746484714
United States of America,USA,2,2021,0.821,0.36516170438360573,0.4558382956163942
Uruguay,URY,165,2021,0.852,0.3934947343132234,0.4585052656867766
Guinea-Bissau,GNB,404,2021,0.535,0.06627172422111927,0.46872827577888077
Austria,AUT,305,2021,0.854,0.3835609566735042,0.4704390433264958
Netherlands,NLD,210,2021,0.864,0.38482713764460547,0.4791728623553945
Latvia,LVA,367,2021,0.831,0.3411742924223107,0.4898257075776893
Luxembourg,LUX,212,2021,0.872,0.3779248864599657,0.4940751135400343
Ireland,IRL,205,2021,0.898,0.3996935234259877,0.49830647657401234
Costa Rica,CRI,94,2021,0.894,0.3934947343132234,0.5005052656867766
France,FRA,220,2021,0.868,0.34881769951146213,0.5191823004885379
Belgium,BEL,211,2021,0.897,0.3509110933735241,0.5460889066264759
Canada,CAN,20,2021,0.843,0.2903085324178655,0.5526914675821345
New Zealand,NZL,920,2021,0.874,0.30578035514646773,0.5682196448535323
Denmark,DNK,390,2021,0.915,0.29918286654579035,0.6158171334542097
Nicaragua,NIC,93,2022,0.158,0.6019620974330429,-0.4439620974330428
Cuba,CUB,40,2022,0.178,0.584464972367162,-0.406464972367162
Afghanistan,AFG,700,2022,0.076,0.45998966974731303,-0.383989669747313
Belarus,BLR,370,2022,0.171,0.5036213570490373,-0.3326213570490373
Eritrea,ERI,531,2022,0.071,0.3934947343132234,-0.3224947343132234
Morocco,MAR,600,2022,0.262,0.5727530443546085,-0.3107530443546085
Republic of the Congo,COG,484,2022,0.243,0.5529677812331105,-0.30996778123311053
Eswatini,SWZ,572,2022,0.117,0.4258499178615787,-0.3088499178615787
Haiti,HTI,41,2022,0.233,0.5404310580990703,-0.30743105809907034
Saudi Arabia,SAU,670,2022,0.015,0.3219657060222972,-0.30696570602229717
Azerbaijan,AZE,373,2022,0.185,0.49067485751234924,-0.30567485751234924
Venezuela,VEN,101,2022,0.209,0.5072700517648042,-0.29827005176480426
Uganda,UGA,500,2022,0.269,0.5634128013102373,-0.2944128013102373
Egypt,EGY,651,2022,0.183,0.47530290315463913,-0.29230290315463914
North Korea,PRK,731,2022,0.083,0.3681516467596278,-0.2851516467596278
Tajikistan,TJK,702,2022,0.164,0.4396953337170719,-0.2756953337170719
Qatar,QAT,694,2022,0.086,0.3587442967476091,-0.27274429674760914
China,CHN,710,2022,0.075,0.3435063421803988,-0.2685063421803988
Burma/Myanmar,MMR,775,2022,0.087,0.34359155368082583,-0.25659155368082587
Thailand,THA,800,2022,0.216,0.46092616139465153,-0.24492616139465154
Rwanda,RWA,517,2022,0.219,0.4588906783727329,-0.2398906783727329
Zimbabwe,ZWE,552,2022,0.292,0.5274788937248559,-0.23547889372485592
United Arab Emirates,ARE,696,2022,0.101,0.33304970756705976,-0.23204970756705975
Uzbekistan,UZB,704,2022,0.213,0.4368330353354376,-0.2238330353354376
Guinea,GIN,438,2022,0.172,0.3934947343132234,-0.22149473431322342
Iran,IRN,630,2022,0.148,0.3618495118525734,-0.21384951185257342
Angola,AGO,540,2022,0.326,0.5316127346532801,-0.20561273465328006
Ethiopia,ETH,530,2022,0.3,0.48645970157512447,-0.18645970157512448
Sudan,SDN,625,2022,0.158,0.34110876051047545,-0.18310876051047545
Ukraine,UKR,369,2022,0.392,0.5538689501922758,-0.16186895019227576
El Salvador,SLV,92,2022,0.378,0.5388059895578887,-0.16080598955788872
Comoros,COM,581,2022,0.272,0.4303914565916833,-0.1583914565916833
Mali,MLI,432,2022,0.231,0.3835609566735042,-0.1525609566735042
Bangladesh,BGD,771,2022,0.261,0.4125570825641286,-0.1515570825641286
Vietnam,VNM,816,2022,0.152,0.30065766048957,-0.14865766048957
Laos,LAO,812,2022,0.134,0.27914970977139075,-0.14514970977139074
Equatorial Guinea,GNQ,411,2022,0.173,0.3093171235803644,-0.1363171235803644
Russia,RUS,365,2022,0.206,0.3418208332932755,-0.13582083329327552
Democratic Republic of the Congo,COD,490,2022,0.336,0.4689389304516825,-0.13293893045168248
Cambodia,KHM,811,2022,0.199,0.32476457447391016,-0.12576457447391015
Algeria,DZA,615,2022,0.269,0.3934947343132234,-0.12449473431322339
Kazakhstan,KAZ,705,2022,0.265,0.38482713764460547,-0.11982713764460545
Togo,TGO,461,2022,0.399,0.5103976067676339,-0.11139760676763388
Jordan,JOR,663,2022,0.256,0.36585249138641895,-0.10985249138641895
Türkiye,TUR,640,2022,0.285,0.3934947343132234,-0.10849473431322343
Papua New Guinea,PNG,910,2022,0.467,0.5715227718329544,-0.10452277183295439
Mozambique,MOZ,541,2022,0.366,0.46589581646711514,-0.09989581646711515
Guatemala,GTM,90,2022,0.509,0.6077776646740678,-0.09877766467406779
Libya,LBY,620,2022,0.206,0.30101253753960666,-0.09501253753960667
North Macedonia,MKD,343,2022,0.56,0.6483936089946282,-0.08839360899462811
Cameroon,CMR,471,2022,0.291,0.37886576451752596,-0.08786576451752598
Djibouti,DJI,522,2022,0.25,0.3342044524515678,-0.08420445245156782
Iraq,IRQ,645,2022,0.385,0.4603438646037381,-0.0753438646037381
Central African Republic,CAF,482,2022,0.326,0.3934947343132234,-0.06749473431322339
Albania,ALB,339,2022,0.517,0.5680319478735818,-0.051031947873581784
Bolivia,BOL,145,2022,0.587,0.6322539125309592,-0.04525391253095923
Zambia,ZMB,551,2022,0.52,0.5632874392881502,-0.043287439288150154
Bahrain,BHR,692,2022,0.135,0.17324330602154356,-0.03824330602154355
Poland,POL,290,2022,0.578,0.6136701498906781,-0.03567014989067818
Gabon,GAB,481,2022,0.362,0.3835609566735042,-0.021560956673504217
Hungary,HUN,310,2022,0.447,0.4660770734073665,-0.019077073407366474
India,IND,750,2022,0.384,0.3934947343132234,-0.009494734313223396
Fiji,FJI,950,2022,0.398,0.4069648225777562,-0.00896482257775616
Colombia,COL,100,2022,0.696,0.7028377557651885,-0.006837755765188525
Guyana,GUY,110,2022,0.491,0.4945594350290876,-0.003559435029087621
Bosnia and Herzegovina,BIH,346,2022,0.521,0.515304936400688,0.005695063599312045
Madagascar,MDG,580,2022,0.477,0.46951625672251895,0.007483743277481025
Indonesia,IDN,850,2022,0.561,0.5493787975166609,0.0116212024833392
Singapore,SGP,830,2022,0.395,0.3779248864599657,0.017075113540034326
Philippines,PHL,840,2022,0.411,0.3934947343132234,0.017505265686776572
Tanzania,TZA,510,2022,0.397,0.3779248864599657,0.019075113540034327
Maldives,MDV,781,2022,0.586,0.5663272225307856,0.019672777469214364
Sierra Leone,SLE,451,2022,0.57,0.5455045314675949,0.02449546853240503
Lebanon,LBN,660,2022,0.405,0.3779248864599657,0.027075113540034335
Benin,BEN,434,2022,0.423,0.3934947343132234,0.029505265686776583
Ivory Coast,CIV,437,2022,0.443,0.4071276589167224,0.03587234108327758
Niger,NER,436,2022,0.504,0.4603438646037381,0.0436561353962619
Nigeria,NGA,475,2022,0.49,0.44439292230338434,0.04560707769661565
Pakistan,PAK,770,2022,0.379,0.3260711438776442,0.052928856122355816
Paraguay,PRY,150,2022,0.578,0.5218149133074805,0.056185086692519426
Kenya,KEN,501,2022,0.55,0.4908690221864479,0.059130977813552144
Mongolia,MNG,712,2022,0.573,0.5136915999538143,0.05930840004618565
Bhutan,BTN,760,2022,0.558,0.4848438651667881,0.07315613483321193
Mauritania,MRT,435,2022,0.396,0.3225096409625352,0.07349035903746481
Malaysia,MYS,820,2022,0.459,0.3779248864599657,0.08107511354003433
Mauritius,MUS,590,2022,0.501,0.39221792949308404,0.10878207050691596
Armenia,ARM,371,2022,0.654,0.5431442711241234,0.11085572887587658
Honduras,HND,91,2022,0.544,0.4301096271267687,0.11389037287323134
Nepal,NPL,790,2022,0.631,0.5156925175999664,0.11530748240003363
Georgia,GEO,372,2022,0.607,0.4819464471346047,0.12505355286539527
Cape Verde,CPV,402,2022,0.754,0.6263480643582244,0.12765193564177557
Kuwait,KWT,690,2022,0.298,0.16035341770600228,0.1376465822939977
Montenegro,MNE,341,2022,0.532,0.3934947343132234,0.13850526568677662
Lesotho,LSO,570,2022,0.648,0.5080107779561641,0.1399892220438359
Ecuador,ECU,130,2022,0.661,0.511601084218426,0.14939891578157405
Ghana,GHA,452,2022,0.663,0.5088919072120455,0.15410809278795456
Romania,ROU,360,2022,0.691,0.5257362802588991,0.16526371974110088
Sri Lanka,LKA,780,2022,0.602,0.42937013525769663,0.17262986474230335
Solomon Islands,SLB,940,2022,0.659,0.4821040845468671,0.17689591545313293
Seychelles,SYC,591,2022,0.735,0.5558745828698495,0.1791254171301505
Greece,GRC,350,2022,0.762,0.5821385981701619,0.17986140182983812
Peru,PER,135,2022,0.733,0.5514092162186961,0.1815907837813039
Mexico,MEX,70,2022,0.584,0.3934947343132234,0.19050526568677656
Dominican Republic,DOM,42,2022,0.692,0.4962121750930666,0.19578782490693336
Panama,PAN,95,2022,0.725,0.5269759849460206,0.19802401505397937
Bulgaria,BGR,355,2022,0.679,0.46772711805986467,0.21127288194013538
Namibia,NAM,565,2022,0.626,0.41429141262971036,0.21170858737028964
Lithuania,LTU,368,2022,0.793,0.5728263678557748,0.22017363214422525
Botswana,BWA,571,2022,0.573,0.3493781761217963,0.22362182387820367
Liberia,LBR,450,2022,0.618,0.3934947343132234,0.2245052656867766
Malawi,MWI,553,2022,0.611,0.38434100778453273,0.22665899221546726
The Gambia,GMB,420,2022,0.621,0.3934947343132234,0.2275052656867766
Timor-Leste,TLS,860,2022,0.709,0.47347245012340955,0.23552754987659041
Sweden,SWE,380,2022,0.892,0.637613696158408,0.254386303841592
Sao Tome and Principe,STP,403,2022,0.65,0.3934947343132234,0.2565052656867766
Portugal,PRT,235,2022,0.847,0.5844912849474787,0.26250871505252127
Slovenia,SVN,349,2022,0.808,0.5412626289139761,0.2667373710860239
Cyprus,CYP,352,2022,0.779,0.4986625691402165,0.2803374308597835
Kosovo,XKX,347,2022,0.676,0.3934947343132234,0.28250526568677664
Chile,CHL,155,2022,0.833,0.5456202437807001,0.2873797562192999
Brazil,BRA,140,2022,0.699,0.3934947343132234,0.30550526568677655
Guinea-Bissau,GNB,404,2022,0.377,0.06627172422111927,0.31072827577888074
Iceland,ISL,395,2022,0.832,0.5138342748122159,0.3181657251877841
South Africa,ZAF,560,2022,0.718,0.3934947343132234,0.32450526568677657
Israel,ISR,666,2022,0.714,0.38885100212686463,0.32514899787313534
Croatia,HRV,344,2022,0.724,0.3934947343132234,0.3305052656867766
Senegal,SEN,433,2022,0.686,0.35411180254169267,0.3318881974583074
South Korea,KOR,732,2022,0.802,0.4697562118285932,0.3322437881714069
Barbados,BRB,53,2022,0.802,0.46516882290155676,0.3368311770984433
Slovakia,SVK,317,2022,0.837,0.48429906130564593,0.35270093869435404
Argentina,ARG,160,2022,0.831,0.4758729478202489,0.35512705217975105
Trinidad and Tobago,TTO,52,2022,0.778,0.42209992700319404,0.355900072996806
Czechia,CZE,316,2022,0.854,0.49026292049260806,0.3637370795073919
Moldova,MDA,359,2022,0.76,0.3934947343132234,0.3665052656867766
Japan,JPN,740,2022,0.823,0.4457004722575094,0.37729952774249054
Vanuatu,VUT,935,2022,0.804,0.41651478662790853,0.3874852133720915
Spain,ESP,230,2022,0.867,0.4762892542757692,0.3907107457242308
Suriname,SUR,115,2022,0.781,0.3835609566735042,0.3974390433264958
Jamaica,JAM,51,2022,0.798,0.39948167208338425,0.3985183279166158
Switzerland,CHE,225,2022,0.893,0.49103601559310617,0.40196398440689385
Finland,FIN,375,2022,0.869,0.4600697718108123,0.4089302281891877
Estonia,EST,366,2022,0.896,0.4859985324721857,0.4100014675278143
Malta,MLT,338,2022,0.78,0.35568190506005587,0.42431809493994416
Uruguay,URY,165,2022,0.818,0.3934947343132234,0.42450526568677655
Italy,ITA,325,2022,0.842,0.4060561253515286,0.4359438746484714
Taiwan,TWN,713,2022,0.827,0.3835609566735042,0.44343904332649575
Austria,AUT,305,2022,0.841,0.3835609566735042,0.45743904332649576
Netherlands,NLD,210,2022,0.852,0.38482713764460547,0.4671728623553945
United States of America,USA,2,2022,0.833,0.36516170438360573,0.46783829561639423
Australia,AUS,900,2022,0.846,0.3779248864599657,0.4680751135400343
Costa Rica,CRI,94,2022,0.866,0.3934947343132234,0.4725052656867766
Latvia,LVA,367,2022,0.829,0.3411742924223107,0.4878257075776893
Ireland,IRL,205,2022,0.892,0.3996935234259877,0.49230647657401233
Luxembourg,LUX,212,2022,0.872,0.3779248864599657,0.4940751135400343
France,FRA,220,2022,0.875,0.34881769951146213,0.5261823004885379
Belgium,BEL,211,2022,0.895,0.3509110933735241,0.5440889066264759
Canada,CAN,20,2022,0.848,0.2903085324178655,0.5576914675821345
New Zealand,NZL,920,2022,0.878,0.30578035514646773,0.5722196448535323
Denmark,DNK,390,2022,0.915,0.29918286654579035,0.6158171334542097
Nicaragua,NIC,93,2023,0.158,0.6019620974330429,-0.4439620974330428
Cuba,CUB,40,2023,0.175,0.584464972367162,-0.409464972367162
Afghanistan,AFG,700,2023,0.073,0.45998966974731303,-0.386989669747313
Belarus,BLR,370,2023,0.157,0.5036213570490373,-0.3466213570490373
Eritrea,ERI,531,2023,0.068,0.3934947343132234,-0.3254947343132234
Morocco,MAR,600,2023,0.262,0.5727530443546085,-0.3107530443546085
Haiti,HTI,41,2023,0.231,0.5404310580990703,-0.30943105809907034
Saudi Arabia,SAU,670,2023,0.014,0.3219657060222972,-0.30796570602229717
Azerbaijan,AZE,373,2023,0.185,0.49067485751234924,-0.30567485751234924
Eswatini,SWZ,572,2023,0.121,0.4258499178615787,-0.3048499178615787
Uganda,UGA,500,2023,0.259,0.5634128013102373,-0.3044128013102373
Chad,TCD,483,2023,0.148,0.45215880013539844,-0.3041588001353984
Venezuela,VEN,101,2023,0.206,0.5072700517648042,-0.30127005176480426
Republic of the Congo,COG,484,2023,0.253,0.5529677812331105,-0.2999677812331105
Egypt,EGY,651,2023,0.187,0.47530290315463913,-0.28830290315463913
North Korea,PRK,731,2023,0.083,0.3681516467596278,-0.2851516467596278
Tajikistan,TJK,702,2023,0.164,0.4396953337170719,-0.2756953337170719
Qatar,QAT,694,2023,0.087,0.3587442967476091,-0.27174429674760914
China,CHN,710,2023,0.074,0.3435063421803988,-0.2695063421803988
Burma/Myanmar,MMR,775,2023,0.077,0.34359155368082583,-0.2665915536808258
Rwanda,RWA,517,2023,0.212,0.4588906783727329,-0.2468906783727329
Zimbabwe,ZWE,552,2023,0.296,0.5274788937248559,-0.23147889372485592
United Arab Emirates,ARE,696,2023,0.102,0.33304970756705976,-0.23104970756705978
Guinea,GIN,438,2023,0.169,0.3934947343132234,-0.2244947343132234
Iran,IRN,630,2023,0.153,0.3618495118525734,-0.20884951185257342
Ethiopia,ETH,530,2023,0.279,0.48645970157512447,-0.20745970157512444
Angola,AGO,540,2023,0.329,0.5316127346532801,-0.20261273465328006
Sudan,SDN,625,2023,0.139,0.34110876051047545,-0.20210876051047544
Comoros,COM,581,2023,0.264,0.4303914565916833,-0.1663914565916833
Thailand,THA,800,2023,0.295,0.46092616139465153,-0.16592616139465155
Ukraine,UKR,369,2023,0.39,0.5538689501922758,-0.16386895019227576
El Salvador,SLV,92,2023,0.377,0.5388059895578887,-0.16180598955788872
Bangladesh,BGD,771,2023,0.253,0.4125570825641286,-0.1595570825641286
Vietnam,VNM,816,2023,0.148,0.30065766048957,-0.15265766048957
Russia,RUS,365,2023,0.19,0.3418208332932755,-0.1518208332932755
Laos,LAO,812,2023,0.132,0.27914970977139075,-0.14714970977139075
Democratic Republic of the Congo,COD,490,2023,0.333,0.4689389304516825,-0.13593893045168248
Cambodia,KHM,811,2023,0.189,0.32476457447391016,-0.13576457447391016
Algeria,DZA,615,2023,0.265,0.3934947343132234,-0.1284947343132234
Equatorial Guinea,GNQ,411,2023,0.183,0.3093171235803644,-0.1263171235803644
Togo,TGO,461,2023,0.389,0.5103976067676339,-0.12139760676763389
Kazakhstan,KAZ,705,2023,0.269,0.38482713764460547,-0.11582713764460545
Mozambique,MOZ,541,2023,0.351,0.46589581646711514,-0.11489581646711516
Jordan,JOR,663,2023,0.252,0.36585249138641895,-0.11385249138641895
Türkiye,TUR,640,2023,0.285,0.3934947343132234,-0.10849473431322343
Papua New Guinea,PNG,910,2023,0.466,0.5715227718329544,-0.10552277183295439
Libya,LBY,620,2023,0.196,0.30101253753960666,-0.10501253753960665
Guatemala,GTM,90,2023,0.506,0.6077776646740678,-0.10177766467406779
Cameroon,CMR,471,2023,0.279,0.37886576451752596,-0.09986576451752593
Central African Republic,CAF,482,2023,0.301,0.3934947343132234,-0.09249473431322341
Iraq,IRQ,645,2023,0.371,0.4603438646037381,-0.08934386460373811
North Macedonia,MKD,343,2023,0.562,0.6483936089946282,-0.08639360899462811
Djibouti,DJI,522,2023,0.25,0.3342044524515678,-0.08420445245156782
Niger,NER,436,2023,0.388,0.4603438646037381,-0.0723438646037381
Albania,ALB,339,2023,0.505,0.5680319478735818,-0.0630319478735818
Gabon,GAB,481,2023,0.325,0.3835609566735042,-0.058560956673504194
Bolivia,BOL,145,2023,0.586,0.6322539125309592,-0.04625391253095923
Zambia,ZMB,551,2023,0.525,0.5632874392881502,-0.03828743928815015
Bahrain,BHR,692,2023,0.138,0.17324330602154356,-0.03524330602154355
Sierra Leone,SLE,451,2023,0.512,0.5455045314675949,-0.03350453146759491
Hungary,HUN,310,2023,0.434,0.4660770734073665,-0.032077073407366485
India,IND,750,2023,0.374,0.3934947343132234,-0.019494734313223405
Lebanon,LBN,660,2023,0.361,0.3779248864599657,-0.016924886459965705
Poland,POL,290,2023,0.598,0.6136701498906781,-0.015670149890678164
Bosnia and Herzegovina,BIH,346,2023,0.502,0.515304936400688,-0.013304936400687972
Indonesia,IDN,850,2023,0.538,0.5493787975166609,-0.011378797516660821
Guyana,GUY,110,2023,0.484,0.4945594350290876,-0.010559435029087627
Madagascar,MDG,580,2023,0.461,0.46951625672251895,-0.008516256722518933
Pakistan,PAK,770,2023,0.334,0.3260711438776442,0.007928856122355832
Colombia,COL,100,2023,0.711,0.7028377557651885,0.008162244234811489
Mongolia,MNG,712,2023,0.534,0.5136915999538143,0.020308400046185726
Philippines,PHL,840,2023,0.416,0.3934947343132234,0.022505265686776577
Singapore,SGP,830,2023,0.405,0.3779248864599657,0.027075113540034335
Maldives,MDV,781,2023,0.596,0.5663272225307856,0.029672777469214373
Tanzania,TZA,510,2023,0.409,0.3779248864599657,0.031075113540034283
Ivory Coast,CIV,437,2023,0.445,0.4071276589167224,0.03787234108327758
Nigeria,NGA,475,2023,0.484,0.44439292230338434,0.039607077696615645
Mauritania,MRT,435,2023,0.368,0.3225096409625352,0.04549035903746479
Bhutan,BTN,760,2023,0.532,0.4848438651667881,0.047156134833211905
Paraguay,PRY,150,2023,0.576,0.5218149133074805,0.054185086692519424
Mauritius,MUS,590,2023,0.47,0.39221792949308404,0.07778207050691593
Kenya,KEN,501,2023,0.57,0.4908690221864479,0.07913097781355205
Armenia,ARM,371,2023,0.631,0.5431442711241234,0.08785572887587656
Benin,BEN,434,2023,0.487,0.3934947343132234,0.09350526568677658
Fiji,FJI,950,2023,0.509,0.4069648225777562,0.10203517742224383
Honduras,HND,91,2023,0.539,0.4301096271267687,0.10889037287323133
Georgia,GEO,372,2023,0.591,0.4819464471346047,0.10905355286539525
Cape Verde,CPV,402,2023,0.75,0.6263480643582244,0.12365193564177557
Ecuador,ECU,130,2023,0.641,0.511601084218426,0.12939891578157403
Malaysia,MYS,820,2023,0.508,0.3779248864599657,0.13007511354003432
Ghana,GHA,452,2023,0.657,0.5088919072120455,0.14810809278795456
Peru,PER,135,2023,0.7,0.5514092162186961,0.14859078378130386
Romania,ROU,360,2023,0.677,0.5257362802588991,0.15126371974110098
Greece,GRC,350,2023,0.735,0.5821385981701619,0.1528614018298381
Kuwait,KWT,690,2023,0.314,0.16035341770600228,0.15364658229399772
Mexico,MEX,70,2023,0.548,0.3934947343132234,0.15450526568677664
Sri Lanka,LKA,780,2023,0.585,0.42937013525769663,0.15562986474230334
Lesotho,LSO,570,2023,0.667,0.5080107779561641,0.15898922204383592
Nepal,NPL,790,2023,0.685,0.5156925175999664,0.16930748240003368
Seychelles,SYC,591,2023,0.728,0.5558745828698495,0.1721254171301505
Solomon Islands,SLB,940,2023,0.666,0.4821040845468671,0.18389591545313294
Malawi,MWI,553,2023,0.571,0.38434100778453273,0.18665899221546722
Bulgaria,BGR,355,2023,0.659,0.46772711805986467,0.19127288194013536
Panama,PAN,95,2023,0.722,0.5269759849460206,0.19502401505397937
Dominican Republic,DOM,42,2023,0.692,0.4962121750930666,0.19578782490693336
Namibia,NAM,565,2023,0.622,0.41429141262971036,0.20770858737028963
Lithuania,LTU,368,2023,0.785,0.5728263678557748,0.21217363214422524
Botswana,BWA,571,2023,0.564,0.3493781761217963,0.21462182387820367
Montenegro,MNE,341,2023,0.61,0.3934947343132234,0.21650526568677658
Slovenia,SVN,349,2023,0.76,0.5412626289139761,0.21873737108602387
Liberia,LBR,450,2023,0.624,0.3934947343132234,0.2305052656867766
Timor-Leste,TLS,860,2023,0.714,0.47347245012340955,0.24052754987659042
The Gambia,GMB,420,2023,0.635,0.3934947343132234,0.2415052656867766
Sweden,SWE,380,2023,0.883,0.637613696158408,0.245386303841592
Sao Tome and Principe,STP,403,2023,0.644,0.3934947343132234,0.2505052656867766
South Korea,KOR,732,2023,0.722,0.4697562118285932,0.2522437881714068
Portugal,PRT,235,2023,0.854,0.5844912849474787,0.2695087150525213
Senegal,SEN,433,2023,0.625,0.35411180254169267,0.27088819745830733
Cyprus,CYP,352,2023,0.777,0.4986625691402165,0.2783374308597835
Kosovo,XKX,347,2023,0.676,0.3934947343132234,0.28250526568677664
Chile,CHL,155,2023,0.836,0.5456202437807001,0.2903797562192999
Israel,ISR,666,2023,0.704,0.38885100212686463,0.31514899787313533
South Africa,ZAF,560,2023,0.712,0.3934947343132234,0.31850526568677656
Moldova,MDA,359,2023,0.712,0.3934947343132234,0.31850526568677656
Iceland,ISL,395,2023,0.841,0.5138342748122159,0.3271657251877841
Slovakia,SVK,317,2023,0.812,0.48429906130564593,0.3277009386943541
Croatia,HRV,344,2023,0.725,0.3934947343132234,0.3315052656867766
Barbados,BRB,53,2023,0.802,0.46516882290155676,0.3368311770984433
Trinidad and Tobago,TTO,52,2023,0.778,0.42209992700319404,0.355900072996806
Guinea-Bissau,GNB,404,2023,0.428,0.06627172422111927,0.3617282757788807
Argentina,ARG,160,2023,0.838,0.4758729478202489,0.36212705217975105
Spain,ESP,230,2023,0.846,0.4762892542757692,0.3697107457242308
Czechia,CZE,316,2023,0.863,0.49026292049260806,0.37273707950739193
Japan,JPN,740,2023,0.826,0.4457004722575094,0.38029952774249054
Suriname,SUR,115,2023,0.764,0.3835609566735042,0.3804390433264958
Finland,FIN,375,2023,0.853,0.4600697718108123,0.39293022818918766
Switzerland,CHE,225,2023,0.884,0.49103601559310617,0.39296398440689384
Brazil,BRA,140,2023,0.79,0.3934947343132234,0.39650526568677663
Jamaica,JAM,51,2023,0.798,0.39948167208338425,0.3985183279166158
Italy,ITA,325,2023,0.806,0.4060561253515286,0.3999438746484715
Vanuatu,VUT,935,2023,0.82,0.41651478662790853,0.4034852133720914
Estonia,EST,366,2023,0.893,0.4859985324721857,0.4070014675278143
Malta,MLT,338,2023,0.783,0.35568190506005587,0.42731809493994416
Taiwan,TWN,713,2023,0.823,0.3835609566735042,0.43943904332649575
Uruguay,URY,165,2023,0.833,0.3934947343132234,0.43950526568677656
Netherlands,NLD,210,2023,0.847,0.38482713764460547,0.4621728623553945
Austria,AUT,305,2023,0.848,0.3835609566735042,0.46443904332649577
Costa Rica,CRI,94,2023,0.862,0.3934947343132234,0.4685052656867766
Australia,AUS,900,2023,0.851,0.3779248864599657,0.4730751135400343
United States of America,USA,2,2023,0.857,0.36516170438360573,0.49183829561639425
Luxembourg,LUX,212,2023,0.871,0.3779248864599657,0.4930751135400343
Ireland,IRL,205,2023,0.894,0.3996935234259877,0.49430647657401233
Latvia,LVA,367,2023,0.846,0.3411742924223107,0.5048257075776893
France,FRA,220,2023,0.871,0.34881769951146213,0.5221823004885379
Belgium,BEL,211,2023,0.895,0.3509110933735241,0.5440889066264759
Canada,CAN,20,2023,0.847,0.2903085324178655,0.5566914675821345
New Zealand,NZL,920,2023,0.88,0.30578035514646773,0.5742196448535323
Denmark,DNK,390,2023,0.917,0.29918286654579035,0.6178171334542097
