country_name,country_text_id,COWcode,year,v2x_delibdem,pred,residual
Burundi,BDI,516,2016,0.042,0.4165489200102638,-0.3745489200102638
Azerbaijan,AZE,373,2016,0.045,0.3888078248347492,-0.3438078248347492
Nicaragua,NIC,93,2016,0.133,0.4742500556786057,-0.34125005567860567
The Gambia,GMB,420,2016,0.088,0.4149968520290517,-0.3269968520290517
Eritrea,ERI,531,2016,0.021,0.34581654016795865,-0.32481654016795863
Sudan,SDN,625,2016,0.06,0.36508737469603336,-0.30508737469603336
Tajikistan,TJK,702,2016,0.047,0.3443032714943637,-0.2973032714943637
Uzbekistan,UZB,704,2016,0.062,0.3553273423234967,-0.2933273423234967
Türkiye,TUR,640,2016,0.098,0.3886294227354783,-0.2906294227354783
Venezuela,VEN,101,2016,0.061,0.34924098759048994,-0.28824098759048994
Maldives,MDV,781,2016,0.192,0.47841048817571585,-0.28641048817571585
Belarus,BLR,370,2016,0.098,0.3824304225920273,-0.28443042259202733
North Korea,PRK,731,2016,0.009,0.2839689352081696,-0.2749689352081696
Egypt,EGY,651,2016,0.109,0.382433292586378,-0.273433292586378
Democratic Republic of the Congo,COD,490,2016,0.123,0.36432636514749006,-0.24132636514749006
Kazakhstan,KAZ,705,2016,0.116,0.3549816245132119,-0.23898162451321192
Saudi Arabia,SAU,670,2016,0.05,0.2864382807916255,-0.2364382807916255
Eswatini,SWZ,572,2016,0.089,0.31579160312842963,-0.22679160312842964
Equatorial Guinea,GNQ,411,2016,0.061,0.28252556701887016,-0.22152556701887016
Angola,AGO,540,2016,0.12,0.3404656605501133,-0.2204656605501133
Papua New Guinea,PNG,910,2016,0.26,0.46823926266331833,-0.20823926266331833
Laos,LAO,812,2016,0.054,0.25671746511595955,-0.20271746511595956
Qatar,QAT,694,2016,0.09,0.29105521453783634,-0.20105521453783634
Russia,RUS,365,2016,0.146,0.3443032714943637,-0.1983032714943637
Ethiopia,ETH,530,2016,0.146,0.3404656605501133,-0.1944656605501133
Guinea,GIN,438,2016,0.152,0.34405351983483956,-0.19205351983483956
Oman,OMN,698,2016,0.071,0.2554449728027905,-0.18444497280279049
Republic of the Congo,COG,484,2016,0.159,0.3404656605501133,-0.1814656605501133
Uganda,UGA,500,2016,0.243,0.42412067581043456,-0.18112067581043456
Zimbabwe,ZWE,552,2016,0.232,0.41175832424907355,-0.17975832424907354
Chad,TCD,483,2016,0.121,0.28724228291315423,-0.16624228291315424
Cuba,CUB,40,2016,0.082,0.2272004378226369,-0.14520043782263692
Armenia,ARM,371,2016,0.227,0.37041014785192206,-0.14341014785192205
Madagascar,MDG,580,2016,0.273,0.39879174411506835,-0.12579174411506833
Rwanda,RWA,517,2016,0.209,0.33447028678929286,-0.12547028678929287
Fiji,FJI,950,2016,0.286,0.41125589916357885,-0.12525589916357888
Bangladesh,BGD,771,2016,0.14,0.2591015725712092,-0.11910157257120918
Cameroon,CMR,471,2016,0.133,0.24493281094712732,-0.11193281094712731
Albania,ALB,339,2016,0.29,0.39390172132123924,-0.10390172132123926
Montenegro,MNE,341,2016,0.396,0.499341311760033,-0.10334131176003297
Afghanistan,AFG,700,2016,0.257,0.35726802400532087,-0.10026802400532087
Zambia,ZMB,551,2016,0.262,0.3612667899377701,-0.0992667899377701
China,CHN,710,2016,0.149,0.24529871531711717,-0.09629871531711717
United Arab Emirates,ARE,696,2016,0.087,0.1827501695043015,-0.09575016950430151
Morocco,MAR,600,2016,0.255,0.3443516713448042,-0.0893516713448042
Djibouti,DJI,522,2016,0.138,0.22276444685129104,-0.08476444685129103
Bahrain,BHR,692,2016,0.047,0.12929529685839977,-0.08229529685839977
Cambodia,KHM,811,2016,0.128,0.2055736368251127,-0.0775736368251127
Kenya,KEN,501,2016,0.435,0.5101494738313392,-0.07514947383133924
North Macedonia,MKD,343,2016,0.269,0.34405351983483956,-0.07505351983483954
Iraq,IRQ,645,2016,0.269,0.33630836505553574,-0.06730836505553572
Iran,IRN,630,2016,0.18,0.24447873402631715,-0.06447873402631715
Kyrgyzstan,KGZ,703,2016,0.383,0.4430087811177506,-0.0600087811177506
Haiti,HTI,41,2016,0.265,0.32409842717802484,-0.059098427178024826
Moldova,MDA,359,2016,0.354,0.41256213967957994,-0.05856213967957996
Ukraine,UKR,369,2016,0.357,0.40951165066525963,-0.052511650665259646
Central African Republic,CAF,482,2016,0.256,0.307252040518199,-0.05125204051819898
Guatemala,GTM,90,2016,0.378,0.4221930519277548,-0.0441930519277548
Honduras,HND,91,2016,0.288,0.327293247122495,-0.039293247122495045
Jordan,JOR,663,2016,0.196,0.2349611312446109,-0.0389611312446109
Togo,TGO,461,2016,0.374,0.40578406647291254,-0.03178406647291254
Mozambique,MOZ,541,2016,0.296,0.32629980389257723,-0.03029980389257725
Paraguay,PRY,150,2016,0.325,0.35437937020225224,-0.02937937020225223
Comoros,COM,581,2016,0.277,0.30075020333347646,-0.02375020333347644
Ecuador,ECU,130,2016,0.344,0.3638859061335754,-0.019885906133575437
Vietnam,VNM,816,2016,0.181,0.19782802384823656,-0.016828023848236562
Bhutan,BTN,760,2016,0.466,0.4824101086139143,-0.016410108613914287
Timor-Leste,TLS,860,2016,0.441,0.45667174186430126,-0.01567174186430126
Nigeria,NGA,475,2016,0.427,0.43866851543444313,-0.011668515434443139
Bosnia and Herzegovina,BIH,346,2016,0.366,0.362319729762634,0.0036802702373660012
Pakistan,PAK,770,2016,0.29,0.281913192548056,0.008086807451943956
Algeria,DZA,615,2016,0.22,0.21181174338238884,0.008188256617611162
Gabon,GAB,481,2016,0.33,0.32136746672628913,0.008632533273710885
Hungary,HUN,310,2016,0.349,0.34011992158969356,0.008880078410306413
Libya,LBY,620,2016,0.232,0.22277159838488386,0.00922840161511615
Philippines,PHL,840,2016,0.392,0.3802479885236191,0.011752011476380941
Burma/Myanmar,MMR,775,2016,0.337,0.3178406827332579,0.019159317266742137
Solomon Islands,SLB,940,2016,0.365,0.3440117510182421,0.020988248981757884
Malaysia,MYS,820,2016,0.245,0.22086911240653023,0.024130887593469763
India,IND,750,2016,0.393,0.36871874958433903,0.024281250415660982
Kosovo,XKX,347,2016,0.439,0.4137814782045507,0.02521852179544931
Seychelles,SYC,591,2016,0.485,0.4501254060193998,0.034874593980600166
Mauritania,MRT,435,2016,0.258,0.2124836755518689,0.04551632444813111
Sierra Leone,SLE,451,2016,0.379,0.32991466451600887,0.04908533548399113
Tanzania,TZA,510,2016,0.332,0.27844898415910513,0.05355101584089489
Singapore,SGP,830,2016,0.359,0.30457753151702127,0.054422468482978714
Dominican Republic,DOM,42,2016,0.422,0.36385405691570444,0.05814594308429555
Mexico,MEX,70,2016,0.504,0.43737194416895225,0.06662805583104775
Malawi,MWI,553,2016,0.422,0.34669494625756203,0.07530505374243796
Guyana,GUY,110,2016,0.393,0.31516019564463293,0.07783980435536708
Sri Lanka,LKA,780,2016,0.454,0.37481807462009487,0.07918192537990515
Poland,POL,290,2016,0.503,0.41951688917843416,0.08348311082156584
Nepal,NPL,790,2016,0.441,0.3440117510182421,0.0969882489817579
Lesotho,LSO,570,2016,0.426,0.3285678132135424,0.0974321867864576
Bolivia,BOL,145,2016,0.444,0.3440117510182421,0.0999882489817579
Ivory Coast,CIV,437,2016,0.441,0.3404656605501133,0.10053433944988671
Kuwait,KWT,690,2016,0.306,0.19199653896456578,0.11400346103543421
Guinea-Bissau,GNB,404,2016,0.216,0.09811891581365909,0.11788108418634091
El Salvador,SLV,92,2016,0.441,0.31698209872588357,0.12401790127411644
Brazil,BRA,140,2016,0.586,0.4551340549802815,0.1308659450197185
Georgia,GEO,372,2016,0.539,0.40632963190502175,0.13267036809497829
Sao Tome and Principe,STP,403,2016,0.466,0.3249329923595768,0.14106700764042324
South Korea,KOR,732,2016,0.567,0.417064400786408,0.14993559921359195
Bulgaria,BGR,355,2016,0.544,0.3929184225939557,0.15108157740604433
Argentina,ARG,160,2016,0.594,0.4373921142160857,0.15660788578391427
Mongolia,MNG,712,2016,0.558,0.3998500288306843,0.15814997116931573
Cape Verde,CPV,402,2016,0.626,0.45823041509506435,0.16776958490493565
Indonesia,IDN,850,2016,0.547,0.37879564235887514,0.1682043576411249
Niger,NER,436,2016,0.515,0.3404656605501133,0.17453433944988672
Croatia,HRV,344,2016,0.54,0.3518889352644363,0.18811106473556372
Mali,MLI,432,2016,0.451,0.26282117655451004,0.18817882344548997
Slovakia,SVK,317,2016,0.644,0.4493763633819683,0.19462363661803173
Namibia,NAM,565,2016,0.559,0.36218826007856936,0.1968117399214307
Liberia,LBR,450,2016,0.526,0.31493396281899827,0.21106603718100175
Lebanon,LBN,660,2016,0.384,0.16611099514179634,0.21788900485820367
Colombia,COL,100,2016,0.565,0.3447751990945423,0.22022480090545765
Peru,PER,135,2016,0.607,0.3773695551015382,0.2296304448984618
Vanuatu,VUT,935,2016,0.619,0.382894591918419,0.23610540808158098
Burkina Faso,BFA,439,2016,0.586,0.34405351983483956,0.2419464801651604
Ghana,GHA,452,2016,0.597,0.3496787780075678,0.24732122199243217
Lithuania,LTU,368,2016,0.678,0.40982967696729183,0.2681703230327082
South Africa,ZAF,560,2016,0.631,0.3627680468833919,0.2682319531166081
Benin,BEN,434,2016,0.632,0.3587089431186989,0.2732910568813011
Botswana,BWA,571,2016,0.535,0.25922894055886786,0.27577105944113217
Japan,JPN,740,2016,0.726,0.4495574644564916,0.2764425355435084
Mauritius,MUS,590,2016,0.603,0.32264742622514814,0.28035257377485184
Romania,ROU,360,2016,0.644,0.36168430544858615,0.28231569455141386
Panama,PAN,95,2016,0.632,0.3474166465223219,0.2845833534776781
Malta,MLT,338,2016,0.631,0.3324748331610354,0.29852516683896463
Spain,ESP,230,2016,0.738,0.4386592103475161,0.2993407896524839
Israel,ISR,666,2016,0.589,0.28925089068494064,0.2997491093150593
Barbados,BRB,53,2016,0.669,0.34188294192281266,0.3271170580771874
Cyprus,CYP,352,2016,0.73,0.3927281089328188,0.3372718910671812
Czechia,CZE,316,2016,0.73,0.3909156952674957,0.3390843047325043
Trinidad and Tobago,TTO,52,2016,0.678,0.32773383136419154,0.3502661686358085
Suriname,SUR,115,2016,0.594,0.22168026972296112,0.37231973027703885
Greece,GRC,350,2016,0.749,0.3711847355297825,0.3778152644702175
Slovenia,SVN,349,2016,0.785,0.4066724730218096,0.37832752697819044
Senegal,SEN,433,2016,0.608,0.2278446053203591,0.3801553946796409
Austria,AUT,305,2016,0.771,0.3838201133174055,0.3871798866825945
Estonia,EST,366,2016,0.825,0.4256624926619468,0.3993375073380532
Iceland,ISL,395,2016,0.735,0.333230337986846,0.401769662013154
Latvia,LVA,367,2016,0.704,0.2943658680738321,0.4096341319261679
Jamaica,JAM,51,2016,0.697,0.2850480205022632,0.41195197949773676
Chile,CHL,155,2016,0.816,0.38528531022585355,0.4307146897741464
Canada,CAN,20,2016,0.74,0.2921137025752364,0.4478862974247636
United States of America,USA,2,2016,0.812,0.36043665995338753,0.4515633400466125
Taiwan,TWN,713,2016,0.742,0.2842566668155028,0.45774333318449717
Luxembourg,LUX,212,2016,0.826,0.3595960300352453,0.46640396996475464
Finland,FIN,375,2016,0.806,0.3264481174924962,0.47955188250750386
Portugal,PRT,235,2016,0.839,0.3440117510182421,0.49498824898175786
Netherlands,NLD,210,2016,0.815,0.31834390427707765,0.4966560957229223
Uruguay,URY,165,2016,0.827,0.3241330456197608,0.5028669543802391
Sweden,SWE,380,2016,0.876,0.3712884067731009,0.5047115932268991
Costa Rica,CRI,94,2016,0.839,0.33214966349302416,0.5068503365069759
Australia,AUS,900,2016,0.798,0.28894041360601025,0.5090595863939897
France,FRA,220,2016,0.82,0.2842566668155028,0.5357433331844972
New Zealand,NZL,920,2016,0.765,0.22695294445697597,0.538047055543024
Switzerland,CHE,225,2016,0.87,0.33008206750906266,0.5399179324909373
Belgium,BEL,211,2016,0.811,0.26535557946152166,0.5456444205384784
Ireland,IRL,205,2016,0.794,0.22810914996024487,0.5658908500397551
Italy,ITA,325,2016,0.808,0.19127115102067208,0.616728848979328
Denmark,DNK,390,2016,0.877,0.2019802049866945,0.6750197950133054
Burundi,BDI,516,2017,0.04,0.4165489200102638,-0.3765489200102638
Nicaragua,NIC,93,2017,0.123,0.4742500556786057,-0.3512500556786057
Azerbaijan,AZE,373,2017,0.063,0.3888078248347492,-0.3258078248347492
Eritrea,ERI,531,2017,0.021,0.34581654016795865,-0.32481654016795863
Maldives,MDV,781,2017,0.172,0.47841048817571585,-0.30641048817571587
Tajikistan,TJK,702,2017,0.042,0.3443032714943637,-0.3023032714943637
Venezuela,VEN,101,2017,0.047,0.34924098759048994,-0.30224098759048995
Türkiye,TUR,640,2017,0.096,0.3886294227354783,-0.2926294227354783
Egypt,EGY,651,2017,0.097,0.382433292586378,-0.28543329258637795
Belarus,BLR,370,2017,0.097,0.3824304225920273,-0.28543042259202733
Sudan,SDN,625,2017,0.082,0.36508737469603336,-0.28308737469603334
North Korea,PRK,731,2017,0.009,0.2839689352081696,-0.2749689352081696
Thailand,THA,800,2017,0.027,0.289811004862853,-0.26281100486285297
Kazakhstan,KAZ,705,2017,0.112,0.35637252896604243,-0.24437252896604245
Saudi Arabia,SAU,670,2017,0.043,0.2864382807916255,-0.2434382807916255
Democratic Republic of the Congo,COD,490,2017,0.128,0.36432636514749006,-0.23632636514749006
Papua New Guinea,PNG,910,2017,0.235,0.46823926266331833,-0.23323926266331835
Eswatini,SWZ,572,2017,0.091,0.31579160312842963,-0.22479160312842963
Equatorial Guinea,GNQ,411,2017,0.061,0.28252556701887016,-0.22152556701887016
Angola,AGO,540,2017,0.124,0.3404656605501133,-0.2164656605501133
Uzbekistan,UZB,704,2017,0.145,0.3553273423234967,-0.21032734232349673
Qatar,QAT,694,2017,0.091,0.29105521453783634,-0.20005521453783634
Ethiopia,ETH,530,2017,0.145,0.3404656605501133,-0.1954656605501133
Guinea,GIN,438,2017,0.149,0.34405351983483956,-0.19505351983483957
Russia,RUS,365,2017,0.151,0.3443032714943637,-0.1933032714943637
Laos,LAO,812,2017,0.066,0.25671746511595955,-0.19071746511595955
Oman,OMN,698,2017,0.067,0.2554449728027905,-0.1884449728027905
Republic of the Congo,COG,484,2017,0.161,0.3404656605501133,-0.1794656605501133
Zimbabwe,ZWE,552,2017,0.241,0.41175832424907355,-0.17075832424907356
Chad,TCD,483,2017,0.117,0.28724228291315423,-0.17024228291315424
Uganda,UGA,500,2017,0.269,0.42412067581043456,-0.15512067581043454
Cuba,CUB,40,2017,0.081,0.2272004378226369,-0.14620043782263692
Afghanistan,AFG,700,2017,0.22,0.35726802400532087,-0.13726802400532087
Cameroon,CMR,471,2017,0.116,0.24493281094712732,-0.12893281094712733
Rwanda,RWA,517,2017,0.21,0.33447028678929286,-0.12447028678929287
Montenegro,MNE,341,2017,0.376,0.499341311760033,-0.12334131176003299
Madagascar,MDG,580,2017,0.276,0.39879174411506835,-0.12279174411506832
Bangladesh,BGD,771,2017,0.14,0.2591015725712092,-0.11910157257120918
Albania,ALB,339,2017,0.276,0.39390172132123924,-0.11790172132123922
Fiji,FJI,950,2017,0.296,0.41125589916357885,-0.11525589916357887
Cambodia,KHM,811,2017,0.091,0.2055736368251127,-0.1145736368251127
Armenia,ARM,371,2017,0.261,0.37041014785192206,-0.10941014785192205
China,CHN,710,2017,0.138,0.24529871531711717,-0.10729871531711715
Kenya,KEN,501,2017,0.408,0.5101494738313392,-0.10214947383133927
Morocco,MAR,600,2017,0.247,0.3443516713448042,-0.09735167134480421
United Arab Emirates,ARE,696,2017,0.086,0.1827501695043015,-0.09675016950430151
Moldova,MDA,359,2017,0.321,0.41256213967957994,-0.09156213967957993
Zambia,ZMB,551,2017,0.274,0.3612667899377701,-0.0872667899377701
Djibouti,DJI,522,2017,0.138,0.22276444685129104,-0.08476444685129103
Iran,IRN,630,2017,0.161,0.24447873402631715,-0.08347873402631714
Bahrain,BHR,692,2017,0.047,0.12929529685839977,-0.08229529685839977
Kyrgyzstan,KGZ,703,2017,0.361,0.4430087811177506,-0.08200878111775062
Iraq,IRQ,645,2017,0.256,0.33630836505553574,-0.08030836505553574
Central African Republic,CAF,482,2017,0.229,0.307252040518199,-0.07825204051819898
Togo,TGO,461,2017,0.332,0.40578406647291254,-0.07378406647291252
The Gambia,GMB,420,2017,0.35,0.4149968520290517,-0.0649968520290517
Haiti,HTI,41,2017,0.267,0.32409842717802484,-0.057098427178024824
Honduras,HND,91,2017,0.272,0.327293247122495,-0.055293247122495004
Ukraine,UKR,369,2017,0.357,0.40951165066525963,-0.052511650665259646
Guatemala,GTM,90,2017,0.378,0.4221930519277548,-0.0441930519277548
Mozambique,MOZ,541,2017,0.289,0.32629980389257723,-0.037299803892577255
Comoros,COM,581,2017,0.267,0.30075020333347646,-0.03375020333347645
Romania,ROU,360,2017,0.33,0.36168430544858615,-0.031684305448586136
Jordan,JOR,663,2017,0.204,0.2349611312446109,-0.030961131244610918
Paraguay,PRY,150,2017,0.325,0.35437937020225224,-0.02937937020225223
Kosovo,XKX,347,2017,0.387,0.4137814782045507,-0.02678147820455068
Hungary,HUN,310,2017,0.317,0.34011992158969356,-0.02311992158969356
Nigeria,NGA,475,2017,0.416,0.43866851543444313,-0.02266851543444315
India,IND,750,2017,0.353,0.36871874958433903,-0.015718749584339053
Vietnam,VNM,816,2017,0.183,0.19782802384823656,-0.01482802384823656
Gabon,GAB,481,2017,0.309,0.32136746672628913,-0.012367466726289134
Bosnia and Herzegovina,BIH,346,2017,0.366,0.362319729762634,0.0036802702373660012
Philippines,PHL,840,2017,0.385,0.3802479885236191,0.004752011476380935
Libya,LBY,620,2017,0.228,0.22277159838488386,0.005228401615116146
Pakistan,PAK,770,2017,0.288,0.281913192548056,0.006086807451943954
Burma/Myanmar,MMR,775,2017,0.324,0.3178406827332579,0.006159317266742126
Mauritania,MRT,435,2017,0.219,0.2124836755518689,0.0065163244481311056
Bhutan,BTN,760,2017,0.489,0.4824101086139143,0.006589891386085678
Algeria,DZA,615,2017,0.231,0.21181174338238884,0.01918825661761117
Timor-Leste,TLS,860,2017,0.477,0.45667174186430126,0.020328258135698718
Solomon Islands,SLB,940,2017,0.367,0.3440117510182421,0.022988248981757886
Malaysia,MYS,820,2017,0.257,0.22086911240653023,0.036130887593469774
Dominican Republic,DOM,42,2017,0.405,0.36385405691570444,0.04114594308429559
Singapore,SGP,830,2017,0.348,0.30457753151702127,0.043422468482978704
Lesotho,LSO,570,2017,0.374,0.3285678132135424,0.04543218678645761
Poland,POL,290,2017,0.467,0.41951688917843416,0.047483110821565866
Seychelles,SYC,591,2017,0.5,0.4501254060193998,0.04987459398060018
Mexico,MEX,70,2017,0.495,0.43737194416895225,0.05762805583104774
Malawi,MWI,553,2017,0.406,0.34669494625756203,0.059305053742437996
Tanzania,TZA,510,2017,0.341,0.27844898415910513,0.0625510158408949
Ecuador,ECU,130,2017,0.437,0.3638859061335754,0.07311409386642459
Bolivia,BOL,145,2017,0.425,0.3440117510182421,0.08098824898175788
North Macedonia,MKD,343,2017,0.43,0.34405351983483956,0.08594648016516043
Sri Lanka,LKA,780,2017,0.464,0.37481807462009487,0.08918192537990516
Bulgaria,BGR,355,2017,0.483,0.3929184225939557,0.09008157740604428
Guyana,GUY,110,2017,0.409,0.31516019564463293,0.09383980435536704
Nepal,NPL,790,2017,0.449,0.3440117510182421,0.1049882489817579
Kuwait,KWT,690,2017,0.3,0.19199653896456578,0.1080034610354342
Sierra Leone,SLE,451,2017,0.451,0.32991466451600887,0.12108533548399114
Guinea-Bissau,GNB,404,2017,0.221,0.09811891581365909,0.12288108418634092
Brazil,BRA,140,2017,0.581,0.4551340549802815,0.12586594501971848
El Salvador,SLV,92,2017,0.444,0.31698209872588357,0.12701790127411644
Georgia,GEO,372,2017,0.534,0.40632963190502175,0.12767036809497828
Ivory Coast,CIV,437,2017,0.471,0.3404656605501133,0.13053433944988668
Sao Tome and Principe,STP,403,2017,0.458,0.3249329923595768,0.13306700764042323
Argentina,ARG,160,2017,0.579,0.4373921142160857,0.14160788578391426
Mongolia,MNG,712,2017,0.552,0.3998500288306843,0.15214997116931572
Lebanon,LBN,660,2017,0.321,0.16611099514179634,0.15488900485820367
Niger,NER,436,2017,0.498,0.3404656605501133,0.1575343394498867
Indonesia,IDN,850,2017,0.538,0.37879564235887514,0.1592043576411249
Cape Verde,CPV,402,2017,0.62,0.45823041509506435,0.16176958490493565
Mali,MLI,432,2017,0.426,0.26282117655451004,0.16317882344548995
Liberia,LBR,450,2017,0.494,0.31493396281899827,0.17906603718100172
Namibia,NAM,565,2017,0.552,0.36218826007856936,0.1898117399214307
Slovakia,SVK,317,2017,0.645,0.4493763633819683,0.19562363661803173
Colombia,COL,100,2017,0.557,0.3447751990945423,0.21222480090545776
Benin,BEN,434,2017,0.58,0.3587089431186989,0.22129105688130107
Croatia,HRV,344,2017,0.574,0.3518889352644363,0.22211106473556363
Burkina Faso,BFA,439,2017,0.57,0.34405351983483956,0.2259464801651604
Lithuania,LTU,368,2017,0.642,0.40982967696729183,0.23217032303270818
Peru,PER,135,2017,0.62,0.3773695551015382,0.2426304448984618
Barbados,BRB,53,2017,0.595,0.34188294192281266,0.2531170580771873
Vanuatu,VUT,935,2017,0.641,0.382894591918419,0.258105408081581
South Africa,ZAF,560,2017,0.626,0.3627680468833919,0.2632319531166081
Ghana,GHA,452,2017,0.613,0.3496787780075678,0.2633212219924322
United States of America,USA,2,2017,0.625,0.36043665995338753,0.26456334004661247
Panama,PAN,95,2017,0.617,0.3474166465223219,0.2695833534776781
Japan,JPN,740,2017,0.729,0.4495574644564916,0.2794425355435084
Botswana,BWA,571,2017,0.539,0.25922894055886786,0.2797710594411322
Israel,ISR,666,2017,0.573,0.28925089068494064,0.2837491093150593
Malta,MLT,338,2017,0.618,0.3324748331610354,0.2855251668389646
Spain,ESP,230,2017,0.73,0.4386592103475161,0.2913407896524839
Czechia,CZE,316,2017,0.687,0.3909156952674957,0.29608430473250436
Mauritius,MUS,590,2017,0.62,0.32264742622514814,0.29735257377485186
Cyprus,CYP,352,2017,0.702,0.3927281089328188,0.30927189106718117
Slovenia,SVN,349,2017,0.741,0.4066724730218096,0.3343275269781904
Senegal,SEN,433,2017,0.577,0.2278446053203591,0.34915539467964085
Trinidad and Tobago,TTO,52,2017,0.688,0.32773383136419154,0.3602661686358084
Austria,AUT,305,2017,0.747,0.3838201133174055,0.3631798866825945
South Korea,KOR,732,2017,0.781,0.417064400786408,0.36393559921359203
Greece,GRC,350,2017,0.746,0.3711847355297825,0.3748152644702175
Suriname,SUR,115,2017,0.598,0.22168026972296112,0.37631973027703886
Latvia,LVA,367,2017,0.681,0.2943658680738321,0.38663413192616797
Estonia,EST,366,2017,0.824,0.4256624926619468,0.3983375073380532
Jamaica,JAM,51,2017,0.7,0.2850480205022632,0.41495197949773677
Chile,CHL,155,2017,0.801,0.38528531022585355,0.4157146897741465
Iceland,ISL,395,2017,0.755,0.333230337986846,0.421769662013154
Canada,CAN,20,2017,0.744,0.2921137025752364,0.4518862974247636
Taiwan,TWN,713,2017,0.745,0.2842566668155028,0.4607433331844972
Luxembourg,LUX,212,2017,0.826,0.3595960300352453,0.46640396996475464
Finland,FIN,375,2017,0.81,0.3264481174924962,0.48355188250750386
Netherlands,NLD,210,2017,0.809,0.31834390427707765,0.4906560957229224
Uruguay,URY,165,2017,0.816,0.3241330456197608,0.49186695438023914
Portugal,PRT,235,2017,0.847,0.3440117510182421,0.5029882489817579
Sweden,SWE,380,2017,0.876,0.3712884067731009,0.5047115932268991
Australia,AUS,900,2017,0.797,0.28894041360601025,0.5080595863939898
Costa Rica,CRI,94,2017,0.844,0.33214966349302416,0.5118503365069758
New Zealand,NZL,920,2017,0.758,0.22695294445697597,0.531047055543024
France,FRA,220,2017,0.816,0.2842566668155028,0.5317433331844972
Belgium,BEL,211,2017,0.807,0.26535557946152166,0.5416444205384784
Switzerland,CHE,225,2017,0.872,0.33008206750906266,0.5419179324909373
Ireland,IRL,205,2017,0.801,0.22810914996024487,0.5728908500397552
Italy,ITA,325,2017,0.807,0.19127115102067208,0.615728848979328
Denmark,DNK,390,2017,0.881,0.2019802049866945,0.6790197950133054
Nicaragua,NIC,93,2018,0.027,0.4742500556786057,-0.44725005567860565
Maldives,MDV,781,2018,0.134,0.47841048817571585,-0.34441048817571585
Azerbaijan,AZE,373,2018,0.052,0.3888078248347492,-0.3368078248347492
Eritrea,ERI,531,2018,0.023,0.34581654016795865,-0.32281654016795863
Venezuela,VEN,101,2018,0.039,0.34924098759048994,-0.31024098759048996
Tajikistan,TJK,702,2018,0.037,0.3443032714943637,-0.3073032714943637
Sudan,SDN,625,2018,0.068,0.36508737469603336,-0.29708737469603336
Türkiye,TUR,640,2018,0.092,0.3886294227354783,-0.2966294227354783
Egypt,EGY,651,2018,0.096,0.382433292586378,-0.28643329258637795
Belarus,BLR,370,2018,0.097,0.3824304225920273,-0.28543042259202733
North Korea,PRK,731,2018,0.008,0.2839689352081696,-0.2759689352081696
Thailand,THA,800,2018,0.03,0.289811004862853,-0.259811004862853
Kazakhstan,KAZ,705,2018,0.108,0.35637252896604243,-0.24837252896604245
Saudi Arabia,SAU,670,2018,0.044,0.2864382807916255,-0.2424382807916255
Democratic Republic of the Congo,COD,490,2018,0.124,0.36432636514749006,-0.24032636514749006
Papua New Guinea,PNG,910,2018,0.24,0.46823926266331833,-0.22823926266331834
Equatorial Guinea,GNQ,411,2018,0.061,0.28252556701887016,-0.22152556701887016
Eswatini,SWZ,572,2018,0.105,0.31579160312842963,-0.21079160312842965
Qatar,QAT,694,2018,0.091,0.29105521453783634,-0.20005521453783634
Laos,LAO,812,2018,0.066,0.25671746511595955,-0.19071746511595955
Oman,OMN,698,2018,0.067,0.2554449728027905,-0.1884449728027905
Guinea,GIN,438,2018,0.158,0.34405351983483956,-0.18605351983483956
Russia,RUS,365,2018,0.16,0.3443032714943637,-0.18430327149436368
Zimbabwe,ZWE,552,2018,0.234,0.41175832424907355,-0.17775832424907353
Republic of the Congo,COG,484,2018,0.163,0.3404656605501133,-0.17746566055011329
Angola,AGO,540,2018,0.167,0.3404656605501133,-0.17346566055011328
Uzbekistan,UZB,704,2018,0.184,0.3553273423234967,-0.17132734232349672
Uganda,UGA,500,2018,0.262,0.42412067581043456,-0.16212067581043454
Chad,TCD,483,2018,0.133,0.29115311998298204,-0.15815311998298204
Bangladesh,BGD,771,2018,0.105,0.2591015725712092,-0.1541015725712092
Cameroon,CMR,471,2018,0.111,0.24493281094712732,-0.13393281094712733
Cambodia,KHM,811,2018,0.075,0.2055736368251127,-0.1305736368251127
Montenegro,MNE,341,2018,0.372,0.499341311760033,-0.127341311760033
Cuba,CUB,40,2018,0.101,0.2272004378226369,-0.1262004378226369
Albania,ALB,339,2018,0.268,0.39390172132123924,-0.12590172132123922
Rwanda,RWA,517,2018,0.211,0.33447028678929286,-0.12347028678929287
China,CHN,710,2018,0.128,0.24529871531711717,-0.11729871531711716
Fiji,FJI,950,2018,0.294,0.41125589916357885,-0.11725589916357887
Kenya,KEN,501,2018,0.398,0.5101494738313392,-0.11214947383133922
Ethiopia,ETH,530,2018,0.231,0.3404656605501133,-0.10946566055011328
Guatemala,GTM,90,2018,0.313,0.4221930519277548,-0.1091930519277548
Madagascar,MDG,580,2018,0.29,0.39879174411506835,-0.10879174411506837
Afghanistan,AFG,700,2018,0.249,0.35726802400532087,-0.10826802400532087
United Arab Emirates,ARE,696,2018,0.076,0.1827501695043015,-0.10675016950430151
Iran,IRN,630,2018,0.142,0.24447873402631715,-0.10247873402631716
Morocco,MAR,600,2018,0.247,0.3443516713448042,-0.09735167134480421
Moldova,MDA,359,2018,0.323,0.41256213967957994,-0.08956213967957993
Bahrain,BHR,692,2018,0.041,0.12929529685839977,-0.08829529685839976
Comoros,COM,581,2018,0.23,0.30944485374740566,-0.07944485374740565
Central African Republic,CAF,482,2018,0.228,0.307252040518199,-0.07925204051819898
Honduras,HND,91,2018,0.25,0.327293247122495,-0.07729324712249502
Hungary,HUN,310,2018,0.265,0.34011992158969356,-0.07511992158969355
Togo,TGO,461,2018,0.332,0.40578406647291254,-0.07378406647291252
Djibouti,DJI,522,2018,0.154,0.22276444685129104,-0.06876444685129104
Kyrgyzstan,KGZ,703,2018,0.375,0.4430087811177506,-0.0680087811177506
Mozambique,MOZ,541,2018,0.271,0.32629980389257723,-0.055299803892577215
Zambia,ZMB,551,2018,0.309,0.3612667899377701,-0.05226678993777012
Haiti,HTI,41,2018,0.272,0.32409842717802484,-0.05209842717802482
Romania,ROU,360,2018,0.318,0.36168430544858615,-0.04368430544858615
Ukraine,UKR,369,2018,0.374,0.40951165066525963,-0.03551165066525963
Nigeria,NGA,475,2018,0.405,0.43866851543444313,-0.0336685154344431
Iraq,IRQ,645,2018,0.306,0.33630836505553574,-0.030308365055535746
The Gambia,GMB,420,2018,0.386,0.4149968520290517,-0.028996852029051667
Bosnia and Herzegovina,BIH,346,2018,0.341,0.362319729762634,-0.021319729762633965
Jordan,JOR,663,2018,0.215,0.2349611312446109,-0.019961131244610908
India,IND,750,2018,0.349,0.36871874958433903,-0.019718749584339057
Gabon,GAB,481,2018,0.283,0.294134557697672,-0.01113455769767202
Vietnam,VNM,816,2018,0.187,0.19782802384823656,-0.010828023848236557
Philippines,PHL,840,2018,0.372,0.3802479885236191,-0.008247988523619076
Paraguay,PRY,150,2018,0.35,0.35437937020225224,-0.004379370202252264
Algeria,DZA,615,2018,0.218,0.21181174338238884,0.00618825661761116
Burma/Myanmar,MMR,775,2018,0.325,0.3178406827332579,0.007159317266742127
Pakistan,PAK,770,2018,0.298,0.281913192548056,0.016086807451943963
Libya,LBY,620,2018,0.24,0.22277159838488386,0.01722840161511613
Solomon Islands,SLB,940,2018,0.365,0.3440117510182421,0.020988248981757884
Mauritania,MRT,435,2018,0.234,0.2124836755518689,0.02151632444813112
Bhutan,BTN,760,2018,0.51,0.4824101086139143,0.027589891386085696
Singapore,SGP,830,2018,0.339,0.30457753151702127,0.03442246848297875
Kosovo,XKX,347,2018,0.454,0.4137814782045507,0.040218521795449325
Timor-Leste,TLS,860,2018,0.497,0.45667174186430126,0.040328258135698736
Tanzania,TZA,510,2018,0.321,0.27844898415910513,0.04255101584089488
Dominican Republic,DOM,42,2018,0.414,0.36385405691570444,0.05014594308429554
Mexico,MEX,70,2018,0.488,0.43737194416895225,0.050628055831047736
Poland,POL,290,2018,0.474,0.41951688917843416,0.05448311082156582
Sri Lanka,LKA,780,2018,0.431,0.37481807462009487,0.05618192537990513
Malawi,MWI,553,2018,0.404,0.34669494625756203,0.057305053742437995
Seychelles,SYC,591,2018,0.513,0.4501254060193998,0.06287459398060019
Bolivia,BOL,145,2018,0.412,0.3440117510182421,0.06798824898175787
Benin,BEN,434,2018,0.428,0.3587089431186989,0.0692910568813011
Brazil,BRA,140,2018,0.536,0.4551340549802815,0.08086594501971855
Armenia,ARM,371,2018,0.456,0.37041014785192206,0.08558985214807796
Bulgaria,BGR,355,2018,0.479,0.3929184225939557,0.08608157740604427
Nepal,NPL,790,2018,0.437,0.3440117510182421,0.09298824898175789
El Salvador,SLV,92,2018,0.41,0.31698209872588357,0.09301790127411641
North Macedonia,MKD,343,2018,0.448,0.34405351983483956,0.10394648016516045
Kuwait,KWT,690,2018,0.298,0.19199653896456578,0.1060034610354342
Georgia,GEO,372,2018,0.519,0.40632963190502175,0.11267036809497827
Malaysia,MYS,820,2018,0.336,0.22086911240653023,0.11513088759346979
Ecuador,ECU,130,2018,0.484,0.3638859061335754,0.12011409386642458
Lebanon,LBN,660,2018,0.29,0.16611099514179634,0.12388900485820364
Cape Verde,CPV,402,2018,0.584,0.45823041509506435,0.12576958490493562
Colombia,COL,100,2018,0.473,0.3447751990945423,0.12822480090545768
Guinea-Bissau,GNB,404,2018,0.227,0.09811891581365909,0.12888108418634092
Lesotho,LSO,570,2018,0.46,0.3285678132135424,0.13143218678645763
Ivory Coast,CIV,437,2018,0.474,0.3404656605501133,0.13353433944988669
Sao Tome and Principe,STP,403,2018,0.459,0.3249329923595768,0.13406700764042323
Indonesia,IDN,850,2018,0.515,0.37879564235887514,0.13620435764112487
Mongolia,MNG,712,2018,0.539,0.3998500288306843,0.1391499711693157
Mali,MLI,432,2018,0.405,0.26282117655451004,0.14217882344549
Namibia,NAM,565,2018,0.507,0.36218826007856936,0.14481173992143065
Guyana,GUY,110,2018,0.461,0.31516019564463293,0.1458398043553671
Niger,NER,436,2018,0.488,0.3404656605501133,0.1475343394498867
Sierra Leone,SLE,451,2018,0.483,0.32991466451600887,0.15308533548399111
Argentina,ARG,160,2018,0.598,0.4373921142160857,0.16060788578391427
Liberia,LBR,450,2018,0.496,0.31493396281899827,0.18106603718100173
Slovakia,SVK,317,2018,0.637,0.4493763633819683,0.18762363661803172
Croatia,HRV,344,2018,0.554,0.3518889352644363,0.20211106473556373
Lithuania,LTU,368,2018,0.616,0.40982967696729183,0.20617032303270816
Burkina Faso,BFA,439,2018,0.552,0.34405351983483956,0.20794648016516049
Peru,PER,135,2018,0.612,0.3773695551015382,0.2346304448984618
United States of America,USA,2,2018,0.625,0.36043665995338753,0.26456334004661247
Panama,PAN,95,2018,0.614,0.3474166465223219,0.2665833534776781
Vanuatu,VUT,935,2018,0.654,0.382894591918419,0.271105408081581
South Africa,ZAF,560,2018,0.637,0.3627680468833919,0.2742319531166081
Czechia,CZE,316,2018,0.667,0.3909156952674957,0.27608430473250434
Israel,ISR,666,2018,0.567,0.28925089068494064,0.2777491093150593
Japan,JPN,740,2018,0.728,0.4495574644564916,0.2784425355435084
Ghana,GHA,452,2018,0.632,0.3496787780075678,0.2823212219924322
Malta,MLT,338,2018,0.613,0.32152162663224704,0.29147837336775295
Botswana,BWA,571,2018,0.56,0.25922894055886786,0.3007710594411322
Mauritius,MUS,590,2018,0.63,0.32264742622514814,0.30735257377485187
Spain,ESP,230,2018,0.754,0.4386592103475161,0.3153407896524839
Cyprus,CYP,352,2018,0.715,0.3927281089328188,0.3222718910671812
Senegal,SEN,433,2018,0.551,0.2278446053203591,0.32315539467964094
Austria,AUT,305,2018,0.711,0.3838201133174055,0.32717988668259446
Slovenia,SVN,349,2018,0.745,0.4066724730218096,0.3383275269781904
Barbados,BRB,53,2018,0.682,0.34188294192281266,0.3401170580771874
Trinidad and Tobago,TTO,52,2018,0.677,0.32773383136419154,0.3492661686358085
South Korea,KOR,732,2018,0.783,0.417064400786408,0.36593559921359203
Greece,GRC,350,2018,0.744,0.3711847355297825,0.3728152644702175
Suriname,SUR,115,2018,0.599,0.22168026972296112,0.37731973027703886
Latvia,LVA,367,2018,0.675,0.2943658680738321,0.38063413192616796
Chile,CHL,155,2018,0.775,0.38528531022585355,0.38971468977414647
Estonia,EST,366,2018,0.823,0.4256624926619468,0.3973375073380532
Jamaica,JAM,51,2018,0.685,0.2850480205022632,0.39995197949773686
Iceland,ISL,395,2018,0.765,0.333230337986846,0.43176966201315403
Canada,CAN,20,2018,0.745,0.2921137025752364,0.4528862974247636
Luxembourg,LUX,212,2018,0.826,0.3595960300352453,0.46640396996475464
Taiwan,TWN,713,2018,0.752,0.2842566668155028,0.4677433331844972
Netherlands,NLD,210,2018,0.813,0.31834390427707765,0.4946560957229223
Costa Rica,CRI,94,2018,0.827,0.33214966349302416,0.4948503365069758
Finland,FIN,375,2018,0.822,0.3264481174924962,0.49555188250750376
Sweden,SWE,380,2018,0.87,0.3712884067731009,0.4987115932268991
Australia,AUS,900,2018,0.788,0.28894041360601025,0.4990595863939898
Uruguay,URY,165,2018,0.831,0.3241330456197608,0.5068669543802391
Portugal,PRT,235,2018,0.853,0.3440117510182421,0.5089882489817579
Ireland,IRL,205,2018,0.803,0.28664106204739415,0.5163589379526059
France,FRA,220,2018,0.808,0.2842566668155028,0.5237433331844972
New Zealand,NZL,920,2018,0.764,0.22695294445697597,0.537047055543024
Belgium,BEL,211,2018,0.807,0.26535557946152166,0.5416444205384784
Switzerland,CHE,225,2018,0.872,0.33008206750906266,0.5419179324909373
Italy,ITA,325,2018,0.793,0.19127115102067208,0.601728848979328
Denmark,DNK,390,2018,0.878,0.2019802049866945,0.6760197950133056
Nicaragua,NIC,93,2019,0.026,0.4742500556786057,-0.44825005567860565
Azerbaijan,AZE,373,2019,0.043,0.3888078248347492,-0.3458078248347492
Cuba,CUB,40,2019,0.102,0.4383775735436383,-0.33637757354363834
Eritrea,ERI,531,2019,0.027,0.34581654016795865,-0.31881654016795863
Venezuela,VEN,101,2019,0.041,0.34924098759048994,-0.30824098759048996
Tajikistan,TJK,702,2019,0.039,0.3443032714943637,-0.3053032714943637
Türkiye,TUR,640,2019,0.094,0.3886294227354783,-0.2946294227354783
Belarus,BLR,370,2019,0.099,0.3824304225920273,-0.28343042259202733
North Korea,PRK,731,2019,0.008,0.2839689352081696,-0.2759689352081696
Egypt,EGY,651,2019,0.095,0.3705543933073929,-0.27555439330739295
Eswatini,SWZ,572,2019,0.071,0.31579160312842963,-0.24479160312842962
Saudi Arabia,SAU,670,2019,0.047,0.2864382807916255,-0.2394382807916255
Equatorial Guinea,GNQ,411,2019,0.057,0.28252556701887016,-0.22552556701887017
Thailand,THA,800,2019,0.069,0.289811004862853,-0.220811004862853
Kazakhstan,KAZ,705,2019,0.145,0.35637252896604243,-0.21137252896604244
Sudan,SDN,625,2019,0.139,0.3503166231676504,-0.21131662316765037
Guinea,GIN,438,2019,0.133,0.34405351983483956,-0.21105351983483955
Papua New Guinea,PNG,910,2019,0.259,0.46823926266331833,-0.20923926266331833
Qatar,QAT,694,2019,0.09,0.29105521453783634,-0.20105521453783634
Russia,RUS,365,2019,0.152,0.3443032714943637,-0.1923032714943637
Oman,OMN,698,2019,0.067,0.2554449728027905,-0.1884449728027905
Zimbabwe,ZWE,552,2019,0.224,0.41175832424907355,-0.18775832424907354
Laos,LAO,812,2019,0.07,0.25671746511595955,-0.18671746511595955
Uzbekistan,UZB,704,2019,0.18,0.3553273423234967,-0.17532734232349673
Republic of the Congo,COG,484,2019,0.17,0.3404656605501133,-0.17046566055011328
Uganda,UGA,500,2019,0.256,0.42412067581043456,-0.16812067581043455
Kyrgyzstan,KGZ,703,2019,0.278,0.4430087811177506,-0.16500878111775058
Chad,TCD,483,2019,0.134,0.29115311998298204,-0.15715311998298204
Angola,AGO,540,2019,0.185,0.3404656605501133,-0.1554656605501133
Bangladesh,BGD,771,2019,0.114,0.2591015725712092,-0.1451015725712092
Madagascar,MDG,580,2019,0.254,0.39879174411506835,-0.14479174411506834
Albania,ALB,339,2019,0.255,0.39390172132123924,-0.13890172132123924
Fiji,FJI,950,2019,0.277,0.41125589916357885,-0.13425589916357883
Cameroon,CMR,471,2019,0.114,0.24493281094712732,-0.13093281094712733
Cambodia,KHM,811,2019,0.075,0.2055736368251127,-0.1305736368251127
China,CHN,710,2019,0.118,0.24529871531711717,-0.12729871531711717
Montenegro,MNE,341,2019,0.374,0.499341311760033,-0.125341311760033
Rwanda,RWA,517,2019,0.213,0.33447028678929286,-0.12147028678929286
Zambia,ZMB,551,2019,0.248,0.3612667899377701,-0.11326678993777012
Afghanistan,AFG,700,2019,0.251,0.35726802400532087,-0.10626802400532087
United Arab Emirates,ARE,696,2019,0.077,0.1827501695043015,-0.10575016950430151
Comoros,COM,581,2019,0.205,0.30944485374740566,-0.10444485374740567
Morocco,MAR,600,2019,0.245,0.3443516713448042,-0.09935167134480422
Iran,IRN,630,2019,0.147,0.24447873402631715,-0.09747873402631715
Democratic Republic of the Congo,COD,490,2019,0.267,0.36432636514749006,-0.09732636514749005
Bahrain,BHR,692,2019,0.04,0.12929529685839977,-0.08929529685839976
Central African Republic,CAF,482,2019,0.221,0.307252040518199,-0.08625204051819899
Togo,TGO,461,2019,0.322,0.40578406647291254,-0.08378406647291253
Nigeria,NGA,475,2019,0.356,0.43866851543444313,-0.08266851543444315
Guatemala,GTM,90,2019,0.341,0.4221930519277548,-0.08119305192775478
Djibouti,DJI,522,2019,0.145,0.22276444685129104,-0.07776444685129105
Kenya,KEN,501,2019,0.435,0.5101494738313392,-0.07514947383133924
India,IND,750,2019,0.297,0.36871874958433903,-0.07171874958433905
Honduras,HND,91,2019,0.256,0.327293247122495,-0.07129324712249502
Hungary,HUN,310,2019,0.271,0.34011992158969356,-0.06911992158969354
Haiti,HTI,41,2019,0.259,0.32409842717802484,-0.06509842717802483
Mozambique,MOZ,541,2019,0.266,0.32629980389257723,-0.06029980389257722
Ethiopia,ETH,530,2019,0.285,0.3404656605501133,-0.055465660550113316
Benin,BEN,434,2019,0.312,0.35865702068797545,-0.04665702068797545
Iraq,IRQ,645,2019,0.291,0.33630836505553574,-0.04530836505553576
Maldives,MDV,781,2019,0.434,0.47841048817571585,-0.044410488175715856
Bolivia,BOL,145,2019,0.309,0.3440117510182421,-0.03501175101824211
The Gambia,GMB,420,2019,0.387,0.4149968520290517,-0.027996852029051666
El Salvador,SLV,92,2019,0.297,0.31698209872588357,-0.01998209872588358
Philippines,PHL,840,2019,0.362,0.3802479885236191,-0.018247988523619085
Gabon,GAB,481,2019,0.278,0.294134557697672,-0.01613455769767197
Jordan,JOR,663,2019,0.219,0.2349611312446109,-0.015961131244610904
Algeria,DZA,615,2019,0.197,0.21181174338238884,-0.014811743382388831
Moldova,MDA,359,2019,0.398,0.41256213967957994,-0.014562139679579922
Mexico,MEX,70,2019,0.425,0.43737194416895225,-0.012371944168952265
Solomon Islands,SLB,940,2019,0.344,0.3440117510182421,-1.1751018242134315e-05
Vietnam,VNM,816,2019,0.199,0.19782802384823656,0.0011719761517634542
Pakistan,PAK,770,2019,0.284,0.281913192548056,0.0020868074519439506
Bosnia and Herzegovina,BIH,346,2019,0.365,0.362319729762634,0.0026802702373660003
Sri Lanka,LKA,780,2019,0.384,0.37481807462009487,0.009181925379905143
Libya,LBY,620,2019,0.232,0.22277159838488386,0.00922840161511615
Malawi,MWI,553,2019,0.361,0.34669494625756203,0.014305053742437956
Romania,ROU,360,2019,0.378,0.36168430544858615,0.01631569455141385
Burma/Myanmar,MMR,775,2019,0.336,0.3178406827332579,0.018159317266742137
Paraguay,PRY,150,2019,0.378,0.35437937020225224,0.02362062979774776
Poland,POL,290,2019,0.445,0.41951688917843416,0.025483110821565846
Singapore,SGP,830,2019,0.335,0.30457753151702127,0.03042246848297875
Brazil,BRA,140,2019,0.487,0.4551340549802815,0.03186594501971851
Ukraine,UKR,369,2019,0.456,0.40951165066525963,0.046488349334740386
Timor-Leste,TLS,860,2019,0.505,0.45667174186430126,0.04832825813569874
Kosovo,XKX,347,2019,0.463,0.4137814782045507,0.04921852179544933
Dominican Republic,DOM,42,2019,0.417,0.36385405691570444,0.053145943084295544
Tanzania,TZA,510,2019,0.334,0.27844898415910513,0.05555101584089489
Bhutan,BTN,760,2019,0.539,0.4824101086139143,0.05658989138608572
Nepal,NPL,790,2019,0.408,0.3440117510182421,0.06398824898175787
Seychelles,SYC,591,2019,0.523,0.4501254060193998,0.0728745939806002
Bulgaria,BGR,355,2019,0.471,0.3929184225939557,0.07808157740604427
Colombia,COL,100,2019,0.424,0.3447751990945423,0.07922480090545769
Mauritania,MRT,435,2019,0.292,0.2124836755518689,0.07951632444813109
Georgia,GEO,372,2019,0.499,0.40632963190502175,0.09267036809497825
Ecuador,ECU,130,2019,0.457,0.3638859061335754,0.09311409386642461
North Macedonia,MKD,343,2019,0.444,0.34405351983483956,0.09994648016516045
Kuwait,KWT,690,2019,0.296,0.19199653896456578,0.1040034610354342
Ivory Coast,CIV,437,2019,0.448,0.3404656605501133,0.10753433944988672
Namibia,NAM,565,2019,0.483,0.36218826007856936,0.12081173992143063
Mongolia,MNG,712,2019,0.536,0.3998500288306843,0.1361499711693157
Guyana,GUY,110,2019,0.453,0.31516019564463293,0.13783980435536708
Malaysia,MYS,820,2019,0.36,0.22086911240653023,0.13913088759346975
Cape Verde,CPV,402,2019,0.598,0.45823041509506435,0.13976958490493563
Lebanon,LBN,660,2019,0.306,0.16611099514179634,0.13988900485820366
Indonesia,IDN,850,2019,0.519,0.37879564235887514,0.14020435764112488
Sao Tome and Principe,STP,403,2019,0.472,0.3249329923595768,0.1470670076404232
Niger,NER,436,2019,0.49,0.3404656605501133,0.1495343394498867
Guinea-Bissau,GNB,404,2019,0.252,0.09811891581365909,0.15388108418634092
Sierra Leone,SLE,451,2019,0.487,0.32991466451600887,0.15708533548399112
Lesotho,LSO,570,2019,0.489,0.3285678132135424,0.1604321867864576
Argentina,ARG,160,2019,0.599,0.4373921142160857,0.16160788578391427
Mali,MLI,432,2019,0.432,0.26282117655451004,0.16917882344548996
Liberia,LBR,450,2019,0.491,0.31493396281899827,0.17606603718100172
Peru,PER,135,2019,0.599,0.4080673736485097,0.19093262635149028
Croatia,HRV,344,2019,0.547,0.3518889352644363,0.19511106473556372
Burkina Faso,BFA,439,2019,0.54,0.34405351983483956,0.19594648016516047
Slovakia,SVK,317,2019,0.662,0.4493763633819683,0.21262363661803174
Panama,PAN,95,2019,0.59,0.3474166465223219,0.24258335347767807
Czechia,CZE,316,2019,0.635,0.3909156952674957,0.2440843047325043
Ghana,GHA,452,2019,0.597,0.3496787780075678,0.24732122199243217
Vanuatu,VUT,935,2019,0.631,0.382894591918419,0.248105408081581
Mauritius,MUS,590,2019,0.575,0.32264742622514814,0.2523525737748518
Lithuania,LTU,368,2019,0.663,0.40982967696729183,0.2531703230327082
United States of America,USA,2,2019,0.623,0.36043665995338753,0.26256334004661247
South Africa,ZAF,560,2019,0.629,0.3627680468833919,0.2662319531166081
Japan,JPN,740,2019,0.722,0.4495574644564916,0.2724425355435084
Israel,ISR,666,2019,0.573,0.28925089068494064,0.2837491093150593
Botswana,BWA,571,2019,0.55,0.25922894055886786,0.2907710594411322
Slovenia,SVN,349,2019,0.701,0.4066724730218096,0.29432752697819037
Malta,MLT,338,2019,0.628,0.31715938216635375,0.31084061783364625
Armenia,ARM,371,2019,0.682,0.37041014785192206,0.311589852148078
Cyprus,CYP,352,2019,0.711,0.3927281089328188,0.3182718910671812
Spain,ESP,230,2019,0.763,0.4386592103475161,0.3243407896524839
Senegal,SEN,433,2019,0.56,0.2278446053203591,0.33215539467964095
South Korea,KOR,732,2019,0.757,0.417064400786408,0.339935599213592
Estonia,EST,366,2019,0.773,0.4256624926619468,0.34733750733805324
Austria,AUT,305,2019,0.734,0.3838201133174055,0.3501798866825945
Barbados,BRB,53,2019,0.696,0.34188294192281266,0.3541170580771873
Suriname,SUR,115,2019,0.579,0.22168026972296112,0.35731973027703884
Chile,CHL,155,2019,0.744,0.38528531022585355,0.35871468977414644
Trinidad and Tobago,TTO,52,2019,0.689,0.32773383136419154,0.3612661686358084
Greece,GRC,350,2019,0.782,0.40641420740252443,0.3755857925974756
Latvia,LVA,367,2019,0.683,0.2943658680738321,0.38863413192616797
Jamaica,JAM,51,2019,0.689,0.2850480205022632,0.40395197949773676
Taiwan,TWN,713,2019,0.73,0.2842566668155028,0.44574333318449716
Iceland,ISL,395,2019,0.784,0.333230337986846,0.45076966201315405
Australia,AUS,900,2019,0.748,0.28894041360601025,0.45905958639398975
Canada,CAN,20,2019,0.754,0.2921137025752364,0.4618862974247636
Luxembourg,LUX,212,2019,0.824,0.3595960300352453,0.46440396996475464
Sweden,SWE,380,2019,0.841,0.3712884067731009,0.4697115932268991
Netherlands,NLD,210,2019,0.807,0.31834390427707765,0.4886560957229224
Portugal,PRT,235,2019,0.833,0.3440117510182421,0.48898824898175786
Finland,FIN,375,2019,0.821,0.3264481174924962,0.49455188250750376
Costa Rica,CRI,94,2019,0.833,0.33214966349302416,0.5008503365069759
France,FRA,220,2019,0.794,0.2842566668155028,0.5097433331844972
Uruguay,URY,165,2019,0.838,0.3241330456197608,0.5138669543802392
New Zealand,NZL,920,2019,0.759,0.22695294445697597,0.532047055543024
Switzerland,CHE,225,2019,0.872,0.33008206750906266,0.5419179324909373
Belgium,BEL,211,2019,0.81,0.26535557946152166,0.5446444205384784
Ireland,IRL,205,2019,0.799,0.21433862334255033,0.5846613766574498
Italy,ITA,325,2019,0.789,0.19127115102067208,0.597728848979328
Denmark,DNK,390,2019,0.876,0.2019802049866945,0.6740197950133056
Nicaragua,NIC,93,2020,0.027,0.4742500556786057,-0.44725005567860565
Azerbaijan,AZE,373,2020,0.039,0.3888078248347492,-0.3498078248347492
Belarus,BLR,370,2020,0.046,0.3824304225920273,-0.3364304225920273
Cuba,CUB,40,2020,0.102,0.4383775735436383,-0.33637757354363834
Eritrea,ERI,531,2020,0.031,0.34581654016795865,-0.3148165401679587
Venezuela,VEN,101,2020,0.038,0.34924098759048994,-0.31124098759048996
Türkiye,TUR,640,2020,0.088,0.3886294227354783,-0.3006294227354783
Tajikistan,TJK,702,2020,0.045,0.3443032714943637,-0.2993032714943637
North Korea,PRK,731,2020,0.013,0.2839689352081696,-0.2709689352081696
Egypt,EGY,651,2020,0.106,0.3705543933073929,-0.26455439330739294
Guinea,GIN,438,2020,0.102,0.34405351983483956,-0.24205351983483958
Equatorial Guinea,GNQ,411,2020,0.045,0.28252556701887016,-0.23752556701887018
Eswatini,SWZ,572,2020,0.081,0.31579160312842963,-0.23479160312842962
Saudi Arabia,SAU,670,2020,0.062,0.2864382807916255,-0.22443828079162548
Thailand,THA,800,2020,0.068,0.289811004862853,-0.221811004862853
Algeria,DZA,615,2020,0.192,0.41367608238119435,-0.22167608238119435
Papua New Guinea,PNG,910,2020,0.256,0.46823926266331833,-0.21223926266331833
Russia,RUS,365,2020,0.142,0.3443032714943637,-0.2023032714943637
Qatar,QAT,694,2020,0.09,0.29105521453783634,-0.20105521453783634
Kyrgyzstan,KGZ,703,2020,0.245,0.4430087811177506,-0.1980087811177506
Kazakhstan,KAZ,705,2020,0.159,0.35637252896604243,-0.19737252896604243
Oman,OMN,698,2020,0.061,0.2554449728027905,-0.1944449728027905
Zimbabwe,ZWE,552,2020,0.223,0.41175832424907355,-0.18875832424907354
Laos,LAO,812,2020,0.068,0.25671746511595955,-0.18871746511595955
Uzbekistan,UZB,704,2020,0.172,0.3553273423234967,-0.18332734232349673
Sudan,SDN,625,2020,0.139,0.31954616288665794,-0.18054616288665792
Angola,AGO,540,2020,0.169,0.3404656605501133,-0.17146566055011328
Republic of the Congo,COG,484,2020,0.172,0.3404656605501133,-0.1684656605501133
Uganda,UGA,500,2020,0.256,0.42412067581043456,-0.16812067581043455
Bolivia,BOL,145,2020,0.185,0.3440117510182421,-0.1590117510182421
Madagascar,MDG,580,2020,0.241,0.39879174411506835,-0.15779174411506836
Chad,TCD,483,2020,0.134,0.29115311998298204,-0.15715311998298204
Bangladesh,BGD,771,2020,0.105,0.2591015725712092,-0.1541015725712092
China,CHN,710,2020,0.116,0.24529871531711717,-0.12929871531711717
Cambodia,KHM,811,2020,0.078,0.2055736368251127,-0.1275736368251127
Cameroon,CMR,471,2020,0.12,0.24493281094712732,-0.12493281094712733
Iran,IRN,630,2020,0.122,0.24447873402631715,-0.12247873402631715
Rwanda,RWA,517,2020,0.212,0.33447028678929286,-0.12247028678929286
Fiji,FJI,950,2020,0.292,0.41125589916357885,-0.11925589916357887
Albania,ALB,339,2020,0.276,0.39390172132123924,-0.11790172132123922
Afghanistan,AFG,700,2020,0.241,0.35726802400532087,-0.11626802400532088
Comoros,COM,581,2020,0.194,0.30944485374740566,-0.11544485374740565
Central African Republic,CAF,482,2020,0.197,0.307252040518199,-0.11025204051819898
Hungary,HUN,310,2020,0.231,0.34011992158969356,-0.10911992158969355
India,IND,750,2020,0.264,0.36871874958433903,-0.10471874958433902
United Arab Emirates,ARE,696,2020,0.082,0.1827501695043015,-0.1007501695043015
Morocco,MAR,600,2020,0.25,0.3443516713448042,-0.09435167134480421
Djibouti,DJI,522,2020,0.132,0.22276444685129104,-0.09076444685129104
Nigeria,NGA,475,2020,0.348,0.43866851543444313,-0.09066851543444315
Zambia,ZMB,551,2020,0.271,0.3612667899377701,-0.0902667899377701
El Salvador,SLV,92,2020,0.227,0.31698209872588357,-0.08998209872588356
Montenegro,MNE,341,2020,0.412,0.499341311760033,-0.08734131176003301
Guatemala,GTM,90,2020,0.336,0.4221930519277548,-0.08619305192775478
Benin,BEN,434,2020,0.276,0.35865702068797545,-0.08265702068797542
Mozambique,MOZ,541,2020,0.248,0.32629980389257723,-0.07829980389257724
Democratic Republic of the Congo,COD,490,2020,0.292,0.36432636514749006,-0.07232636514749008
Honduras,HND,91,2020,0.256,0.327293247122495,-0.07129324712249502
Bahrain,BHR,692,2020,0.059,0.12929529685839977,-0.07029529685839978
Kenya,KEN,501,2020,0.44,0.5101494738313392,-0.07014947383133924
Iraq,IRQ,645,2020,0.276,0.33630836505553574,-0.06030836505553572
Togo,TGO,461,2020,0.347,0.40578406647291254,-0.058784066472912566
Ethiopia,ETH,530,2020,0.283,0.3404656605501133,-0.05746566055011332
Philippines,PHL,840,2020,0.338,0.3802479885236191,-0.04224798852361905
Sri Lanka,LKA,780,2020,0.334,0.37481807462009487,-0.040818074620094846
Haiti,HTI,41,2020,0.284,0.32409842717802484,-0.040098427178024865
Maldives,MDV,781,2020,0.442,0.47841048817571585,-0.03641048817571585
Bosnia and Herzegovina,BIH,346,2020,0.326,0.362319729762634,-0.03631972976263398
The Gambia,GMB,420,2020,0.379,0.4149968520290517,-0.035996852029051674
Poland,POL,290,2020,0.394,0.41951688917843416,-0.025516889178434143
Mexico,MEX,70,2020,0.412,0.43737194416895225,-0.025371944168952276
Jordan,JOR,663,2020,0.218,0.2349611312446109,-0.016961131244610905
Vietnam,VNM,816,2020,0.192,0.19782802384823656,-0.005828023848236552
Gabon,GAB,481,2020,0.29,0.294134557697672,-0.004134557697672014
Paraguay,PRY,150,2020,0.351,0.35437937020225224,-0.003379370202252263
Libya,LBY,620,2020,0.233,0.22277159838488386,0.01022840161511615
Timor-Leste,TLS,860,2020,0.479,0.45667174186430126,0.02232825813569872
Ukraine,UKR,369,2020,0.438,0.40951165066525963,0.02848834933474037
Brazil,BRA,140,2020,0.484,0.4551340549802815,0.02886594501971851
Pakistan,PAK,770,2020,0.314,0.281913192548056,0.03208680745194398
Burma/Myanmar,MMR,775,2020,0.35,0.3178406827332579,0.03215931726674209
Singapore,SGP,830,2020,0.337,0.30457753151702127,0.03242246848297875
Solomon Islands,SLB,940,2020,0.379,0.3440117510182421,0.0349882489817579
Moldova,MDA,359,2020,0.453,0.41256213967957994,0.04043786032042007
Kosovo,XKX,347,2020,0.456,0.4137814782045507,0.042218521795449326
Bhutan,BTN,760,2020,0.525,0.4824101086139143,0.04258989138608571
Nepal,NPL,790,2020,0.387,0.3440117510182421,0.042988248981757904
Guyana,GUY,110,2020,0.359,0.31516019564463293,0.04383980435536705
Tanzania,TZA,510,2020,0.324,0.27844898415910513,0.04555101584089488
Colombia,COL,100,2020,0.393,0.3447751990945423,0.04822480090545772
Mauritania,MRT,435,2020,0.273,0.2124836755518689,0.060516324448131126
Ecuador,ECU,130,2020,0.437,0.3638859061335754,0.07311409386642459
Malaysia,MYS,820,2020,0.299,0.22086911240653023,0.07813088759346976
Ivory Coast,CIV,437,2020,0.421,0.3404656605501133,0.0805343394498867
Mongolia,MNG,712,2020,0.483,0.3998500288306843,0.08314997116931566
Georgia,GEO,372,2020,0.502,0.40632963190502175,0.09567036809497825
Kuwait,KWT,690,2020,0.291,0.19199653896456578,0.0990034610354342
Bulgaria,BGR,355,2020,0.493,0.3929184225939557,0.10008157740604429
North Macedonia,MKD,343,2020,0.447,0.34405351983483956,0.10294648016516045
Namibia,NAM,565,2020,0.466,0.36218826007856936,0.10381173992143067
Romania,ROU,360,2020,0.466,0.36168430544858615,0.10431569455141387
Malawi,MWI,553,2020,0.453,0.34669494625756203,0.10630505374243798
Indonesia,IDN,850,2020,0.496,0.37879564235887514,0.11720435764112486
Sao Tome and Principe,STP,403,2020,0.444,0.3249329923595768,0.11906700764042322
Seychelles,SYC,591,2020,0.573,0.4501254060193998,0.12287459398060013
Mauritius,MUS,590,2020,0.458,0.32264742622514814,0.13535257377485188
Lebanon,LBN,660,2020,0.303,0.16611099514179634,0.13688900485820366
Cape Verde,CPV,402,2020,0.597,0.45823041509506435,0.13876958490493563
Guinea-Bissau,GNB,404,2020,0.254,0.09811891581365909,0.15588108418634092
Niger,NER,436,2020,0.503,0.3404656605501133,0.1625343394498867
Sierra Leone,SLE,451,2020,0.512,0.32991466451600887,0.18208533548399114
Slovenia,SVN,349,2020,0.591,0.4066724730218096,0.18432752697819038
Lesotho,LSO,570,2020,0.518,0.3285678132135424,0.18943218678645762
Liberia,LBR,450,2020,0.508,0.31493396281899827,0.19306603718100174
Mali,MLI,432,2020,0.375,0.18021236958296627,0.19478763041703373
Dominican Republic,DOM,42,2020,0.56,0.36385405691570444,0.19614594308429562
Burkina Faso,BFA,439,2020,0.542,0.34405351983483956,0.19794648016516048
Argentina,ARG,160,2020,0.647,0.4373921142160857,0.20960788578391432
Panama,PAN,95,2020,0.563,0.3474166465223219,0.21558335347767804
Croatia,HRV,344,2020,0.572,0.3518889352644363,0.22011106473556363
United States of America,USA,2,2020,0.587,0.36043665995338753,0.22656334004661244
Slovakia,SVK,317,2020,0.676,0.4493763633819683,0.22662363661803175
Vanuatu,VUT,935,2020,0.618,0.382894591918419,0.23510540808158098
Cyprus,CYP,352,2020,0.629,0.3927281089328188,0.23627189106718122
Peru,PER,135,2020,0.616,0.3773695551015382,0.2386304448984618
Botswana,BWA,571,2020,0.498,0.25922894055886786,0.23877105944113214
Czechia,CZE,316,2020,0.638,0.3909156952674957,0.2470843047325043
Ghana,GHA,452,2020,0.598,0.3496787780075678,0.24832122199243217
Armenia,ARM,371,2020,0.624,0.37041014785192206,0.25358985214807794
Lithuania,LTU,368,2020,0.665,0.40982967696729183,0.2551703230327082
South Africa,ZAF,560,2020,0.631,0.3627680468833919,0.2682319531166081
Greece,GRC,350,2020,0.685,0.40641420740252443,0.2785857925974756
Estonia,EST,366,2020,0.712,0.4256624926619468,0.2863375073380532
Japan,JPN,740,2020,0.743,0.4495574644564916,0.2934425355435084
Malta,MLT,338,2020,0.614,0.32023095033922017,0.2937690496607798
Israel,ISR,666,2020,0.587,0.28925089068494064,0.2977491093150593
Spain,ESP,230,2020,0.767,0.4386592103475161,0.3283407896524839
Suriname,SUR,115,2020,0.555,0.22168026972296112,0.33331973027703893
Chile,CHL,155,2020,0.736,0.38528531022585355,0.35071468977414644
Austria,AUT,305,2020,0.743,0.3838201133174055,0.3591798866825945
Trinidad and Tobago,TTO,52,2020,0.687,0.32773383136419154,0.3592661686358085
South Korea,KOR,732,2020,0.777,0.417064400786408,0.35993559921359203
Latvia,LVA,367,2020,0.669,0.2943658680738321,0.37463413192616796
Barbados,BRB,53,2020,0.718,0.34188294192281266,0.3761170580771873
Senegal,SEN,433,2020,0.608,0.2278446053203591,0.3801553946796409
Jamaica,JAM,51,2020,0.675,0.2850480205022632,0.38995197949773686
Canada,CAN,20,2020,0.715,0.2921137025752364,0.4228862974247636
Uruguay,URY,165,2020,0.759,0.3241330456197608,0.4348669543802392
Taiwan,TWN,713,2020,0.734,0.2842566668155028,0.44974333318449716
Iceland,ISL,395,2020,0.794,0.333230337986846,0.46076966201315406
Portugal,PRT,235,2020,0.807,0.3440117510182421,0.46298824898175794
Luxembourg,LUX,212,2020,0.827,0.3595960300352453,0.46740396996475464
Australia,AUS,900,2020,0.758,0.28894041360601025,0.46905958639398976
Sweden,SWE,380,2020,0.851,0.3712884067731009,0.4797115932268991
Netherlands,NLD,210,2020,0.811,0.31834390427707765,0.4926560957229224
Finland,FIN,375,2020,0.823,0.3264481174924962,0.49655188250750376
Costa Rica,CRI,94,2020,0.84,0.33214966349302416,0.5078503365069758
France,FRA,220,2020,0.793,0.2842566668155028,0.5087433331844973
New Zealand,NZL,920,2020,0.759,0.22695294445697597,0.532047055543024
Switzerland,CHE,225,2020,0.872,0.33008206750906266,0.5419179324909373
Belgium,BEL,211,2020,0.821,0.26535557946152166,0.5556444205384783
Ireland,IRL,205,2020,0.8,0.21433862334255033,0.5856613766574497
Italy,ITA,325,2020,0.777,0.19127115102067208,0.585728848979328
Denmark,DNK,390,2020,0.876,0.2019802049866945,0.6740197950133056
Nicaragua,NIC,93,2021,0.028,0.4742500556786057,-0.44625005567860565
Belarus,BLR,370,2021,0.037,0.3824304225920273,-0.34543042259202733
Azerbaijan,AZE,373,2021,0.048,0.3888078248347492,-0.3408078248347492
Cuba,CUB,40,2021,0.102,0.4383775735436383,-0.33637757354363834
Afghanistan,AFG,700,2021,0.037,0.35726802400532087,-0.3202680240053209
Eritrea,ERI,531,2021,0.035,0.34581654016795865,-0.3108165401679587
Venezuela,VEN,101,2021,0.044,0.34924098759048994,-0.30524098759048995
Türkiye,TUR,640,2021,0.084,0.3886294227354783,-0.3046294227354783
Tajikistan,TJK,702,2021,0.048,0.3443032714943637,-0.2963032714943637
Burma/Myanmar,MMR,775,2021,0.043,0.3178406827332579,-0.2748406827332579
North Korea,PRK,731,2021,0.012,0.2839689352081696,-0.2719689352081696
Eswatini,SWZ,572,2021,0.051,0.31579160312842963,-0.26479160312842964
Egypt,EGY,651,2021,0.108,0.3705543933073929,-0.26255439330739294
Sudan,SDN,625,2021,0.058,0.31954616288665794,-0.26154616288665794
Guinea,GIN,438,2021,0.093,0.34405351983483956,-0.2510535198348396
Equatorial Guinea,GNQ,411,2021,0.045,0.28252556701887016,-0.23752556701887018
Saudi Arabia,SAU,670,2021,0.056,0.2864382807916255,-0.23043828079162548
Algeria,DZA,615,2021,0.186,0.41367608238119435,-0.22767608238119436
Papua New Guinea,PNG,910,2021,0.245,0.46823926266331833,-0.22323926266331834
Thailand,THA,800,2021,0.069,0.289811004862853,-0.220811004862853
Russia,RUS,365,2021,0.136,0.3443032714943637,-0.20830327149436367
Uzbekistan,UZB,704,2021,0.152,0.3553273423234967,-0.20332734232349672
Kazakhstan,KAZ,705,2021,0.155,0.35637252896604243,-0.20137252896604244
Laos,LAO,812,2021,0.063,0.25671746511595955,-0.19371746511595955
Angola,AGO,540,2021,0.149,0.3404656605501133,-0.1914656605501133
Qatar,QAT,694,2021,0.104,0.29105521453783634,-0.18705521453783636
Zimbabwe,ZWE,552,2021,0.231,0.41175832424907355,-0.18075832424907354
Uganda,UGA,500,2021,0.253,0.42412067581043456,-0.17112067581043455
Republic of the Congo,COG,484,2021,0.171,0.3404656605501133,-0.16946566055011328
El Salvador,SLV,92,2021,0.152,0.31698209872588357,-0.16498209872588357
Madagascar,MDG,580,2021,0.236,0.39879174411506835,-0.16279174411506836
Bangladesh,BGD,771,2021,0.11,0.2591015725712092,-0.1491015725712092
Cameroon,CMR,471,2021,0.101,0.24493281094712732,-0.14393281094712732
Comoros,COM,581,2021,0.166,0.30944485374740566,-0.14344485374740565
Central African Republic,CAF,482,2021,0.168,0.307252040518199,-0.13925204051819898
Zambia,ZMB,551,2021,0.227,0.3612667899377701,-0.1342667899377701
China,CHN,710,2021,0.116,0.24529871531711717,-0.12929871531711717
Hungary,HUN,310,2021,0.212,0.34011992158969356,-0.12811992158969357
Cambodia,KHM,811,2021,0.078,0.2055736368251127,-0.1275736368251127
Nigeria,NGA,475,2021,0.313,0.43866851543444313,-0.12566851543444313
Iran,IRN,630,2021,0.121,0.24447873402631715,-0.12347873402631715
Rwanda,RWA,517,2021,0.212,0.33447028678929286,-0.12247028678929286
Fiji,FJI,950,2021,0.299,0.41125589916357885,-0.11225589916357886
Guatemala,GTM,90,2021,0.315,0.4221930519277548,-0.1071930519277548
United Arab Emirates,ARE,696,2021,0.082,0.1827501695043015,-0.1007501695043015
Democratic Republic of the Congo,COD,490,2021,0.266,0.36432636514749006,-0.09832636514749005
Benin,BEN,434,2021,0.265,0.35865702068797545,-0.09365702068797543
Morocco,MAR,600,2021,0.251,0.3443516713448042,-0.09335167134480421
Ethiopia,ETH,530,2021,0.25,0.3404656605501133,-0.09046566055011329
India,IND,750,2021,0.28,0.36871874958433903,-0.08871874958433901
Haiti,HTI,41,2021,0.24,0.32409842717802484,-0.08409842717802485
Djibouti,DJI,522,2021,0.144,0.22276444685129104,-0.07876444685129105
Kenya,KEN,501,2021,0.435,0.5101494738313392,-0.07514947383133924
Mozambique,MOZ,541,2021,0.252,0.32629980389257723,-0.07429980389257723
Togo,TGO,461,2021,0.332,0.40578406647291254,-0.07378406647291252
Guyana,GUY,110,2021,0.243,0.31516019564463293,-0.07216019564463294
Bahrain,BHR,692,2021,0.06,0.12929529685839977,-0.06929529685839977
Albania,ALB,339,2021,0.338,0.39390172132123924,-0.05590172132123922
Honduras,HND,91,2021,0.273,0.327293247122495,-0.054293247122495
Mexico,MEX,70,2021,0.386,0.43737194416895225,-0.051371944168952244
Sri Lanka,LKA,780,2021,0.324,0.37481807462009487,-0.050818074620094855
Iraq,IRQ,645,2021,0.287,0.33630836505553574,-0.04930836505553576
Montenegro,MNE,341,2021,0.451,0.499341311760033,-0.04834131176003298
Poland,POL,290,2021,0.373,0.41951688917843416,-0.04651688917843416
Bosnia and Herzegovina,BIH,346,2021,0.323,0.362319729762634,-0.03931972976263398
Philippines,PHL,840,2021,0.342,0.3802479885236191,-0.03824798852361905
Maldives,MDV,781,2021,0.444,0.47841048817571585,-0.03441048817571585
The Gambia,GMB,420,2021,0.39,0.4149968520290517,-0.024996852029051664
Jordan,JOR,663,2021,0.21,0.2349611312446109,-0.024961131244610912
Vietnam,VNM,816,2021,0.189,0.19782802384823656,-0.008828023848236555
Libya,LBY,620,2021,0.215,0.22277159838488386,-0.0077715983848838655
Gabon,GAB,481,2021,0.29,0.294134557697672,-0.004134557697672014
Pakistan,PAK,770,2021,0.278,0.281913192548056,-0.003913192548055999
Paraguay,PRY,150,2021,0.351,0.35437937020225224,-0.003379370202252263
Nepal,NPL,790,2021,0.356,0.3440117510182421,0.011988248981757876
Solomon Islands,SLB,940,2021,0.365,0.3440117510182421,0.020988248981757884
Tanzania,TZA,510,2021,0.305,0.27844898415910513,0.026551015840894865
Timor-Leste,TLS,860,2021,0.486,0.45667174186430126,0.029328258135698726
Bhutan,BTN,760,2021,0.515,0.4824101086139143,0.0325898913860857
Singapore,SGP,830,2021,0.338,0.30457753151702127,0.03342246848297875
Ukraine,UKR,369,2021,0.444,0.40951165066525963,0.034488349334740376
Ivory Coast,CIV,437,2021,0.379,0.3404656605501133,0.03853433944988671
Mongolia,MNG,712,2021,0.446,0.3998500288306843,0.046149971169315684
Mauritania,MRT,435,2021,0.269,0.2124836755518689,0.05651632444813112
Brazil,BRA,140,2021,0.512,0.4551340549802815,0.05686594501971853
Kuwait,KWT,690,2021,0.253,0.19199653896456578,0.06100346103543422
Kosovo,XKX,347,2021,0.48,0.4137814782045507,0.06621852179544929
Bolivia,BOL,145,2021,0.412,0.3440117510182421,0.06798824898175787
Mali,MLI,432,2021,0.252,0.18021236958296627,0.07178763041703373
Colombia,COL,100,2021,0.417,0.3447751990945423,0.07222480090545769
Malaysia,MYS,820,2021,0.307,0.22086911240653023,0.08613088759346976
North Macedonia,MKD,343,2021,0.431,0.34405351983483956,0.08694648016516043
Georgia,GEO,372,2021,0.496,0.40632963190502175,0.08967036809497825
Indonesia,IDN,850,2021,0.471,0.37879564235887514,0.09220435764112483
Namibia,NAM,565,2021,0.457,0.36218826007856936,0.09481173992143066
Ecuador,ECU,130,2021,0.471,0.3638859061335754,0.10711409386642456
Sao Tome and Principe,STP,403,2021,0.433,0.3249329923595768,0.10806700764042321
Mauritius,MUS,590,2021,0.441,0.32264742622514814,0.11835257377485187
Cape Verde,CPV,402,2021,0.581,0.45823041509506435,0.12276958490493561
Slovenia,SVN,349,2021,0.533,0.4066724730218096,0.12632752697819044
Lesotho,LSO,570,2021,0.467,0.3285678132135424,0.13843218678645763
Malawi,MWI,553,2021,0.493,0.34669494625756203,0.14630505374243796
Niger,NER,436,2021,0.489,0.3404656605501133,0.1485343394498867
Lebanon,LBN,660,2021,0.315,0.16611099514179634,0.14888900485820367
Bulgaria,BGR,355,2021,0.548,0.3929184225939557,0.15508157740604434
Guinea-Bissau,GNB,404,2021,0.254,0.09811891581365909,0.15588108418634092
Burkina Faso,BFA,439,2021,0.517,0.34405351983483956,0.17294648016516045
Romania,ROU,360,2021,0.536,0.36168430544858615,0.17431569455141388
Liberia,LBR,450,2021,0.492,0.31493396281899827,0.17706603718100172
Sierra Leone,SLE,451,2021,0.512,0.32991466451600887,0.18208533548399114
Ghana,GHA,452,2021,0.532,0.3496787780075678,0.18232122199243223
Botswana,BWA,571,2021,0.444,0.25922894055886786,0.18477105944113215
Seychelles,SYC,591,2021,0.641,0.4501254060193998,0.1908745939806002
Croatia,HRV,344,2021,0.543,0.3518889352644363,0.19111106473556372
Peru,PER,135,2021,0.572,0.3773695551015382,0.19463044489846176
Argentina,ARG,160,2021,0.636,0.4373921142160857,0.1986078857839143
Armenia,ARM,371,2021,0.592,0.37041014785192206,0.22158985214807791
Slovakia,SVK,317,2021,0.673,0.4493763633819683,0.22362363661803175
Czechia,CZE,316,2021,0.616,0.3909156952674957,0.2250843047325043
Moldova,MDA,359,2021,0.639,0.41256213967957994,0.22643786032042007
Panama,PAN,95,2021,0.575,0.3474166465223219,0.22758335347767805
Lithuania,LTU,368,2021,0.651,0.40982967696729183,0.2411703230327082
Greece,GRC,350,2021,0.656,0.40641420740252443,0.2495857925974756
Vanuatu,VUT,935,2021,0.641,0.382894591918419,0.258105408081581
Cyprus,CYP,352,2021,0.652,0.3927281089328188,0.25927189106718124
Dominican Republic,DOM,42,2021,0.625,0.36385405691570444,0.26114594308429556
South Africa,ZAF,560,2021,0.646,0.3627680468833919,0.2832319531166081
Japan,JPN,740,2021,0.736,0.4495574644564916,0.2864425355435084
Spain,ESP,230,2021,0.739,0.4386592103475161,0.3003407896524839
Israel,ISR,666,2021,0.59,0.28925089068494064,0.3007491093150593
Malta,MLT,338,2021,0.627,0.32023095033922017,0.30676904966077984
Austria,AUT,305,2021,0.734,0.3838201133174055,0.3501798866825945
Jamaica,JAM,51,2021,0.646,0.2850480205022632,0.36095197949773683
United States of America,USA,2,2021,0.722,0.36043665995338753,0.36156334004661245
Barbados,BRB,53,2021,0.709,0.3457451797624218,0.36325482023757816
Trinidad and Tobago,TTO,52,2021,0.692,0.32773383136419154,0.3642661686358084
South Korea,KOR,732,2021,0.785,0.417064400786408,0.36793559921359204
Senegal,SEN,433,2021,0.598,0.2278446053203591,0.37015539467964087
Estonia,EST,366,2021,0.802,0.4256624926619468,0.37633750733805327
Suriname,SUR,115,2021,0.604,0.22168026972296112,0.38231973027703886
Canada,CAN,20,2021,0.675,0.2921137025752364,0.38288629742476366
Latvia,LVA,367,2021,0.678,0.2943658680738321,0.38363413192616796
Chile,CHL,155,2021,0.774,0.38528531022585355,0.38871468977414647
Uruguay,URY,165,2021,0.735,0.3241330456197608,0.4108669543802392
Iceland,ISL,395,2021,0.754,0.333230337986846,0.420769662013154
Portugal,PRT,235,2021,0.796,0.3440117510182421,0.45198824898175793
Taiwan,TWN,713,2021,0.74,0.2842566668155028,0.45574333318449717
Australia,AUS,900,2021,0.747,0.28894041360601025,0.45805958639398975
Luxembourg,LUX,212,2021,0.827,0.3595960300352453,0.46740396996475464
Sweden,SWE,380,2021,0.85,0.3712884067731009,0.4787115932268991
Finland,FIN,375,2021,0.813,0.3264481174924962,0.48655188250750375
Netherlands,NLD,210,2021,0.819,0.31834390427707765,0.5006560957229222
Costa Rica,CRI,94,2021,0.838,0.33214966349302416,0.5058503365069758
New Zealand,NZL,920,2021,0.74,0.22695294445697597,0.513047055543024
France,FRA,220,2021,0.814,0.2842566668155028,0.5297433331844972
Switzerland,CHE,225,2021,0.862,0.33008206750906266,0.5319179324909373
Belgium,BEL,211,2021,0.819,0.26759571713199437,0.5514042828680056
Italy,ITA,325,2021,0.781,0.19127115102067208,0.589728848979328
Ireland,IRL,205,2021,0.818,0.21433862334255033,0.6036613766574497
Denmark,DNK,390,2021,0.873,0.2019802049866945,0.6710197950133054
Nicaragua,NIC,93,2022,0.019,0.4742500556786057,-0.45525005567860566
Belarus,BLR,370,2022,0.031,0.3827921160820687,-0.35179211608206873
Azerbaijan,AZE,373,2022,0.046,0.3888078248347492,-0.3428078248347492
Cuba,CUB,40,2022,0.104,0.4383775735436383,-0.33437757354363834
Afghanistan,AFG,700,2022,0.027,0.35726802400532087,-0.33026802400532085
Eritrea,ERI,531,2022,0.032,0.34581654016795865,-0.3138165401679587
Türkiye,TUR,640,2022,0.08,0.3886294227354783,-0.3086294227354783
Venezuela,VEN,101,2022,0.045,0.34924098759048994,-0.30424098759048995
Tajikistan,TJK,702,2022,0.049,0.3443032714943637,-0.2953032714943637
Burma/Myanmar,MMR,775,2022,0.042,0.3178406827332579,-0.2758406827332579
North Korea,PRK,731,2022,0.01,0.2839689352081696,-0.2739689352081696
Egypt,EGY,651,2022,0.098,0.3705543933073929,-0.27255439330739295
Russia,RUS,365,2022,0.077,0.3443032714943637,-0.26730327149436367
Eswatini,SWZ,572,2022,0.05,0.31579160312842963,-0.26579160312842964
Guinea,GIN,438,2022,0.079,0.34405351983483956,-0.26505351983483955
Sudan,SDN,625,2022,0.066,0.31954616288665794,-0.25354616288665793
Equatorial Guinea,GNQ,411,2022,0.045,0.28252556701887016,-0.23752556701887018
Algeria,DZA,615,2022,0.177,0.41367608238119435,-0.23667608238119436
Saudi Arabia,SAU,670,2022,0.061,0.2864382807916255,-0.22543828079162548
Papua New Guinea,PNG,910,2022,0.248,0.46823926266331833,-0.22023926266331834
Thailand,THA,800,2022,0.088,0.289811004862853,-0.201811004862853
Laos,LAO,812,2022,0.055,0.25671746511595955,-0.20171746511595956
Uzbekistan,UZB,704,2022,0.157,0.3553273423234967,-0.19832734232349672
Angola,AGO,540,2022,0.15,0.3404656605501133,-0.1904656605501133
Qatar,QAT,694,2022,0.104,0.29105521453783634,-0.18705521453783636
Zimbabwe,ZWE,552,2022,0.229,0.41175832424907355,-0.18275832424907354
Republic of the Congo,COG,484,2022,0.167,0.3404656605501133,-0.17346566055011328
Uganda,UGA,500,2022,0.251,0.42412067581043456,-0.17312067581043455
El Salvador,SLV,92,2022,0.144,0.31698209872588357,-0.17298209872588358
Kazakhstan,KAZ,705,2022,0.19,0.35637252896604243,-0.16637252896604243
Madagascar,MDG,580,2022,0.236,0.39879174411506835,-0.16279174411506836
Comoros,COM,581,2022,0.149,0.30944485374740566,-0.16044485374740566
Iran,IRN,630,2022,0.086,0.24447873402631715,-0.15847873402631715
China,CHN,710,2022,0.096,0.24529871531711717,-0.14929871531711716
Central African Republic,CAF,482,2022,0.16,0.307252040518199,-0.14725204051819898
Bangladesh,BGD,771,2022,0.115,0.2591015725712092,-0.1441015725712092
Hungary,HUN,310,2022,0.209,0.34011992158969356,-0.13111992158969357
Guatemala,GTM,90,2022,0.292,0.4221930519277548,-0.13019305192775482
Cambodia,KHM,811,2022,0.079,0.2055736368251127,-0.1265736368251127
Rwanda,RWA,517,2022,0.208,0.33447028678929286,-0.12647028678929287
Cameroon,CMR,471,2022,0.124,0.24493281094712732,-0.12093281094712732
Fiji,FJI,950,2022,0.291,0.41125589916357885,-0.12025589916357887
Haiti,HTI,41,2022,0.204,0.32409842717802484,-0.12009842717802485
Nigeria,NGA,475,2022,0.322,0.43866851543444313,-0.11666851543444312
Democratic Republic of the Congo,COD,490,2022,0.251,0.36432636514749006,-0.11332636514749006
Albania,ALB,339,2022,0.291,0.39390172132123924,-0.10290172132123926
Benin,BEN,434,2022,0.256,0.35865702068797545,-0.10265702068797544
United Arab Emirates,ARE,696,2022,0.082,0.1827501695043015,-0.1007501695043015
Morocco,MAR,600,2022,0.252,0.3443516713448042,-0.09235167134480421
Mozambique,MOZ,541,2022,0.239,0.32629980389257723,-0.08729980389257724
India,IND,750,2022,0.282,0.36871874958433903,-0.08671874958433906
Mexico,MEX,70,2022,0.356,0.43737194416895225,-0.08137194416895227
Ethiopia,ETH,530,2022,0.26,0.3404656605501133,-0.08046566055011328
Djibouti,DJI,522,2022,0.143,0.22276444685129104,-0.07976444685129105
Iraq,IRQ,645,2022,0.26,0.33630836505553574,-0.07630836505553573
Guyana,GUY,110,2022,0.239,0.31516019564463293,-0.07616019564463294
Ukraine,UKR,369,2022,0.336,0.40951165066525963,-0.07351165066525961
Togo,TGO,461,2022,0.333,0.40578406647291254,-0.07278406647291252
Montenegro,MNE,341,2022,0.428,0.499341311760033,-0.071341311760033
Bahrain,BHR,692,2022,0.06,0.12929529685839977,-0.06929529685839977
Philippines,PHL,840,2022,0.319,0.3802479885236191,-0.06124798852361907
Poland,POL,290,2022,0.362,0.41951688917843416,-0.05751688917843417
Kenya,KEN,501,2022,0.464,0.5101494738313392,-0.046149473831339216
Maldives,MDV,781,2022,0.447,0.47841048817571585,-0.031410488175715845
Bosnia and Herzegovina,BIH,346,2022,0.336,0.362319729762634,-0.02631972976263397
Vietnam,VNM,816,2022,0.174,0.19782802384823656,-0.023828023848236568
Romania,ROU,360,2022,0.341,0.36168430544858615,-0.020684305448586127
Sri Lanka,LKA,780,2022,0.356,0.37481807462009487,-0.018818074620094882
Jordan,JOR,663,2022,0.217,0.2349611312446109,-0.017961131244610906
Gabon,GAB,481,2022,0.281,0.294134557697672,-0.013134557697671967
Paraguay,PRY,150,2022,0.344,0.35437937020225224,-0.01037937020225227
Pakistan,PAK,770,2022,0.279,0.281913192548056,-0.0029131925480559984
Libya,LBY,620,2022,0.227,0.22277159838488386,0.004228401615116145
Bhutan,BTN,760,2022,0.503,0.4824101086139143,0.02058989138608569
Solomon Islands,SLB,940,2022,0.366,0.3440117510182421,0.021988248981757885
Bolivia,BOL,145,2022,0.368,0.3440117510182421,0.023988248981757887
Singapore,SGP,830,2022,0.332,0.30457753151702127,0.027422468482978746
Mongolia,MNG,712,2022,0.429,0.3998500288306843,0.02914997116931567
Mauritania,MRT,435,2022,0.248,0.2124836755518689,0.035516324448131104
Honduras,HND,91,2022,0.363,0.327293247122495,0.035706752877504966
North Macedonia,MKD,343,2022,0.383,0.34405351983483956,0.038946480165160446
Nepal,NPL,790,2022,0.385,0.3440117510182421,0.0409882489817579
Ivory Coast,CIV,437,2022,0.384,0.3404656605501133,0.043534339449886716
Ecuador,ECU,130,2022,0.408,0.3638859061335754,0.044114093866424564
Tanzania,TZA,510,2022,0.324,0.27844898415910513,0.04555101584089488
The Gambia,GMB,420,2022,0.463,0.4149968520290517,0.048003147970948346
Kosovo,XKX,347,2022,0.463,0.4137814782045507,0.04921852179544933
Mali,MLI,432,2022,0.233,0.18021236958296627,0.05278763041703374
Timor-Leste,TLS,860,2022,0.516,0.45667174186430126,0.05932825813569875
Peru,PER,135,2022,0.44,0.3773695551015382,0.06263044489846181
Brazil,BRA,140,2022,0.522,0.4551340549802815,0.06686594501971854
Kuwait,KWT,690,2022,0.267,0.19199653896456578,0.07500346103543423
Zambia,ZMB,551,2022,0.437,0.3612667899377701,0.07573321006222988
Georgia,GEO,372,2022,0.495,0.40632963190502175,0.08867036809497825
Guinea-Bissau,GNB,404,2022,0.189,0.09811891581365909,0.09088108418634092
Cape Verde,CPV,402,2022,0.55,0.45823041509506435,0.0917695849049357
Indonesia,IDN,850,2022,0.471,0.37879564235887514,0.09220435764112483
Mauritius,MUS,590,2022,0.419,0.32264742622514814,0.09635257377485185
Namibia,NAM,565,2022,0.459,0.36218826007856936,0.09681173992143066
Sao Tome and Principe,STP,403,2022,0.427,0.3249329923595768,0.1020670076404232
Botswana,BWA,571,2022,0.364,0.25922894055886786,0.10477105944113213
Malaysia,MYS,820,2022,0.332,0.22086911240653023,0.11113088759346978
Niger,NER,436,2022,0.454,0.3404656605501133,0.11353433944988672
Lebanon,LBN,660,2022,0.294,0.16611099514179634,0.12788900485820365
Armenia,ARM,371,2022,0.501,0.37041014785192206,0.13058985214807795
Slovakia,SVK,317,2022,0.6,0.4493763633819683,0.1506236366180317
Malawi,MWI,553,2022,0.499,0.34669494625756203,0.15230505374243797
Lesotho,LSO,570,2022,0.5,0.3285678132135424,0.1714321867864576
Colombia,COL,100,2022,0.519,0.3447751990945423,0.17422480090545772
Liberia,LBR,450,2022,0.49,0.31493396281899827,0.17506603718100172
Bulgaria,BGR,355,2022,0.571,0.3929184225939557,0.17808157740604424
Sierra Leone,SLE,451,2022,0.513,0.32991466451600887,0.18308533548399114
Argentina,ARG,160,2022,0.636,0.4373921142160857,0.1986078857839143
Croatia,HRV,344,2022,0.553,0.3518889352644363,0.20111106473556373
Ghana,GHA,452,2022,0.554,0.3496787780075678,0.20432122199243224
Seychelles,SYC,591,2022,0.666,0.4501254060193998,0.21587459398060022
Panama,PAN,95,2022,0.568,0.3474166465223219,0.22058335347767805
Lithuania,LTU,368,2022,0.651,0.40982967696729183,0.2411703230327082
Vanuatu,VUT,935,2022,0.631,0.382894591918419,0.248105408081581
Cyprus,CYP,352,2022,0.641,0.3927281089328188,0.24827189106718123
Greece,GRC,350,2022,0.659,0.40641420740252443,0.2525857925974756
South Africa,ZAF,560,2022,0.62,0.3627680468833919,0.25723195311660807
Dominican Republic,DOM,42,2022,0.622,0.36385405691570444,0.25814594308429556
South Korea,KOR,732,2022,0.688,0.417064400786408,0.27093559921359195
Moldova,MDA,359,2022,0.686,0.41256213967957994,0.2734378603204201
Japan,JPN,740,2022,0.724,0.4495574644564916,0.2744425355435084
Slovenia,SVN,349,2022,0.707,0.4066724730218096,0.3003275269781904
Spain,ESP,230,2022,0.753,0.4386592103475161,0.3143407896524839
Malta,MLT,338,2022,0.637,0.32023095033922017,0.31676904966077984
Austria,AUT,305,2022,0.718,0.3838201133174055,0.33417988668259446
Israel,ISR,666,2022,0.626,0.28925089068494064,0.33674910931505936
Estonia,EST,366,2022,0.776,0.4256624926619468,0.35033750733805324
Trinidad and Tobago,TTO,52,2022,0.679,0.32773383136419154,0.3512661686358085
Czechia,CZE,316,2022,0.747,0.3909156952674957,0.3560843047325043
Barbados,BRB,53,2022,0.713,0.3457451797624218,0.36725482023757816
Senegal,SEN,433,2022,0.596,0.2278446053203591,0.36815539467964087
Uruguay,URY,165,2022,0.696,0.3241330456197608,0.37186695438023915
United States of America,USA,2,2022,0.737,0.36043665995338753,0.37656334004661246
Canada,CAN,20,2022,0.669,0.2921137025752364,0.37688629742476365
Chile,CHL,155,2022,0.769,0.38528531022585355,0.38371468977414647
Jamaica,JAM,51,2022,0.677,0.2850480205022632,0.39195197949773686
Suriname,SUR,115,2022,0.618,0.22168026972296112,0.3963197302770389
Latvia,LVA,367,2022,0.696,0.2943658680738321,0.40163413192616787
Portugal,PRT,235,2022,0.751,0.3440117510182421,0.4069882489817579
Iceland,ISL,395,2022,0.751,0.333230337986846,0.417769662013154
Sweden,SWE,380,2022,0.823,0.3712884067731009,0.4517115932268991
Taiwan,TWN,713,2022,0.745,0.2842566668155028,0.4607433331844972
Costa Rica,CRI,94,2022,0.797,0.33214966349302416,0.4648503365069759
Luxembourg,LUX,212,2022,0.827,0.3595960300352453,0.46740396996475464
Australia,AUS,900,2022,0.768,0.28894041360601025,0.47905958639398977
Finland,FIN,375,2022,0.809,0.3264481174924962,0.48255188250750386
Netherlands,NLD,210,2022,0.806,0.31834390427707765,0.4876560957229224
France,FRA,220,2022,0.81,0.2842566668155028,0.5257433331844972
Switzerland,CHE,225,2022,0.86,0.33008206750906266,0.5299179324909373
Belgium,BEL,211,2022,0.809,0.26759571713199437,0.5414042828680057
New Zealand,NZL,920,2022,0.772,0.22695294445697597,0.545047055543024
Italy,ITA,325,2022,0.766,0.19127115102067208,0.574728848979328
Ireland,IRL,205,2022,0.811,0.21433862334255033,0.5966613766574498
Denmark,DNK,390,2022,0.878,0.2019802049866945,0.6760197950133056
Nicaragua,NIC,93,2023,0.019,0.4742500556786057,-0.45525005567860566
Belarus,BLR,370,2023,0.025,0.3827921160820687,-0.3577921160820687
Azerbaijan,AZE,373,2023,0.05,0.3888078248347492,-0.3388078248347492
Cuba,CUB,40,2023,0.103,0.4383775735436383,-0.33537757354363834
Afghanistan,AFG,700,2023,0.024,0.35726802400532087,-0.33326802400532085
Eritrea,ERI,531,2023,0.034,0.34581654016795865,-0.3118165401679587
Venezuela,VEN,101,2023,0.042,0.34924098759048994,-0.30724098759048996
Türkiye,TUR,640,2023,0.085,0.3886294227354783,-0.30362942273547827
Tajikistan,TJK,702,2023,0.045,0.3443032714943637,-0.2993032714943637
Burma/Myanmar,MMR,775,2023,0.037,0.3178406827332579,-0.2808406827332579
Sudan,SDN,625,2023,0.043,0.31954616288665794,-0.27654616288665795
Egypt,EGY,651,2023,0.099,0.3705543933073929,-0.27155439330739295
North Korea,PRK,731,2023,0.013,0.2839689352081696,-0.2709689352081696
Guinea,GIN,438,2023,0.078,0.34405351983483956,-0.26605351983483955
Russia,RUS,365,2023,0.079,0.3443032714943637,-0.26530327149436367
Eswatini,SWZ,572,2023,0.063,0.31579160312842963,-0.25279160312842963
Central African Republic,CAF,482,2023,0.147,0.3958886423622632,-0.24888864236226318
Algeria,DZA,615,2023,0.167,0.41367608238119435,-0.24667608238119434
Equatorial Guinea,GNQ,411,2023,0.047,0.28252556701887016,-0.23552556701887017
Saudi Arabia,SAU,670,2023,0.062,0.2864382807916255,-0.22443828079162548
Papua New Guinea,PNG,910,2023,0.248,0.46823926266331833,-0.22023926266331834
Chad,TCD,483,2023,0.101,0.3006701800886013,-0.1996701800886013
Laos,LAO,812,2023,0.062,0.25671746511595955,-0.19471746511595955
Qatar,QAT,694,2023,0.104,0.29105521453783634,-0.18705521453783636
Angola,AGO,540,2023,0.157,0.3404656605501133,-0.1834656605501133
Uganda,UGA,500,2023,0.242,0.42412067581043456,-0.18212067581043456
Republic of the Congo,COG,484,2023,0.16,0.3404656605501133,-0.1804656605501133
Madagascar,MDG,580,2023,0.221,0.39879174411506835,-0.17779174411506835
Zimbabwe,ZWE,552,2023,0.234,0.41175832424907355,-0.17775832424907353
Comoros,COM,581,2023,0.136,0.30944485374740566,-0.17344485374740565
Kazakhstan,KAZ,705,2023,0.183,0.35637252896604243,-0.17337252896604244
El Salvador,SLV,92,2023,0.145,0.31698209872588357,-0.17198209872588358
Iran,IRN,630,2023,0.086,0.24447873402631715,-0.15847873402631715
Rwanda,RWA,517,2023,0.189,0.33447028678929286,-0.14547028678929286
China,CHN,710,2023,0.101,0.24529871531711717,-0.14429871531711716
Guatemala,GTM,90,2023,0.285,0.4221930519277548,-0.13719305192775483
Hungary,HUN,310,2023,0.205,0.34011992158969356,-0.13511992158969358
Bangladesh,BGD,771,2023,0.125,0.2591015725712092,-0.1341015725712092
Cameroon,CMR,471,2023,0.111,0.24493281094712732,-0.13393281094712733
Albania,ALB,339,2023,0.261,0.39390172132123924,-0.13290172132123923
Democratic Republic of the Congo,COD,490,2023,0.232,0.36432636514749006,-0.13232636514749005
Haiti,HTI,41,2023,0.192,0.32409842717802484,-0.13209842717802484
Thailand,THA,800,2023,0.162,0.289811004862853,-0.127811004862853
Cambodia,KHM,811,2023,0.08,0.2055736368251127,-0.1255736368251127
Philippines,PHL,840,2023,0.262,0.3802479885236191,-0.11824798852361906
Nigeria,NGA,475,2023,0.331,0.43866851543444313,-0.10766851543444311
Ethiopia,ETH,530,2023,0.233,0.3404656605501133,-0.10746566055011328
Mexico,MEX,70,2023,0.332,0.43737194416895225,-0.10537194416895224
United Arab Emirates,ARE,696,2023,0.082,0.1827501695043015,-0.1007501695043015
India,IND,750,2023,0.269,0.36871874958433903,-0.09971874958433902
Ukraine,UKR,369,2023,0.312,0.40951165066525963,-0.09751165066525963
Mozambique,MOZ,541,2023,0.233,0.32629980389257723,-0.09329980389257722
Morocco,MAR,600,2023,0.252,0.3443516713448042,-0.09235167134480421
Togo,TGO,461,2023,0.326,0.40578406647291254,-0.07978406647291253
Guyana,GUY,110,2023,0.236,0.31516019564463293,-0.07916019564463295
Djibouti,DJI,522,2023,0.144,0.22276444685129104,-0.07876444685129105
Gabon,GAB,481,2023,0.218,0.294134557697672,-0.076134557697672
Pakistan,PAK,770,2023,0.206,0.281913192548056,-0.07591319254805604
Iraq,IRQ,645,2023,0.262,0.33630836505553574,-0.07430836505553573
Bahrain,BHR,692,2023,0.06,0.12929529685839977,-0.06929529685839977
Benin,BEN,434,2023,0.29,0.35865702068797545,-0.06865702068797547
Romania,ROU,360,2023,0.307,0.36168430544858615,-0.05468430544858616
Paraguay,PRY,150,2023,0.324,0.35437937020225224,-0.03037937020225223
Kenya,KEN,501,2023,0.481,0.5101494738313392,-0.029149473831339257
Vietnam,VNM,816,2023,0.179,0.19782802384823656,-0.018828023848236564
Bosnia and Herzegovina,BIH,346,2023,0.347,0.362319729762634,-0.015319729762634016
Montenegro,MNE,341,2023,0.485,0.499341311760033,-0.014341311760033004
Maldives,MDV,781,2023,0.472,0.47841048817571585,-0.006410488175715878
Fiji,FJI,950,2023,0.411,0.41125589916357885,-0.00025589916357887654
Libya,LBY,620,2023,0.224,0.22277159838488386,0.0012284016151161425
Bhutan,BTN,760,2023,0.488,0.4824101086139143,0.005589891386085677
Sri Lanka,LKA,780,2023,0.381,0.37481807462009487,0.00618192537990514
Bolivia,BOL,145,2023,0.353,0.3440117510182421,0.008988248981757874
Mongolia,MNG,712,2023,0.411,0.3998500288306843,0.011149971169315653
Niger,NER,436,2023,0.352,0.3404656605501133,0.011534339449886688
Poland,POL,290,2023,0.442,0.41951688917843416,0.022483110821565844
Jordan,JOR,663,2023,0.258,0.2349611312446109,0.023038868755389103
Kosovo,XKX,347,2023,0.442,0.4137814782045507,0.028218521795449314
Singapore,SGP,830,2023,0.333,0.30457753151702127,0.028422468482978747
Ecuador,ECU,130,2023,0.395,0.3638859061335754,0.031114093866424608
Mauritania,MRT,435,2023,0.246,0.2124836755518689,0.0335163244481311
Solomon Islands,SLB,940,2023,0.378,0.3440117510182421,0.033988248981757896
Peru,PER,135,2023,0.414,0.3773695551015382,0.03663044489846179
North Macedonia,MKD,343,2023,0.385,0.34405351983483956,0.04094648016516045
Tanzania,TZA,510,2023,0.32,0.27844898415910513,0.04155101584089488
Ivory Coast,CIV,437,2023,0.386,0.3404656605501133,0.04553433944988672
Honduras,HND,91,2023,0.385,0.327293247122495,0.057706752877504985
Kuwait,KWT,690,2023,0.255,0.19199653896456578,0.06300346103543422
The Gambia,GMB,420,2023,0.483,0.4149968520290517,0.06800314797094831
Mauritius,MUS,590,2023,0.395,0.32264742622514814,0.07235257377485188
Georgia,GEO,372,2023,0.479,0.40632963190502175,0.07267036809497823
Indonesia,IDN,850,2023,0.455,0.37879564235887514,0.07620435764112488
Slovakia,SVK,317,2023,0.527,0.4493763633819683,0.07762363661803173
Timor-Leste,TLS,860,2023,0.536,0.45667174186430126,0.07932825813569877
Zambia,ZMB,551,2023,0.442,0.3612667899377701,0.08073321006222989
Nepal,NPL,790,2023,0.426,0.3440117510182421,0.08198824898175788
Armenia,ARM,371,2023,0.454,0.37041014785192206,0.08358985214807796
Cape Verde,CPV,402,2023,0.547,0.45823041509506435,0.0887695849049357
Sao Tome and Principe,STP,403,2023,0.421,0.3249329923595768,0.0960670076404232
Malawi,MWI,553,2023,0.446,0.34669494625756203,0.09930505374243798
Namibia,NAM,565,2023,0.463,0.36218826007856936,0.10081173992143067
Lebanon,LBN,660,2023,0.27,0.16611099514179634,0.10388900485820368
Botswana,BWA,571,2023,0.372,0.25922894055886786,0.11277105944113214
Guinea-Bissau,GNB,404,2023,0.217,0.09811891581365909,0.11888108418634091
Sierra Leone,SLE,451,2023,0.466,0.32991466451600887,0.13608533548399115
Malaysia,MYS,820,2023,0.365,0.22086911240653023,0.14413088759346976
Croatia,HRV,344,2023,0.513,0.3518889352644363,0.1611110647355637
Colombia,COL,100,2023,0.515,0.3447751990945423,0.17022480090545772
Bulgaria,BGR,355,2023,0.572,0.3929184225939557,0.17908157740604425
Lesotho,LSO,570,2023,0.512,0.3285678132135424,0.18343218678645762
Argentina,ARG,160,2023,0.626,0.4373921142160857,0.1886078857839143
South Korea,KOR,732,2023,0.609,0.417064400786408,0.191935599213592
Liberia,LBR,450,2023,0.515,0.31493396281899827,0.20006603718100174
Ghana,GHA,452,2023,0.555,0.3496787780075678,0.20532122199243225
Panama,PAN,95,2023,0.556,0.3474166465223219,0.20858335347767815
Seychelles,SYC,591,2023,0.667,0.4501254060193998,0.21687459398060022
Moldova,MDA,359,2023,0.638,0.41256213967957994,0.22543786032042007
Greece,GRC,350,2023,0.632,0.40641420740252443,0.22558579259747558
Lithuania,LTU,368,2023,0.651,0.40982967696729183,0.2411703230327082
Slovenia,SVN,349,2023,0.654,0.4066724730218096,0.24732752697819044
South Africa,ZAF,560,2023,0.612,0.3627680468833919,0.24923195311660806
Dominican Republic,DOM,42,2023,0.618,0.36385405691570444,0.25414594308429556
Vanuatu,VUT,935,2023,0.639,0.382894591918419,0.256105408081581
Cyprus,CYP,352,2023,0.652,0.3927281089328188,0.25927189106718124
Israel,ISR,666,2023,0.552,0.28925089068494064,0.2627491093150594
Spain,ESP,230,2023,0.702,0.4386592103475161,0.26334078965248386
Brazil,BRA,140,2023,0.726,0.4551340549802815,0.2708659450197185
Japan,JPN,740,2023,0.73,0.4495574644564916,0.2804425355435084
Senegal,SEN,433,2023,0.534,0.2278446053203591,0.3061553946796409
Malta,MLT,338,2023,0.638,0.32023095033922017,0.31776904966077985
Austria,AUT,305,2023,0.721,0.3838201133174055,0.33717988668259447
Estonia,EST,366,2023,0.766,0.4256624926619468,0.34033750733805324
Trinidad and Tobago,TTO,52,2023,0.679,0.32773383136419154,0.3512661686358085
Jamaica,JAM,51,2023,0.649,0.2850480205022632,0.36395197949773683
Barbados,BRB,53,2023,0.71,0.3457451797624218,0.36425482023757816
Canada,CAN,20,2023,0.659,0.2921137025752364,0.36688629742476364
Czechia,CZE,316,2023,0.763,0.3909156952674957,0.3720843047325043
Suriname,SUR,115,2023,0.603,0.22168026972296112,0.38131973027703886
Uruguay,URY,165,2023,0.709,0.3241330456197608,0.38486695438023916
Chile,CHL,155,2023,0.771,0.38528531022585355,0.38571468977414647
United States of America,USA,2,2023,0.752,0.36043665995338753,0.3915633400466125
Portugal,PRT,235,2023,0.747,0.3440117510182421,0.4029882489817579
Latvia,LVA,367,2023,0.71,0.2943658680738321,0.4156341319261679
Iceland,ISL,395,2023,0.757,0.333230337986846,0.423769662013154
Sweden,SWE,380,2023,0.814,0.3712884067731009,0.44271159322689907
Finland,FIN,375,2023,0.772,0.3264481174924962,0.4455518825075038
Costa Rica,CRI,94,2023,0.787,0.33214966349302416,0.45485033650697587
Taiwan,TWN,713,2023,0.744,0.2842566668155028,0.45974333318449717
Luxembourg,LUX,212,2023,0.829,0.3595960300352453,0.46940396996475464
Netherlands,NLD,210,2023,0.792,0.31834390427707765,0.4736560957229224
Australia,AUS,900,2023,0.774,0.28894041360601025,0.4850595863939898
Switzerland,CHE,225,2023,0.85,0.33008206750906266,0.5199179324909373
New Zealand,NZL,920,2023,0.748,0.22695294445697597,0.521047055543024
France,FRA,220,2023,0.807,0.2842566668155028,0.5227433331844973
Italy,ITA,325,2023,0.725,0.19127115102067208,0.5337288489793279
Belgium,BEL,211,2023,0.809,0.26759571713199437,0.5414042828680057
Ireland,IRL,205,2023,0.814,0.21433862334255033,0.5996613766574497
Denmark,DNK,390,2023,0.873,0.2019802049866945,0.6710197950133054
