country_name,country_text_id,COWcode,year,v2x_egaldem,pred,residual
Azerbaijan,AZE,373,2016,0.129,0.412442317297142,-0.283442317297142
Sudan,SDN,625,2016,0.062,0.3428221393327089,-0.2808221393327089
Tajikistan,TJK,702,2016,0.075,0.34260335682030446,-0.26760335682030445
Nicaragua,NIC,93,2016,0.161,0.4236446267060087,-0.26264462670600874
Uzbekistan,UZB,704,2016,0.133,0.3921415038952272,-0.25914150389522717
Burundi,BDI,516,2016,0.112,0.36663087335130695,-0.25463087335130696
Uganda,UGA,500,2016,0.181,0.4326500029721676,-0.2516500029721676
Eswatini,SWZ,572,2016,0.093,0.33589560042460936,-0.24289560042460936
Republic of the Congo,COG,484,2016,0.103,0.32911461934210245,-0.22611461934210247
Angola,AGO,540,2016,0.099,0.32156654814718544,-0.22256654814718543
Maldives,MDV,781,2016,0.245,0.46661989130497494,-0.22161989130497495
Papua New Guinea,PNG,910,2016,0.25,0.4689996839415423,-0.2189996839415423
Eritrea,ERI,531,2016,0.149,0.3649162924104402,-0.21591629241044022
North Korea,PRK,731,2016,0.088,0.30348010811328097,-0.21548010811328097
Egypt,EGY,651,2016,0.091,0.30570491170472897,-0.21470491170472897
China,CHN,710,2016,0.095,0.30917846052242887,-0.21417846052242887
The Gambia,GMB,420,2016,0.178,0.38906326323451923,-0.21106326323451924
Ethiopia,ETH,530,2016,0.15,0.3436932912370361,-0.19369329123703613
Zimbabwe,ZWE,552,2016,0.186,0.3767558918408643,-0.19075589184086428
Chad,TCD,483,2016,0.099,0.28968634111393843,-0.19068634111393842
Equatorial Guinea,GNQ,411,2016,0.106,0.2956934095004582,-0.1896934095004582
Qatar,QAT,694,2016,0.114,0.3001968981085614,-0.18619689810856144
Timor-Leste,TLS,860,2016,0.386,0.5717607903736659,-0.18576079037366588
Iran,IRN,630,2016,0.174,0.3581309507800589,-0.18413095078005892
Saudi Arabia,SAU,670,2016,0.103,0.2765981435653695,-0.1735981435653695
Laos,LAO,812,2016,0.098,0.2693359737776131,-0.1713359737776131
Haiti,HTI,41,2016,0.134,0.2969948027414583,-0.16299480274145828
Bangladesh,BGD,771,2016,0.118,0.27715329240600356,-0.15915329240600357
Kazakhstan,KAZ,705,2016,0.182,0.34013294753306955,-0.15813294753306956
Zambia,ZMB,551,2016,0.255,0.400751788588842,-0.14575178858884197
Kyrgyzstan,KGZ,703,2016,0.308,0.4505253486558781,-0.14252534865587813
Türkiye,TUR,640,2016,0.232,0.37289287206393285,-0.14089287206393283
Russia,RUS,365,2016,0.204,0.34338810168224976,-0.13938810168224977
Morocco,MAR,600,2016,0.188,0.32469062909720386,-0.13669062909720386
Democratic Republic of the Congo,COD,490,2016,0.18,0.31251316846252786,-0.13251316846252786
Venezuela,VEN,101,2016,0.181,0.3130438959397355,-0.13204389593973548
Guatemala,GTM,90,2016,0.268,0.3992881778502597,-0.1312881778502597
Philippines,PHL,840,2016,0.24,0.3657893533417291,-0.12578935334172908
Honduras,HND,91,2016,0.164,0.2896323295644129,-0.12563232956441292
Madagascar,MDG,580,2016,0.24,0.3632614631996682,-0.12326146319966819
Guinea,GIN,438,2016,0.223,0.3428614886123825,-0.11986148861238252
United Arab Emirates,ARE,696,2016,0.135,0.25482044801809767,-0.11982044801809766
Kenya,KEN,501,2016,0.332,0.4476043883444544,-0.11560438834445436
Belarus,BLR,370,2016,0.281,0.3949685345354927,-0.11396853453549266
Ukraine,UKR,369,2016,0.296,0.40093905655859363,-0.10493905655859365
Cambodia,KHM,811,2016,0.109,0.20897065532254594,-0.09997065532254594
Afghanistan,AFG,700,2016,0.188,0.2879306846209802,-0.0999306846209802
Pakistan,PAK,770,2016,0.142,0.24127685605885835,-0.09927685605885836
Iraq,IRQ,645,2016,0.203,0.29418556294776804,-0.09118556294776803
Rwanda,RWA,517,2016,0.205,0.29393925830849366,-0.08893925830849367
Djibouti,DJI,522,2016,0.156,0.23551434725060566,-0.07951434725060566
Libya,LBY,620,2016,0.198,0.27741477416922844,-0.07941477416922843
Paraguay,PRY,150,2016,0.234,0.3100100526180716,-0.07601005261807156
Fiji,FJI,950,2016,0.296,0.3719814351792602,-0.0759814351792602
Montenegro,MNE,341,2016,0.395,0.47062098249646517,-0.07562098249646515
Mexico,MEX,70,2016,0.328,0.39632448401331255,-0.06832448401331254
Mauritania,MRT,435,2016,0.179,0.24398568162982026,-0.06498568162982027
Burma/Myanmar,MMR,775,2016,0.208,0.2728112127763342,-0.0648112127763342
Oman,OMN,698,2016,0.181,0.24386964698499392,-0.06286964698499392
Nigeria,NGA,475,2016,0.309,0.36632758602982574,-0.05732758602982574
Central African Republic,CAF,482,2016,0.222,0.2709339262927331,-0.048933926292733104
North Macedonia,MKD,343,2016,0.314,0.36286677427497493,-0.04886677427497493
Gabon,GAB,481,2016,0.294,0.3428614886123825,-0.04886148861238254
Cameroon,CMR,471,2016,0.197,0.23838000483081306,-0.041380004830813055
Comoros,COM,581,2016,0.27,0.31088152454237084,-0.04088152454237082
Togo,TGO,461,2016,0.347,0.3834538751499682,-0.03645387514996823
Mozambique,MOZ,541,2016,0.271,0.304934619641995,-0.033934619641994956
Vietnam,VNM,816,2016,0.199,0.23213858470174242,-0.03313858470174241
Armenia,ARM,371,2016,0.284,0.31529829901310447,-0.03129829901310449
Cuba,CUB,40,2016,0.233,0.25775799128082594,-0.024757991280825925
Moldova,MDA,359,2016,0.401,0.42346449538484576,-0.02246449538484574
Dominican Republic,DOM,42,2016,0.299,0.32126564907730626,-0.02226564907730627
Jordan,JOR,663,2016,0.209,0.2284687995880131,-0.01946879958801312
Malawi,MWI,553,2016,0.324,0.33861776460956955,-0.014617764609569539
Bhutan,BTN,760,2016,0.473,0.4869189165167895,-0.013918916516789503
Sierra Leone,SLE,451,2016,0.3,0.31017611403209633,-0.01017611403209634
Bahrain,BHR,692,2016,0.118,0.12141981577969713,-0.003419815779697133
Malaysia,MYS,820,2016,0.227,0.2264425278336801,0.0005574721663199056
Ivory Coast,CIV,437,2016,0.327,0.32156654814718544,0.005433451852814575
Sri Lanka,LKA,780,2016,0.399,0.3887470939953637,0.010252906004636297
Albania,ALB,339,2016,0.375,0.36314238944500293,0.011857610554997067
Solomon Islands,SLB,940,2016,0.357,0.33891476190533176,0.01808523809466822
El Salvador,SLV,92,2016,0.314,0.2938654019164252,0.020134598083574817
Algeria,DZA,615,2016,0.26,0.23749790168023582,0.022502098319764186
Bosnia and Herzegovina,BIH,346,2016,0.383,0.35892604229301606,0.02407395770698395
India,IND,750,2016,0.311,0.28514921602186394,0.02585078397813606
Tanzania,TZA,510,2016,0.345,0.319058986342181,0.02594101365781898
Kuwait,KWT,690,2016,0.244,0.21327987383172656,0.030720126168273437
Singapore,SGP,830,2016,0.372,0.31898835014616395,0.05301164985383605
Sao Tome and Principe,STP,403,2016,0.461,0.40570427498309886,0.055295725016901165
Niger,NER,436,2016,0.385,0.32156654814718544,0.06343345185281457
Kosovo,XKX,347,2016,0.442,0.3759845370972181,0.06601546290278193
Seychelles,SYC,591,2016,0.467,0.39861519566592196,0.06838480433407806
Bolivia,BOL,145,2016,0.414,0.33891476190533176,0.07508523809466822
Ecuador,ECU,130,2016,0.384,0.30438274602637994,0.07961725397362007
Colombia,COL,100,2016,0.413,0.32989804649916205,0.08310195350083793
Indonesia,IDN,850,2016,0.424,0.33476741080520034,0.08923258919479965
Mali,MLI,432,2016,0.35,0.26039445017975443,0.08960554982024554
Burkina Faso,BFA,439,2016,0.434,0.3428614886123825,0.09113851138761747
Nepal,NPL,790,2016,0.431,0.33891476190533176,0.09208523809466823
Liberia,LBR,450,2016,0.397,0.3036714083291723,0.09332859167082774
Brazil,BRA,140,2016,0.495,0.390984112412551,0.10401588758744901
Hungary,HUN,310,2016,0.461,0.3428614886123825,0.1181385113876175
Mongolia,MNG,712,2016,0.519,0.40080537589684767,0.11819462410315235
Lebanon,LBN,660,2016,0.305,0.1819281873310744,0.12307181266892558
Guinea-Bissau,GNB,404,2016,0.282,0.15348736476253447,0.1285126352374655
Peru,PER,135,2016,0.504,0.37403580662587876,0.12996419337412124
Panama,PAN,95,2016,0.498,0.359810699925764,0.13818930007423602
Guyana,GUY,110,2016,0.466,0.31099795669475017,0.15500204330524986
Ghana,GHA,452,2016,0.525,0.3649162924104402,0.1600837075895598
Bulgaria,BGR,355,2016,0.515,0.3540850517832052,0.1609149482167948
Georgia,GEO,372,2016,0.549,0.37761382422176815,0.1713861757782319
Namibia,NAM,565,2016,0.479,0.3054934002129653,0.1735065997870347
Lesotho,LSO,570,2016,0.47,0.29460379186865443,0.17539620813134554
Botswana,BWA,571,2016,0.481,0.30290218958106985,0.17809781041893014
Argentina,ARG,160,2016,0.594,0.3979525934752553,0.19604740652474467
Benin,BEN,434,2016,0.555,0.35606969587891685,0.1989303041210832
Slovakia,SVK,317,2016,0.668,0.46492991344771367,0.20307008655228637
Vanuatu,VUT,935,2016,0.625,0.4101475724445969,0.21485242755540312
South Korea,KOR,732,2016,0.608,0.3918124909097795,0.2161875090902205
Romania,ROU,360,2016,0.569,0.3509095129894331,0.21809048701056682
South Africa,ZAF,560,2016,0.517,0.28377373942714673,0.23322626057285328
Cape Verde,CPV,402,2016,0.637,0.396166778287598,0.240833221712402
Poland,POL,290,2016,0.642,0.39738770414654645,0.24461229585345357
Barbados,BRB,53,2016,0.635,0.3772548915014216,0.2577451084985784
Japan,JPN,740,2016,0.743,0.4801905802648703,0.26280941973512967
Croatia,HRV,344,2016,0.608,0.3393769520448044,0.2686230479551956
Jamaica,JAM,51,2016,0.611,0.3360222169217389,0.2749777830782611
Suriname,SUR,115,2016,0.558,0.2786889592065078,0.2793110407934922
Mauritius,MUS,590,2016,0.594,0.3040325919659863,0.28996740803401366
Cyprus,CYP,352,2016,0.743,0.4465995461224339,0.2964004538775661
Spain,ESP,230,2016,0.75,0.4363618557826434,0.3136381442173566
Israel,ISR,666,2016,0.591,0.27722415247790094,0.313775847522099
Senegal,SEN,433,2016,0.542,0.22781950395674894,0.3141804960432511
Austria,AUT,305,2016,0.746,0.43143628327031625,0.31456371672968375
Lithuania,LTU,368,2016,0.737,0.41006382575337663,0.32693617424662336
Chile,CHL,155,2016,0.659,0.3270945717866064,0.33190542821339364
Iceland,ISL,395,2016,0.796,0.451507961089225,0.34449203891077507
Trinidad and Tobago,TTO,52,2016,0.655,0.2986905801471525,0.35630941985284753
Malta,MLT,338,2016,0.676,0.31881309699089583,0.3571869030091042
United States of America,USA,2,2016,0.708,0.34133259066387467,0.3666674093361253
Czechia,CZE,316,2016,0.772,0.3862526135699887,0.38574738643001133
Estonia,EST,366,2016,0.817,0.4190871437915425,0.39791285620845745
Sweden,SWE,380,2016,0.844,0.44450818782750035,0.3994918121724996
Canada,CAN,20,2016,0.698,0.29029081842633087,0.4077091815736691
Slovenia,SVN,349,2016,0.776,0.3666283548629058,0.40937164513709423
Greece,GRC,350,2016,0.778,0.3557811550471207,0.4222188449528793
Latvia,LVA,367,2016,0.726,0.29154943291364177,0.4344505670863582
Taiwan,TWN,713,2016,0.743,0.2886582603742627,0.4543417396257373
Luxembourg,LUX,212,2016,0.823,0.3616870685656755,0.46131293143432445
Uruguay,URY,165,2016,0.798,0.3291117532273906,0.46888824677260943
Switzerland,CHE,225,2016,0.835,0.3650679037928857,0.4699320962071143
Australia,AUS,900,2016,0.761,0.2905346550745313,0.4704653449254687
Portugal,PRT,235,2016,0.812,0.33891476190533176,0.4730852380946683
Netherlands,NLD,210,2016,0.802,0.327126459558451,0.47487354044154906
Costa Rica,CRI,94,2016,0.811,0.3323099646730414,0.47869003532695864
Finland,FIN,375,2016,0.808,0.3260381404142376,0.48196185958576243
France,FRA,220,2016,0.794,0.27691315122746685,0.5170868487725332
Ireland,IRL,205,2016,0.771,0.24903804234255358,0.5219619576574465
New Zealand,NZL,920,2016,0.778,0.23340267352006316,0.5445973264799369
Belgium,BEL,211,2016,0.835,0.2700076034610796,0.5649923965389203
Italy,ITA,325,2016,0.793,0.15858019430569645,0.6344198056943036
Denmark,DNK,390,2016,0.882,0.19850404165718244,0.6834959583428175
Nicaragua,NIC,93,2017,0.14,0.4236446267060087,-0.2836446267060087
Azerbaijan,AZE,373,2017,0.13,0.412442317297142,-0.282442317297142
Sudan,SDN,625,2017,0.066,0.3428221393327089,-0.2768221393327089
Tajikistan,TJK,702,2017,0.069,0.34260335682030446,-0.27360335682030446
Burundi,BDI,516,2017,0.11,0.36663087335130695,-0.25663087335130697
Uganda,UGA,500,2017,0.177,0.4326500029721676,-0.2556500029721676
Uzbekistan,UZB,704,2017,0.14,0.3921415038952272,-0.25214150389522716
Eswatini,SWZ,572,2017,0.096,0.33589560042460936,-0.23989560042460936
Republic of the Congo,COG,484,2017,0.104,0.32911461934210245,-0.22511461934210247
Papua New Guinea,PNG,910,2017,0.249,0.4689996839415423,-0.2199996839415423
Maldives,MDV,781,2017,0.251,0.46661989130497494,-0.21561989130497494
Eritrea,ERI,531,2017,0.151,0.3649162924104402,-0.21391629241044022
North Korea,PRK,731,2017,0.091,0.30348010811328097,-0.21248010811328097
China,CHN,710,2017,0.098,0.30917846052242887,-0.21117846052242886
Egypt,EGY,651,2017,0.095,0.30570491170472897,-0.21070491170472896
Angola,AGO,540,2017,0.111,0.32156654814718544,-0.21056654814718545
Iran,IRN,630,2017,0.165,0.3581309507800589,-0.1931309507800589
Zimbabwe,ZWE,552,2017,0.184,0.3767558918408643,-0.19275589184086428
Chad,TCD,483,2017,0.098,0.28968634111393843,-0.19168634111393842
Equatorial Guinea,GNQ,411,2017,0.106,0.2956934095004582,-0.1896934095004582
Qatar,QAT,694,2017,0.111,0.3001968981085614,-0.18919689810856144
Ethiopia,ETH,530,2017,0.156,0.3436932912370361,-0.18769329123703613
Bangladesh,BGD,771,2017,0.104,0.27715329240600356,-0.17315329240600358
Saudi Arabia,SAU,670,2017,0.108,0.2765981435653695,-0.1685981435653695
Laos,LAO,812,2017,0.103,0.2693359737776131,-0.1663359737776131
Haiti,HTI,41,2017,0.133,0.2969948027414583,-0.16399480274145828
Venezuela,VEN,101,2017,0.153,0.3130438959397355,-0.16004389593973548
Kazakhstan,KAZ,705,2017,0.184,0.34097065388270853,-0.15697065388270853
Zambia,ZMB,551,2017,0.248,0.400751788588842,-0.15275178858884197
Timor-Leste,TLS,860,2017,0.42,0.5717607903736659,-0.1517607903736659
Türkiye,TUR,640,2017,0.227,0.37289287206393285,-0.14589287206393284
Philippines,PHL,840,2017,0.223,0.3657893533417291,-0.14278935334172907
Morocco,MAR,600,2017,0.183,0.32469062909720386,-0.14169062909720387
Guatemala,GTM,90,2017,0.259,0.3992881778502597,-0.1402881778502597
Russia,RUS,365,2017,0.204,0.34338810168224976,-0.13938810168224977
Kyrgyzstan,KGZ,703,2017,0.313,0.4505253486558781,-0.13752534865587812
Democratic Republic of the Congo,COD,490,2017,0.176,0.31251316846252786,-0.13651316846252787
Guinea,GIN,438,2017,0.212,0.3428614886123825,-0.13086148861238253
Honduras,HND,91,2017,0.16,0.2896323295644129,-0.12963232956441292
Kenya,KEN,501,2017,0.322,0.4476043883444544,-0.12560438834445437
Madagascar,MDG,580,2017,0.239,0.3632614631996682,-0.12426146319966819
United Arab Emirates,ARE,696,2017,0.135,0.25482044801809767,-0.11982044801809766
Cambodia,KHM,811,2017,0.093,0.20897065532254594,-0.11597065532254594
Belarus,BLR,370,2017,0.282,0.3949685345354927,-0.11296853453549272
Ukraine,UKR,369,2017,0.294,0.40093905655859363,-0.10693905655859365
Afghanistan,AFG,700,2017,0.184,0.2879306846209802,-0.10393068462098021
Iraq,IRQ,645,2017,0.191,0.29418556294776804,-0.10318556294776804
Thailand,THA,800,2017,0.14,0.24099494892784978,-0.10099494892784977
Pakistan,PAK,770,2017,0.143,0.24127685605885835,-0.09827685605885836
Libya,LBY,620,2017,0.182,0.27741477416922844,-0.09541477416922844
Rwanda,RWA,517,2017,0.201,0.29393925830849366,-0.09293925830849364
Mauritania,MRT,435,2017,0.154,0.24398568162982026,-0.08998568162982026
Central African Republic,CAF,482,2017,0.184,0.2709339262927331,-0.08693392629273311
Montenegro,MNE,341,2017,0.387,0.47062098249646517,-0.08362098249646516
Fiji,FJI,950,2017,0.294,0.3719814351792602,-0.0779814351792602
Djibouti,DJI,522,2017,0.16,0.23551434725060566,-0.07551434725060566
Paraguay,PRY,150,2017,0.244,0.3100100526180716,-0.06601005261807158
Mexico,MEX,70,2017,0.333,0.39632448401331255,-0.06332448401331253
Moldova,MDA,359,2017,0.364,0.42346449538484576,-0.05946449538484577
Oman,OMN,698,2017,0.185,0.24386964698499392,-0.05886964698499392
Nigeria,NGA,475,2017,0.309,0.36632758602982574,-0.05732758602982574
Togo,TGO,461,2017,0.328,0.3834538751499682,-0.05545387514996819
Gabon,GAB,481,2017,0.293,0.3428614886123825,-0.04986148861238254
The Gambia,GMB,420,2017,0.34,0.38906326323451923,-0.049063263234519205
Mozambique,MOZ,541,2017,0.259,0.304934619641995,-0.04593461964199497
Burma/Myanmar,MMR,775,2017,0.227,0.2728112127763342,-0.04581121277633418
Cameroon,CMR,471,2017,0.197,0.23838000483081306,-0.041380004830813055
Comoros,COM,581,2017,0.27,0.31088152454237084,-0.04088152454237082
Vietnam,VNM,816,2017,0.197,0.23213858470174242,-0.035138584701742415
Dominican Republic,DOM,42,2017,0.294,0.32126564907730626,-0.027265649077306275
Cuba,CUB,40,2017,0.233,0.25775799128082594,-0.024757991280825925
Armenia,ARM,371,2017,0.3,0.31529829901310447,-0.015298299013104477
Bhutan,BTN,760,2017,0.479,0.4869189165167895,-0.007918916516789498
Jordan,JOR,663,2017,0.221,0.2284687995880131,-0.007468799588013109
Malawi,MWI,553,2017,0.333,0.33861776460956955,-0.005617764609569531
Bahrain,BHR,692,2017,0.123,0.12141981577969713,0.0015801842203028715
India,IND,750,2017,0.287,0.28514921602186394,0.0018507839781360391
Sierra Leone,SLE,451,2017,0.314,0.31017611403209633,0.003823885967903673
Sri Lanka,LKA,780,2017,0.393,0.3887470939953637,0.004252906004636292
Malaysia,MYS,820,2017,0.232,0.2264425278336801,0.00555747216631991
North Macedonia,MKD,343,2017,0.376,0.36286677427497493,0.013133225725025066
Albania,ALB,339,2017,0.378,0.36314238944500293,0.01485761055499707
Tanzania,TZA,510,2017,0.343,0.319058986342181,0.023941013657819032
Bosnia and Herzegovina,BIH,346,2017,0.386,0.35892604229301606,0.027073957706983953
Algeria,DZA,615,2017,0.265,0.23749790168023582,0.02750209831976419
Solomon Islands,SLB,940,2017,0.367,0.33891476190533176,0.02808523809466823
El Salvador,SLV,92,2017,0.323,0.2938654019164252,0.029134598083574825
Kosovo,XKX,347,2017,0.406,0.3759845370972181,0.030015462902781953
Ivory Coast,CIV,437,2017,0.353,0.32156654814718544,0.03143345185281454
Singapore,SGP,830,2017,0.352,0.31898835014616395,0.033011649853836034
Kuwait,KWT,690,2017,0.25,0.21327987383172656,0.03672012616827344
Sao Tome and Principe,STP,403,2017,0.454,0.40570427498309886,0.04829572501690116
Niger,NER,436,2017,0.377,0.32156654814718544,0.055433451852814564
Bolivia,BOL,145,2017,0.408,0.33891476190533176,0.06908523809466821
Lebanon,LBN,660,2017,0.256,0.1819281873310744,0.0740718126689256
Indonesia,IDN,850,2017,0.411,0.33476741080520034,0.07623258919479964
Hungary,HUN,310,2017,0.422,0.3428614886123825,0.07913851138761746
Seychelles,SYC,591,2017,0.481,0.39861519566592196,0.08238480433407802
Mali,MLI,432,2017,0.345,0.26039445017975443,0.08460554982024554
Ecuador,ECU,130,2017,0.39,0.30438274602637994,0.08561725397362008
Colombia,COL,100,2017,0.416,0.32989804649916205,0.08610195350083794
Burkina Faso,BFA,439,2017,0.431,0.3428614886123825,0.08813851138761747
Brazil,BRA,140,2017,0.482,0.390984112412551,0.091015887587449
Mongolia,MNG,712,2017,0.505,0.40080537589684767,0.10419462410315233
Liberia,LBR,450,2017,0.408,0.3036714083291723,0.1043285916708277
Panama,PAN,95,2017,0.474,0.359810699925764,0.114189300074236
Nepal,NPL,790,2017,0.456,0.33891476190533176,0.11708523809466825
Guinea-Bissau,GNB,404,2017,0.276,0.15348736476253447,0.12251263523746556
Lesotho,LSO,570,2017,0.421,0.29460379186865443,0.12639620813134556
Bulgaria,BGR,355,2017,0.482,0.3540850517832052,0.12791494821679478
Peru,PER,135,2017,0.503,0.37403580662587876,0.12896419337412124
Ghana,GHA,452,2017,0.526,0.3649162924104402,0.1610837075895598
Namibia,NAM,565,2017,0.47,0.3054934002129653,0.1645065997870347
Romania,ROU,360,2017,0.516,0.3509095129894331,0.1650904870105669
Guyana,GUY,110,2017,0.485,0.31099795669475017,0.17400204330524982
Georgia,GEO,372,2017,0.552,0.37761382422176815,0.1743861757782319
Botswana,BWA,571,2017,0.48,0.30290218958106985,0.17709781041893013
Argentina,ARG,160,2017,0.577,0.3979525934752553,0.17904740652474466
Benin,BEN,434,2017,0.538,0.35606969587891685,0.1819303041210832
Slovakia,SVK,317,2017,0.663,0.46492991344771367,0.19807008655228636
Poland,POL,290,2017,0.607,0.39738770414654645,0.20961229585345353
South Africa,ZAF,560,2017,0.497,0.28377373942714673,0.21322626057285327
Vanuatu,VUT,935,2017,0.628,0.4101475724445969,0.21785242755540313
Cape Verde,CPV,402,2017,0.631,0.396166778287598,0.234833221712402
Croatia,HRV,344,2017,0.58,0.3393769520448044,0.24062304795519557
Barbados,BRB,53,2017,0.628,0.3772548915014216,0.2507451084985784
Japan,JPN,740,2017,0.743,0.4801905802648703,0.26280941973512967
Suriname,SUR,115,2017,0.55,0.2786889592065078,0.2713110407934922
Cyprus,CYP,352,2017,0.731,0.4465995461224339,0.2844004538775661
Lithuania,LTU,368,2017,0.7,0.41006382575337663,0.2899361742466233
Israel,ISR,666,2017,0.569,0.27722415247790094,0.291775847522099
Spain,ESP,230,2017,0.729,0.4363618557826434,0.29263814421735657
Mauritius,MUS,590,2017,0.599,0.3040325919659863,0.29496740803401367
Jamaica,JAM,51,2017,0.633,0.3360222169217389,0.2969777830782611
Senegal,SEN,433,2017,0.531,0.22781950395674894,0.3031804960432511
United States of America,USA,2,2017,0.653,0.34133259066387467,0.31166740933612536
Austria,AUT,305,2017,0.749,0.43143628327031625,0.31756371672968375
Chile,CHL,155,2017,0.664,0.3270945717866064,0.33690542821339364
Iceland,ISL,395,2017,0.794,0.451507961089225,0.34249203891077507
South Korea,KOR,732,2017,0.735,0.3918124909097795,0.3431875090902205
Malta,MLT,338,2017,0.663,0.31881309699089583,0.3441869030091042
Czechia,CZE,316,2017,0.74,0.3862526135699887,0.3537473864300113
Trinidad and Tobago,TTO,52,2017,0.655,0.2986905801471525,0.35630941985284753
Slovenia,SVN,349,2017,0.748,0.3666283548629058,0.3813716451370942
Sweden,SWE,380,2017,0.835,0.44450818782750035,0.3904918121724996
Estonia,EST,366,2017,0.816,0.4190871437915425,0.39691285620845745
Canada,CAN,20,2017,0.712,0.29029081842633087,0.4217091815736691
Greece,GRC,350,2017,0.779,0.3557811550471207,0.4232188449528793
Latvia,LVA,367,2017,0.724,0.29154943291364177,0.4324505670863582
Uruguay,URY,165,2017,0.786,0.3291117532273906,0.4568882467726094
Taiwan,TWN,713,2017,0.747,0.2886582603742627,0.4583417396257373
Luxembourg,LUX,212,2017,0.823,0.3616870685656755,0.46131293143432445
Australia,AUS,900,2017,0.761,0.2905346550745313,0.4704653449254687
Switzerland,CHE,225,2017,0.837,0.3650679037928857,0.4719320962071143
Portugal,PRT,235,2017,0.813,0.33891476190533176,0.4740852380946682
Costa Rica,CRI,94,2017,0.808,0.3323099646730414,0.47569003532695864
Finland,FIN,375,2017,0.806,0.3260381404142376,0.47996185958576243
Netherlands,NLD,210,2017,0.809,0.327126459558451,0.48187354044154906
France,FRA,220,2017,0.792,0.27691315122746685,0.5150868487725332
Ireland,IRL,205,2017,0.78,0.24903804234255358,0.5309619576574465
New Zealand,NZL,920,2017,0.778,0.23340267352006316,0.5445973264799369
Belgium,BEL,211,2017,0.834,0.2700076034610796,0.5639923965389204
Italy,ITA,325,2017,0.804,0.15858019430569645,0.6454198056943036
Denmark,DNK,390,2017,0.875,0.19850404165718244,0.6764959583428176
Nicaragua,NIC,93,2018,0.118,0.4236446267060087,-0.3056446267060087
Azerbaijan,AZE,373,2018,0.124,0.412442317297142,-0.288442317297142
Tajikistan,TJK,702,2018,0.07,0.34260335682030446,-0.27260335682030445
Sudan,SDN,625,2018,0.076,0.3428221393327089,-0.2668221393327089
Uganda,UGA,500,2018,0.169,0.4326500029721676,-0.26365000297216756
Uzbekistan,UZB,704,2018,0.135,0.3921415038952272,-0.25714150389522716
Eswatini,SWZ,572,2018,0.083,0.33589560042460936,-0.25289560042460935
Eritrea,ERI,531,2018,0.12,0.3649162924104402,-0.24491629241044022
Papua New Guinea,PNG,910,2018,0.251,0.4689996839415423,-0.2179996839415423
China,CHN,710,2018,0.094,0.30917846052242887,-0.21517846052242887
North Korea,PRK,731,2018,0.089,0.30348010811328097,-0.21448010811328097
Egypt,EGY,651,2018,0.1,0.30570491170472897,-0.20570491170472896
Republic of the Congo,COG,484,2018,0.129,0.32911461934210245,-0.20011461934210245
Maldives,MDV,781,2018,0.27,0.46661989130497494,-0.19661989130497493
Zimbabwe,ZWE,552,2018,0.185,0.3767558918408643,-0.19175589184086428
Venezuela,VEN,101,2018,0.122,0.3130438959397355,-0.19104389593973548
Angola,AGO,540,2018,0.131,0.32156654814718544,-0.19056654814718543
Equatorial Guinea,GNQ,411,2018,0.106,0.2956934095004582,-0.1896934095004582
Iran,IRN,630,2018,0.175,0.3581309507800589,-0.18313095078005892
Qatar,QAT,694,2018,0.118,0.3001968981085614,-0.18219689810856143
Bangladesh,BGD,771,2018,0.095,0.27715329240600356,-0.18215329240600356
Chad,TCD,483,2018,0.098,0.27623616520352545,-0.17823616520352545
Saudi Arabia,SAU,670,2018,0.105,0.2765981435653695,-0.1715981435653695
Laos,LAO,812,2018,0.104,0.2693359737776131,-0.1653359737776131
Kazakhstan,KAZ,705,2018,0.176,0.34097065388270853,-0.16497065388270854
Haiti,HTI,41,2018,0.138,0.2969948027414583,-0.15899480274145827
Ethiopia,ETH,530,2018,0.189,0.3436932912370361,-0.15469329123703612
Philippines,PHL,840,2018,0.214,0.3657893533417291,-0.15178935334172908
Zambia,ZMB,551,2018,0.253,0.400751788588842,-0.14775178858884197
Türkiye,TUR,640,2018,0.228,0.37289287206393285,-0.14489287206393284
Honduras,HND,91,2018,0.146,0.2896323295644129,-0.14363232956441294
Russia,RUS,365,2018,0.201,0.34338810168224976,-0.14238810168224975
Timor-Leste,TLS,860,2018,0.431,0.5717607903736659,-0.1407607903736659
Morocco,MAR,600,2018,0.185,0.32469062909720386,-0.13969062909720387
Guatemala,GTM,90,2018,0.26,0.3992881778502597,-0.1392881778502597
Democratic Republic of the Congo,COD,490,2018,0.181,0.31251316846252786,-0.13151316846252786
Madagascar,MDG,580,2018,0.232,0.3632614631996682,-0.13126146319966817
Guinea,GIN,438,2018,0.212,0.3428614886123825,-0.13086148861238253
Kenya,KEN,501,2018,0.321,0.4476043883444544,-0.12660438834445437
Kyrgyzstan,KGZ,703,2018,0.325,0.4505253486558781,-0.1255253486558781
Belarus,BLR,370,2018,0.27,0.3949685345354927,-0.12496853453549267
Cambodia,KHM,811,2018,0.088,0.20897065532254594,-0.12097065532254594
United Arab Emirates,ARE,696,2018,0.134,0.25482044801809767,-0.12082044801809766
Ukraine,UKR,369,2018,0.285,0.40093905655859363,-0.11593905655859366
Afghanistan,AFG,700,2018,0.179,0.2879306846209802,-0.10893068462098021
Pakistan,PAK,770,2018,0.134,0.24127685605885835,-0.10727685605885834
Libya,LBY,620,2018,0.177,0.27741477416922844,-0.10041477416922845
Thailand,THA,800,2018,0.145,0.24099494892784978,-0.0959949489278498
Rwanda,RWA,517,2018,0.201,0.29393925830849366,-0.09293925830849364
Iraq,IRQ,645,2018,0.21,0.29418556294776804,-0.08418556294776805
Mauritania,MRT,435,2018,0.163,0.24398568162982026,-0.08098568162982026
Montenegro,MNE,341,2018,0.395,0.47062098249646517,-0.07562098249646515
Paraguay,PRY,150,2018,0.237,0.3100100526180716,-0.07301005261807159
Fiji,FJI,950,2018,0.299,0.3719814351792602,-0.0729814351792602
Central African Republic,CAF,482,2018,0.198,0.2709339262927331,-0.0729339262927331
Djibouti,DJI,522,2018,0.172,0.23551434725060566,-0.06351434725060567
Togo,TGO,461,2018,0.32,0.3834538751499682,-0.0634538751499682
Nigeria,NGA,475,2018,0.307,0.36632758602982574,-0.05932758602982574
Oman,OMN,698,2018,0.185,0.24386964698499392,-0.05886964698499392
Moldova,MDA,359,2018,0.373,0.42346449538484576,-0.050464495384845764
Cameroon,CMR,471,2018,0.19,0.23838000483081306,-0.04838000483081306
Mozambique,MOZ,541,2018,0.257,0.304934619641995,-0.04793461964199497
Vietnam,VNM,816,2018,0.189,0.23213858470174242,-0.04313858470174242
Burma/Myanmar,MMR,775,2018,0.231,0.2728112127763342,-0.04181121277633418
Comoros,COM,581,2018,0.259,0.2982851477201462,-0.039285147720146185
Malawi,MWI,553,2018,0.301,0.33861776460956955,-0.03761776460956956
Cuba,CUB,40,2018,0.233,0.25775799128082594,-0.024757991280825925
Mexico,MEX,70,2018,0.372,0.39632448401331255,-0.024324484013312553
Dominican Republic,DOM,42,2018,0.301,0.32126564907730626,-0.02026564907730627
Gabon,GAB,481,2018,0.293,0.3025869555890055,-0.00958695558900552
India,IND,750,2018,0.277,0.28514921602186394,-0.008149216021863914
The Gambia,GMB,420,2018,0.382,0.38906326323451923,-0.007063263234519224
Bahrain,BHR,692,2018,0.119,0.12141981577969713,-0.002419815779697132
Bhutan,BTN,760,2018,0.486,0.4869189165167895,-0.0009189165167894919
El Salvador,SLV,92,2018,0.294,0.2938654019164252,0.00013459808357479952
Hungary,HUN,310,2018,0.344,0.3428614886123825,0.0011385113876174469
Jordan,JOR,663,2018,0.23,0.2284687995880131,0.0015312004119868994
Tanzania,TZA,510,2018,0.323,0.319058986342181,0.003941013657819015
Bosnia and Herzegovina,BIH,346,2018,0.368,0.35892604229301606,0.009073957706983937
Albania,ALB,339,2018,0.374,0.36314238944500293,0.010857610554997066
Algeria,DZA,615,2018,0.252,0.23749790168023582,0.014502098319764178
Sri Lanka,LKA,780,2018,0.412,0.3887470939953637,0.023252906004636253
Solomon Islands,SLB,940,2018,0.368,0.33891476190533176,0.02908523809466823
Ivory Coast,CIV,437,2018,0.351,0.32156654814718544,0.02943345185281454
Singapore,SGP,830,2018,0.349,0.31898835014616395,0.03001164985383603
Kuwait,KWT,690,2018,0.245,0.21327987383172656,0.03172012616827344
Sierra Leone,SLE,451,2018,0.344,0.31017611403209633,0.033823885967903644
North Macedonia,MKD,343,2018,0.399,0.36286677427497493,0.03613322572502509
Niger,NER,436,2018,0.363,0.32156654814718544,0.04143345185281455
Sao Tome and Principe,STP,403,2018,0.454,0.40570427498309886,0.04829572501690116
Indonesia,IDN,850,2018,0.389,0.33476741080520034,0.054232589194799674
Mali,MLI,432,2018,0.315,0.26039445017975443,0.05460554982024557
Brazil,BRA,140,2018,0.446,0.390984112412551,0.05501588758744902
Lebanon,LBN,660,2018,0.242,0.1819281873310744,0.060071812668925584
Bolivia,BOL,145,2018,0.399,0.33891476190533176,0.06008523809466826
Colombia,COL,100,2018,0.395,0.32989804649916205,0.06510195350083797
Kosovo,XKX,347,2018,0.46,0.3759845370972181,0.08401546290278195
Mongolia,MNG,712,2018,0.488,0.40080537589684767,0.08719462410315232
Nepal,NPL,790,2018,0.429,0.33891476190533176,0.09008523809466823
Seychelles,SYC,591,2018,0.49,0.39861519566592196,0.09138480433407803
Panama,PAN,95,2018,0.459,0.359810699925764,0.09918930007423604
Burkina Faso,BFA,439,2018,0.443,0.3428614886123825,0.10013851138761748
Namibia,NAM,565,2018,0.406,0.3054934002129653,0.10050659978703474
Benin,BEN,434,2018,0.459,0.35606969587891685,0.10293030412108317
Liberia,LBR,450,2018,0.408,0.3036714083291723,0.1043285916708277
Malaysia,MYS,820,2018,0.334,0.2264425278336801,0.10755747216631992
Ecuador,ECU,130,2018,0.416,0.30438274602637994,0.11161725397362005
Guinea-Bissau,GNB,404,2018,0.272,0.15348736476253447,0.11851263523746555
Bulgaria,BGR,355,2018,0.476,0.3540850517832052,0.12191494821679477
Armenia,ARM,371,2018,0.439,0.31529829901310447,0.12370170098689554
Peru,PER,135,2018,0.521,0.37403580662587876,0.14696419337412125
Romania,ROU,360,2018,0.511,0.3509095129894331,0.16009048701056688
Georgia,GEO,372,2018,0.539,0.37761382422176815,0.1613861757782319
Ghana,GHA,452,2018,0.529,0.3649162924104402,0.1640837075895598
Botswana,BWA,571,2018,0.48,0.30290218958106985,0.17709781041893013
Slovakia,SVK,317,2018,0.644,0.46492991344771367,0.17907008655228634
Lesotho,LSO,570,2018,0.474,0.29460379186865443,0.17939620813134555
Guyana,GUY,110,2018,0.493,0.31099795669475017,0.18200204330524983
South Africa,ZAF,560,2018,0.488,0.28377373942714673,0.20422626057285326
Poland,POL,290,2018,0.604,0.39738770414654645,0.20661229585345353
Argentina,ARG,160,2018,0.613,0.3979525934752553,0.2150474065247447
Vanuatu,VUT,935,2018,0.633,0.4101475724445969,0.22285242755540313
Cape Verde,CPV,402,2018,0.623,0.396166778287598,0.226833221712402
Croatia,HRV,344,2018,0.588,0.3393769520448044,0.24862304795519558
Barbados,BRB,53,2018,0.634,0.3772548915014216,0.2567451084985784
Suriname,SUR,115,2018,0.545,0.2786889592065078,0.2663110407934922
Japan,JPN,740,2018,0.756,0.4801905802648703,0.2758094197351297
Israel,ISR,666,2018,0.562,0.28560721970082026,0.2763927802991798
Senegal,SEN,433,2018,0.509,0.22781950395674894,0.28118049604325107
Cyprus,CYP,352,2018,0.73,0.4465995461224339,0.28340045387756607
Jamaica,JAM,51,2018,0.623,0.3360222169217389,0.2869777830782611
United States of America,USA,2,2018,0.635,0.34133259066387467,0.29366740933612534
Mauritius,MUS,590,2018,0.598,0.3040325919659863,0.29396740803401367
Lithuania,LTU,368,2018,0.706,0.41006382575337663,0.29593617424662333
Chile,CHL,155,2018,0.64,0.3270945717866064,0.3129054282133936
Austria,AUT,305,2018,0.753,0.43143628327031625,0.32156371672968376
Spain,ESP,230,2018,0.762,0.4363618557826434,0.3256381442173566
Czechia,CZE,316,2018,0.719,0.3862526135699887,0.3327473864300113
Malta,MLT,338,2018,0.657,0.3162446782484483,0.3407553217515517
Trinidad and Tobago,TTO,52,2018,0.646,0.2986905801471525,0.3473094198528475
South Korea,KOR,732,2018,0.743,0.3918124909097795,0.3511875090902205
Iceland,ISL,395,2018,0.811,0.451507961089225,0.3594920389107751
Slovenia,SVN,349,2018,0.738,0.3666283548629058,0.3713716451370942
Sweden,SWE,380,2018,0.832,0.44450818782750035,0.3874918121724996
Greece,GRC,350,2018,0.748,0.3557811550471207,0.3922188449528793
Estonia,EST,366,2018,0.817,0.4190871437915425,0.39791285620845745
Canada,CAN,20,2018,0.716,0.29029081842633087,0.4257091815736691
Latvia,LVA,367,2018,0.729,0.29154943291364177,0.4374505670863582
Taiwan,TWN,713,2018,0.748,0.2886582603742627,0.4593417396257373
Australia,AUS,900,2018,0.75,0.2905346550745313,0.4594653449254687
Luxembourg,LUX,212,2018,0.822,0.3616870685656755,0.46031293143432445
Uruguay,URY,165,2018,0.793,0.3291117532273906,0.4638882467726094
Costa Rica,CRI,94,2018,0.798,0.3323099646730414,0.46569003532695863
Netherlands,NLD,210,2018,0.799,0.327126459558451,0.47187354044154906
Switzerland,CHE,225,2018,0.837,0.3650679037928857,0.4719320962071143
Portugal,PRT,235,2018,0.813,0.33891476190533176,0.4740852380946682
Finland,FIN,375,2018,0.812,0.3260381404142376,0.48596185958576243
Ireland,IRL,205,2018,0.779,0.28565564292790924,0.4933443570720908
France,FRA,220,2018,0.778,0.27691315122746685,0.5010868487725332
New Zealand,NZL,920,2018,0.787,0.23340267352006316,0.5535973264799369
Belgium,BEL,211,2018,0.833,0.2700076034610796,0.5629923965389203
Italy,ITA,325,2018,0.784,0.15858019430569645,0.6254198056943036
Denmark,DNK,390,2018,0.881,0.19850404165718244,0.6824959583428176
Cuba,CUB,40,2019,0.246,0.5721240887557906,-0.3261240887557906
Nicaragua,NIC,93,2019,0.115,0.4236446267060087,-0.30864462670600873
Azerbaijan,AZE,373,2019,0.123,0.412442317297142,-0.289442317297142
Tajikistan,TJK,702,2019,0.066,0.34260335682030446,-0.27660335682030446
Sudan,SDN,625,2019,0.075,0.34426908452053717,-0.26926908452053716
Uganda,UGA,500,2019,0.169,0.4326500029721676,-0.26365000297216756
Eswatini,SWZ,572,2019,0.078,0.33589560042460936,-0.25789560042460935
Uzbekistan,UZB,704,2019,0.148,0.3921415038952272,-0.24414150389522718
Eritrea,ERI,531,2019,0.121,0.3649162924104402,-0.24391629241044022
Papua New Guinea,PNG,910,2019,0.253,0.4689996839415423,-0.2159996839415423
China,CHN,710,2019,0.094,0.30917846052242887,-0.21517846052242887
North Korea,PRK,731,2019,0.09,0.30348010811328097,-0.21348010811328097
Egypt,EGY,651,2019,0.105,0.30570491170472897,-0.20070491170472898
Republic of the Congo,COG,484,2019,0.133,0.32911461934210245,-0.19611461934210245
Zimbabwe,ZWE,552,2019,0.182,0.3767558918408643,-0.19475589184086428
Iran,IRN,630,2019,0.167,0.3581309507800589,-0.1911309507800589
Venezuela,VEN,101,2019,0.124,0.3130438959397355,-0.18904389593973547
Angola,AGO,540,2019,0.135,0.32156654814718544,-0.18656654814718543
Qatar,QAT,694,2019,0.118,0.3001968981085614,-0.18219689810856143
Equatorial Guinea,GNQ,411,2019,0.116,0.2956934095004582,-0.1796934095004582
Chad,TCD,483,2019,0.099,0.27623616520352545,-0.17723616520352545
Bangladesh,BGD,771,2019,0.1,0.27715329240600356,-0.17715329240600355
Philippines,PHL,840,2019,0.192,0.3657893533417291,-0.17378935334172907
Zambia,ZMB,551,2019,0.231,0.400751788588842,-0.16975178858884196
Saudi Arabia,SAU,670,2019,0.11,0.2765981435653695,-0.1665981435653695
Haiti,HTI,41,2019,0.131,0.2969948027414583,-0.16599480274145828
Kazakhstan,KAZ,705,2019,0.18,0.34097065388270853,-0.16097065388270854
Laos,LAO,812,2019,0.115,0.2693359737776131,-0.1543359737776131
Guatemala,GTM,90,2019,0.246,0.3992881778502597,-0.15328817785025972
Türkiye,TUR,640,2019,0.22,0.37289287206393285,-0.15289287206393284
Madagascar,MDG,580,2019,0.214,0.3632614631996682,-0.14926146319966818
Guinea,GIN,438,2019,0.194,0.3428614886123825,-0.14886148861238252
Honduras,HND,91,2019,0.144,0.2896323295644129,-0.14563232956441294
Kyrgyzstan,KGZ,703,2019,0.305,0.4505253486558781,-0.14552534865587813
Russia,RUS,365,2019,0.198,0.34338810168224976,-0.14538810168224975
Morocco,MAR,600,2019,0.185,0.32469062909720386,-0.13969062909720387
Timor-Leste,TLS,860,2019,0.442,0.5717607903736659,-0.1297607903736659
Ethiopia,ETH,530,2019,0.22,0.3436932912370361,-0.12369329123703612
United Arab Emirates,ARE,696,2019,0.133,0.25482044801809767,-0.12182044801809766
Kenya,KEN,501,2019,0.327,0.4476043883444544,-0.12060438834445436
Belarus,BLR,370,2019,0.275,0.3949685345354927,-0.11996853453549267
Pakistan,PAK,770,2019,0.122,0.24127685605885835,-0.11927685605885835
Cambodia,KHM,811,2019,0.091,0.20897065532254594,-0.11797065532254594
Democratic Republic of the Congo,COD,490,2019,0.199,0.31251316846252786,-0.11351316846252785
Afghanistan,AFG,700,2019,0.175,0.2879306846209802,-0.11293068462098022
Iraq,IRQ,645,2019,0.193,0.29418556294776804,-0.10118556294776804
Libya,LBY,620,2019,0.18,0.27741477416922844,-0.09741477416922845
Rwanda,RWA,517,2019,0.204,0.29393925830849366,-0.08993925830849367
Fiji,FJI,950,2019,0.287,0.3719814351792602,-0.08498143517926021
Central African Republic,CAF,482,2019,0.186,0.2709339262927331,-0.08493392629273311
Thailand,THA,800,2019,0.159,0.24099494892784978,-0.08199494892784978
Montenegro,MNE,341,2019,0.39,0.47062098249646517,-0.08062098249646515
Nigeria,NGA,475,2019,0.292,0.36632758602982574,-0.07432758602982575
Maldives,MDV,781,2019,0.394,0.46661989130497494,-0.07261989130497493
Mauritania,MRT,435,2019,0.173,0.24398568162982026,-0.07098568162982027
Malawi,MWI,553,2019,0.269,0.33861776460956955,-0.06961776460956953
Togo,TGO,461,2019,0.314,0.3834538751499682,-0.0694538751499682
Paraguay,PRY,150,2019,0.242,0.3100100526180716,-0.06801005261807158
India,IND,750,2019,0.224,0.28514921602186394,-0.061149216021863934
Oman,OMN,698,2019,0.184,0.24386964698499392,-0.05986964698499392
Djibouti,DJI,522,2019,0.176,0.23551434725060566,-0.05951434725060567
Comoros,COM,581,2019,0.239,0.2982851477201462,-0.0592851477201462
Mozambique,MOZ,541,2019,0.246,0.304934619641995,-0.05893461964199498
Cameroon,CMR,471,2019,0.187,0.23838000483081306,-0.051380004830813064
Bolivia,BOL,145,2019,0.294,0.33891476190533176,-0.04491476190533178
Gabon,GAB,481,2019,0.266,0.3025869555890055,-0.03658695558900549
Ukraine,UKR,369,2019,0.366,0.40093905655859363,-0.03493905655859364
Burma/Myanmar,MMR,775,2019,0.241,0.2728112127763342,-0.0318112127763342
Vietnam,VNM,816,2019,0.201,0.23213858470174242,-0.03113858470174241
Dominican Republic,DOM,42,2019,0.295,0.32126564907730626,-0.026265649077306275
The Gambia,GMB,420,2019,0.377,0.38906326323451923,-0.012063263234519228
El Salvador,SLV,92,2019,0.285,0.2938654019164252,-0.008865401916425208
Hungary,HUN,310,2019,0.335,0.3428614886123825,-0.007861488612382506
Bahrain,BHR,692,2019,0.12,0.12141981577969713,-0.0014198157796971311
Mexico,MEX,70,2019,0.396,0.39632448401331255,-0.0003244840133125315
Jordan,JOR,663,2019,0.23,0.2284687995880131,0.0015312004119868994
Tanzania,TZA,510,2019,0.322,0.319058986342181,0.002941013657819014
Brazil,BRA,140,2019,0.395,0.390984112412551,0.00401588758744903
Bosnia and Herzegovina,BIH,346,2019,0.363,0.35892604229301606,0.004073957706983933
Moldova,MDA,359,2019,0.428,0.42346449538484576,0.004535504615154229
Albania,ALB,339,2019,0.369,0.36314238944500293,0.005857610554997061
Benin,BEN,434,2019,0.361,0.3545916571090989,0.0064083428909010864
Sri Lanka,LKA,780,2019,0.399,0.3887470939953637,0.010252906004636297
Algeria,DZA,615,2019,0.254,0.23749790168023582,0.01650209831976418
Bhutan,BTN,760,2019,0.504,0.4869189165167895,0.017081083483210524
Singapore,SGP,830,2019,0.343,0.31898835014616395,0.02401164985383608
Ivory Coast,CIV,437,2019,0.347,0.32156654814718544,0.025433451852814537
Niger,NER,436,2019,0.355,0.32156654814718544,0.033433451852814544
Kuwait,KWT,690,2019,0.247,0.21327987383172656,0.03372012616827344
Indonesia,IDN,850,2019,0.372,0.33476741080520034,0.03723258919479966
Sierra Leone,SLE,451,2019,0.351,0.31017611403209633,0.04082388596790365
North Macedonia,MKD,343,2019,0.409,0.36286677427497493,0.04613322572502504
Colombia,COL,100,2019,0.378,0.32989804649916205,0.04810195350083796
Solomon Islands,SLB,940,2019,0.388,0.33891476190533176,0.04908523809466825
Lebanon,LBN,660,2019,0.238,0.1819281873310744,0.05607181266892558
Mali,MLI,432,2019,0.317,0.26039445017975443,0.05660554982024557
Sao Tome and Principe,STP,403,2019,0.463,0.40570427498309886,0.05729572501690117
Nepal,NPL,790,2019,0.4,0.33891476190533176,0.06108523809466826
Burkina Faso,BFA,439,2019,0.418,0.3428614886123825,0.07513851138761746
Namibia,NAM,565,2019,0.381,0.3054934002129653,0.07550659978703472
Mongolia,MNG,712,2019,0.485,0.40080537589684767,0.08419462410315232
Kosovo,XKX,347,2019,0.472,0.3759845370972181,0.0960154629027819
Panama,PAN,95,2019,0.456,0.359810699925764,0.09618930007423604
Seychelles,SYC,591,2019,0.5,0.39861519566592196,0.10138480433407804
Ecuador,ECU,130,2019,0.406,0.30438274602637994,0.10161725397362009
Liberia,LBR,450,2019,0.413,0.3036714083291723,0.1093285916708277
Bulgaria,BGR,355,2019,0.464,0.3540850517832052,0.10991494821679482
Peru,PER,135,2019,0.514,0.397306026489928,0.11669397351007199
Malaysia,MYS,820,2019,0.348,0.2264425278336801,0.12155747216631987
Guinea-Bissau,GNB,404,2019,0.279,0.15348736476253447,0.12551263523746556
Georgia,GEO,372,2019,0.519,0.37761382422176815,0.14138617577823187
Ghana,GHA,452,2019,0.514,0.3649162924104402,0.1490837075895598
Guyana,GUY,110,2019,0.473,0.31099795669475017,0.1620020433052498
Botswana,BWA,571,2019,0.468,0.30290218958106985,0.16509781041893018
Lesotho,LSO,570,2019,0.477,0.29460379186865443,0.18239620813134555
Poland,POL,290,2019,0.595,0.39738770414654645,0.19761229585345352
Romania,ROU,360,2019,0.552,0.3509095129894331,0.20109048701056692
Slovakia,SVK,317,2019,0.668,0.46492991344771367,0.20307008655228637
Vanuatu,VUT,935,2019,0.614,0.4101475724445969,0.20385242755540312
South Africa,ZAF,560,2019,0.489,0.28377373942714673,0.20522626057285326
Argentina,ARG,160,2019,0.612,0.3979525934752553,0.2140474065247447
Cape Verde,CPV,402,2019,0.631,0.396166778287598,0.234833221712402
Croatia,HRV,344,2019,0.582,0.3393769520448044,0.24262304795519557
Mauritius,MUS,590,2019,0.567,0.3040325919659863,0.26296740803401364
Suriname,SUR,115,2019,0.543,0.2786889592065078,0.2643110407934922
Japan,JPN,740,2019,0.75,0.4801905802648703,0.2698094197351297
Israel,ISR,666,2019,0.562,0.28560721970082026,0.2763927802991798
Barbados,BRB,53,2019,0.657,0.3772548915014216,0.2797451084985784
Senegal,SEN,433,2019,0.512,0.22781950395674894,0.2841804960432511
Chile,CHL,155,2019,0.613,0.3270945717866064,0.2859054282133936
United States of America,USA,2,2019,0.631,0.34133259066387467,0.28966740933612534
Cyprus,CYP,352,2019,0.739,0.4465995461224339,0.2924004538775661
Lithuania,LTU,368,2019,0.709,0.41006382575337663,0.29893617424662333
Jamaica,JAM,51,2019,0.645,0.3360222169217389,0.3089777830782611
Czechia,CZE,316,2019,0.707,0.3862526135699887,0.32074738643001127
Iceland,ISL,395,2019,0.782,0.451507961089225,0.33049203891077505
Austria,AUT,305,2019,0.765,0.43143628327031625,0.33356371672968377
South Korea,KOR,732,2019,0.732,0.3918124909097795,0.3401875090902205
Spain,ESP,230,2019,0.779,0.4363618557826434,0.3426381442173566
Malta,MLT,338,2019,0.661,0.3162446782484483,0.3447553217515517
Greece,GRC,350,2019,0.739,0.38894035231665686,0.35005964768334313
Slovenia,SVN,349,2019,0.718,0.3666283548629058,0.3513716451370942
Trinidad and Tobago,TTO,52,2019,0.652,0.2986905801471525,0.35330941985284753
Armenia,ARM,371,2019,0.677,0.31529829901310447,0.3617017009868956
Sweden,SWE,380,2019,0.821,0.44450818782750035,0.3764918121724996
Estonia,EST,366,2019,0.81,0.4190871437915425,0.39091285620845756
Australia,AUS,900,2019,0.713,0.2905346550745313,0.42246534492546867
Latvia,LVA,367,2019,0.717,0.29154943291364177,0.4254505670863582
Canada,CAN,20,2019,0.716,0.29029081842633087,0.4257091815736691
Netherlands,NLD,210,2019,0.775,0.327126459558451,0.44787354044154903
Taiwan,TWN,713,2019,0.743,0.2886582603742627,0.4543417396257373
Portugal,PRT,235,2019,0.796,0.33891476190533176,0.4570852380946683
Luxembourg,LUX,212,2019,0.819,0.3616870685656755,0.45731293143432444
Uruguay,URY,165,2019,0.792,0.3291117532273906,0.4628882467726094
Costa Rica,CRI,94,2019,0.804,0.3323099646730414,0.47169003532695863
Switzerland,CHE,225,2019,0.837,0.3650679037928857,0.4719320962071143
Finland,FIN,375,2019,0.805,0.3260381404142376,0.47896185958576243
France,FRA,220,2019,0.764,0.27691315122746685,0.48708684877253317
Ireland,IRL,205,2019,0.776,0.24716451126949857,0.5288354887305015
New Zealand,NZL,920,2019,0.784,0.23340267352006316,0.5505973264799369
Belgium,BEL,211,2019,0.835,0.2700076034610796,0.5649923965389203
Italy,ITA,325,2019,0.783,0.15858019430569645,0.6244198056943036
Denmark,DNK,390,2019,0.878,0.19850404165718244,0.6794959583428175
Cuba,CUB,40,2020,0.247,0.5721240887557906,-0.3251240887557906
Nicaragua,NIC,93,2020,0.115,0.4236446267060087,-0.30864462670600873
Azerbaijan,AZE,373,2020,0.123,0.412442317297142,-0.289442317297142
Uganda,UGA,500,2020,0.153,0.4326500029721676,-0.2796500029721676
Tajikistan,TJK,702,2020,0.068,0.34260335682030446,-0.27460335682030446
Eritrea,ERI,531,2020,0.101,0.3649162924104402,-0.26391629241044023
Eswatini,SWZ,572,2020,0.081,0.33589560042460936,-0.25489560042460935
Uzbekistan,UZB,704,2020,0.157,0.3921415038952272,-0.23514150389522717
Sudan,SDN,625,2020,0.066,0.29556838746219105,-0.22956838746219105
Papua New Guinea,PNG,910,2020,0.247,0.4689996839415423,-0.2219996839415423
China,CHN,710,2020,0.09,0.30917846052242887,-0.21917846052242887
North Korea,PRK,731,2020,0.088,0.30348010811328097,-0.21548010811328097
Egypt,EGY,651,2020,0.106,0.30570491170472897,-0.19970491170472898
Iran,IRN,630,2020,0.159,0.3581309507800589,-0.1991309507800589
Venezuela,VEN,101,2020,0.115,0.3130438959397355,-0.19804389593973548
Philippines,PHL,840,2020,0.171,0.3657893533417291,-0.19478935334172906
Zambia,ZMB,551,2020,0.206,0.400751788588842,-0.19475178858884198
Angola,AGO,540,2020,0.128,0.32156654814718544,-0.19356654814718544
Republic of the Congo,COG,484,2020,0.141,0.32911461934210245,-0.18811461934210247
Qatar,QAT,694,2020,0.113,0.3001968981085614,-0.18719689810856144
Bangladesh,BGD,771,2020,0.095,0.27715329240600356,-0.18215329240600356
Equatorial Guinea,GNQ,411,2020,0.114,0.2956934095004582,-0.1816934095004582
Chad,TCD,483,2020,0.098,0.27623616520352545,-0.17823616520352545
Zimbabwe,ZWE,552,2020,0.199,0.3767558918408643,-0.17775589184086427
Kyrgyzstan,KGZ,703,2020,0.274,0.4505253486558781,-0.1765253486558781
Saudi Arabia,SAU,670,2020,0.106,0.2765981435653695,-0.1705981435653695
Haiti,HTI,41,2020,0.127,0.2969948027414583,-0.16999480274145828
Guinea,GIN,438,2020,0.184,0.3428614886123825,-0.15886148861238253
Türkiye,TUR,640,2020,0.22,0.37289287206393285,-0.15289287206393284
Belarus,BLR,370,2020,0.244,0.3949685345354927,-0.1509685345354927
Madagascar,MDG,580,2020,0.213,0.3632614631996682,-0.15026146319966818
Kazakhstan,KAZ,705,2020,0.193,0.34097065388270853,-0.14797065388270852
Honduras,HND,91,2020,0.143,0.2896323295644129,-0.14663232956441294
Timor-Leste,TLS,860,2020,0.426,0.5717607903736659,-0.1457607903736659
Laos,LAO,812,2020,0.126,0.2693359737776131,-0.1433359737776131
Bolivia,BOL,145,2020,0.199,0.33891476190533176,-0.13991476190533175
Guatemala,GTM,90,2020,0.26,0.3992881778502597,-0.1392881778502597
Russia,RUS,365,2020,0.194,0.32989600142166364,-0.13589600142166364
Morocco,MAR,600,2020,0.191,0.32469062909720386,-0.13369062909720386
Ethiopia,ETH,530,2020,0.214,0.3436932912370361,-0.12969329123703613
Kenya,KEN,501,2020,0.321,0.4476043883444544,-0.12660438834445437
United Arab Emirates,ARE,696,2020,0.132,0.25482044801809767,-0.12282044801809766
Cambodia,KHM,811,2020,0.09,0.20897065532254594,-0.11897065532254594
Algeria,DZA,615,2020,0.258,0.3742089303898456,-0.11620893038984559
Democratic Republic of the Congo,COD,490,2020,0.203,0.31251316846252786,-0.10951316846252784
Afghanistan,AFG,700,2020,0.179,0.2879306846209802,-0.10893068462098021
Libya,LBY,620,2020,0.17,0.27741477416922844,-0.10741477416922843
Pakistan,PAK,770,2020,0.134,0.24127685605885835,-0.10727685605885834
Central African Republic,CAF,482,2020,0.175,0.2709339262927331,-0.09593392629273312
Iraq,IRQ,645,2020,0.204,0.29418556294776804,-0.09018556294776806
Rwanda,RWA,517,2020,0.205,0.29393925830849366,-0.08893925830849367
Nigeria,NGA,475,2020,0.279,0.36632758602982574,-0.08732758602982571
Thailand,THA,800,2020,0.157,0.24099494892784978,-0.08399494892784978
Comoros,COM,581,2020,0.224,0.2982851477201462,-0.07428514772014619
Mauritania,MRT,435,2020,0.172,0.24398568162982026,-0.07198568162982028
Mozambique,MOZ,541,2020,0.233,0.304934619641995,-0.07193461964199496
Paraguay,PRY,150,2020,0.242,0.3100100526180716,-0.06801005261807158
Fiji,FJI,950,2020,0.304,0.3719814351792602,-0.0679814351792602
Maldives,MDV,781,2020,0.401,0.46661989130497494,-0.06561989130497492
India,IND,750,2020,0.221,0.28514921602186394,-0.06414921602186394
Oman,OMN,698,2020,0.182,0.24386964698499392,-0.06186964698499392
Djibouti,DJI,522,2020,0.176,0.23551434725060566,-0.05951434725060567
Togo,TGO,461,2020,0.333,0.3834538751499682,-0.050453875149968186
El Salvador,SLV,92,2020,0.245,0.2938654019164252,-0.04886540191642519
Cameroon,CMR,471,2020,0.191,0.23838000483081306,-0.04738000483081306
Montenegro,MNE,341,2020,0.424,0.47062098249646517,-0.04662098249646518
Burma/Myanmar,MMR,775,2020,0.24,0.2728112127763342,-0.0328112127763342
Ivory Coast,CIV,437,2020,0.289,0.32156654814718544,-0.03256654814718546
Mexico,MEX,70,2020,0.365,0.39632448401331255,-0.03132448401331256
The Gambia,GMB,420,2020,0.36,0.38906326323451923,-0.029063263234519243
Vietnam,VNM,816,2020,0.204,0.23213858470174242,-0.028138584701742436
Indonesia,IDN,850,2020,0.308,0.33476741080520034,-0.026767410805200342
Benin,BEN,434,2020,0.329,0.3545916571090989,-0.025591657109098886
Malawi,MWI,553,2020,0.317,0.33861776460956955,-0.021617764609569545
Ukraine,UKR,369,2020,0.383,0.40093905655859363,-0.017939056558593625
Hungary,HUN,310,2020,0.325,0.3428614886123825,-0.017861488612382515
Gabon,GAB,481,2020,0.29,0.3025869555890055,-0.012586955589005522
Jordan,JOR,663,2020,0.219,0.2284687995880131,-0.00946879958801311
Sri Lanka,LKA,780,2020,0.385,0.3887470939953637,-0.003747093995363715
Bahrain,BHR,692,2020,0.12,0.12141981577969713,-0.0014198157796971311
Brazil,BRA,140,2020,0.397,0.390984112412551,0.006015887587449031
Tanzania,TZA,510,2020,0.326,0.319058986342181,0.006941013657819017
Bosnia and Herzegovina,BIH,346,2020,0.367,0.35892604229301606,0.008073957706983936
Mali,MLI,432,2020,0.269,0.2577888084497982,0.011211191550201838
Colombia,COL,100,2020,0.349,0.32989804649916205,0.01910195350083793
Bhutan,BTN,760,2020,0.51,0.4869189165167895,0.02308108348321053
Singapore,SGP,830,2020,0.349,0.31898835014616395,0.03001164985383603
Dominican Republic,DOM,42,2020,0.353,0.32126564907730626,0.03173435092269372
Kuwait,KWT,690,2020,0.246,0.21327987383172656,0.03272012616827344
Albania,ALB,339,2020,0.396,0.36314238944500293,0.032857610554997085
Niger,NER,436,2020,0.362,0.32156654814718544,0.04043345185281455
Lebanon,LBN,660,2020,0.223,0.1819281873310744,0.041071812668925595
North Macedonia,MKD,343,2020,0.407,0.36286677427497493,0.04413322572502504
Nepal,NPL,790,2020,0.387,0.33891476190533176,0.04808523809466825
Solomon Islands,SLB,940,2020,0.393,0.33891476190533176,0.05408523809466825
Sao Tome and Principe,STP,403,2020,0.463,0.40570427498309886,0.05729572501690117
Mongolia,MNG,712,2020,0.463,0.40080537589684767,0.06219462410315235
Namibia,NAM,565,2020,0.373,0.3054934002129653,0.06750659978703472
Moldova,MDA,359,2020,0.492,0.42346449538484576,0.06853550461515423
Sierra Leone,SLE,451,2020,0.379,0.31017611403209633,0.06882388596790368
Burkina Faso,BFA,439,2020,0.423,0.3428614886123825,0.08013851138761746
Panama,PAN,95,2020,0.447,0.359810699925764,0.08718930007423603
Kosovo,XKX,347,2020,0.47,0.3759845370972181,0.0940154629027819
Bulgaria,BGR,355,2020,0.451,0.3540850517832052,0.0969149482167948
Malaysia,MYS,820,2020,0.324,0.2264425278336801,0.09755747216631991
Guyana,GUY,110,2020,0.409,0.31099795669475017,0.09800204330524981
Ecuador,ECU,130,2020,0.404,0.30438274602637994,0.09961725397362009
Liberia,LBR,450,2020,0.416,0.3036714083291723,0.1123285916708277
Georgia,GEO,372,2020,0.506,0.37761382422176815,0.12838617577823186
Mauritius,MUS,590,2020,0.435,0.3040325919659863,0.1309674080340137
Poland,POL,290,2020,0.53,0.39738770414654645,0.13261229585345358
Guinea-Bissau,GNB,404,2020,0.288,0.15348736476253447,0.1345126352374655
Botswana,BWA,571,2020,0.438,0.30290218958106985,0.13509781041893015
Seychelles,SYC,591,2020,0.535,0.39861519566592196,0.13638480433407807
Peru,PER,135,2020,0.517,0.37403580662587876,0.14296419337412125
Ghana,GHA,452,2020,0.515,0.3649162924104402,0.1500837075895598
Slovakia,SVK,317,2020,0.658,0.46492991344771367,0.19307008655228636
Vanuatu,VUT,935,2020,0.604,0.4101475724445969,0.1938524275554031
Lesotho,LSO,570,2020,0.493,0.29460379186865443,0.19839620813134556
South Africa,ZAF,560,2020,0.494,0.28377373942714673,0.21022626057285326
Argentina,ARG,160,2020,0.625,0.3979525934752553,0.2270474065247447
Cape Verde,CPV,402,2020,0.628,0.396166778287598,0.231833221712402
Romania,ROU,360,2020,0.601,0.3509095129894331,0.25009048701056685
Slovenia,SVN,349,2020,0.621,0.3666283548629058,0.2543716451370942
Cyprus,CYP,352,2020,0.704,0.4465995461224339,0.25740045387756605
Croatia,HRV,344,2020,0.6,0.3393769520448044,0.2606230479551956
Suriname,SUR,115,2020,0.54,0.2786889592065078,0.2613110407934922
Chile,CHL,155,2020,0.596,0.3270945717866064,0.2689054282133936
Greece,GRC,350,2020,0.671,0.38894035231665686,0.2820596476833432
United States of America,USA,2,2020,0.625,0.34133259066387467,0.28366740933612533
Japan,JPN,740,2020,0.764,0.4801905802648703,0.2838094197351297
Lithuania,LTU,368,2020,0.697,0.41006382575337663,0.2869361742466233
Israel,ISR,666,2020,0.579,0.28560721970082026,0.2933927802991797
Barbados,BRB,53,2020,0.683,0.3772548915014216,0.30574510849857844
Senegal,SEN,433,2020,0.541,0.22781950395674894,0.3131804960432511
Jamaica,JAM,51,2020,0.653,0.3360222169217389,0.31697778307826113
Armenia,ARM,371,2020,0.641,0.31529829901310447,0.32570170098689555
Czechia,CZE,316,2020,0.716,0.3862526135699887,0.3297473864300113
Iceland,ISL,395,2020,0.782,0.451507961089225,0.33049203891077505
Austria,AUT,305,2020,0.767,0.43143628327031625,0.33556371672968377
South Korea,KOR,732,2020,0.74,0.3918124909097795,0.3481875090902205
Spain,ESP,230,2020,0.788,0.4363618557826434,0.3516381442173566
Trinidad and Tobago,TTO,52,2020,0.657,0.2986905801471525,0.35830941985284753
Malta,MLT,338,2020,0.676,0.3091488996925141,0.36685110030748597
Sweden,SWE,380,2020,0.824,0.44450818782750035,0.3794918121724996
Estonia,EST,366,2020,0.813,0.4190871437915425,0.39391285620845745
Latvia,LVA,367,2020,0.701,0.29154943291364177,0.4094505670863582
Australia,AUS,900,2020,0.713,0.2905346550745313,0.42246534492546867
Uruguay,URY,165,2020,0.756,0.3291117532273906,0.4268882467726094
Canada,CAN,20,2020,0.718,0.29029081842633087,0.4277091815736691
Portugal,PRT,235,2020,0.783,0.33891476190533176,0.44408523809466827
Luxembourg,LUX,212,2020,0.806,0.3616870685656755,0.44431293143432454
Taiwan,TWN,713,2020,0.735,0.2886582603742627,0.4463417396257373
Netherlands,NLD,210,2020,0.774,0.327126459558451,0.44687354044154903
Costa Rica,CRI,94,2020,0.803,0.3323099646730414,0.47069003532695863
Switzerland,CHE,225,2020,0.838,0.3650679037928857,0.4729320962071143
Finland,FIN,375,2020,0.802,0.3260381404142376,0.4759618595857624
France,FRA,220,2020,0.755,0.27691315122746685,0.47808684877253316
Ireland,IRL,205,2020,0.78,0.24716451126949857,0.5328354887305015
New Zealand,NZL,920,2020,0.775,0.23340267352006316,0.5415973264799369
Belgium,BEL,211,2020,0.828,0.2700076034610796,0.5579923965389204
Italy,ITA,325,2020,0.768,0.15858019430569645,0.6094198056943035
Denmark,DNK,390,2020,0.876,0.19850404165718244,0.6774959583428175
Cuba,CUB,40,2021,0.247,0.5721240887557906,-0.3251240887557906
Nicaragua,NIC,93,2021,0.101,0.4236446267060087,-0.3226446267060087
Azerbaijan,AZE,373,2021,0.122,0.412442317297142,-0.290442317297142
Uganda,UGA,500,2021,0.153,0.4326500029721676,-0.2796500029721676
Tajikistan,TJK,702,2021,0.069,0.34260335682030446,-0.27360335682030446
Eswatini,SWZ,572,2021,0.075,0.33589560042460936,-0.26089560042460935
Eritrea,ERI,531,2021,0.105,0.3649162924104402,-0.25991629241044023
Uzbekistan,UZB,704,2021,0.15,0.3921415038952272,-0.24214150389522718
Afghanistan,AFG,700,2021,0.055,0.2879306846209802,-0.2329306846209802
Papua New Guinea,PNG,910,2021,0.25,0.4689996839415423,-0.2189996839415423
China,CHN,710,2021,0.091,0.30917846052242887,-0.21817846052242887
Sudan,SDN,625,2021,0.079,0.29556838746219105,-0.21656838746219104
North Korea,PRK,731,2021,0.088,0.30348010811328097,-0.21548010811328097
Burma/Myanmar,MMR,775,2021,0.063,0.2728112127763342,-0.2098112127763342
Iran,IRN,630,2021,0.15,0.3581309507800589,-0.20813095078005892
Egypt,EGY,651,2021,0.101,0.30570491170472897,-0.20470491170472896
Angola,AGO,540,2021,0.121,0.32156654814718544,-0.20056654814718544
Venezuela,VEN,101,2021,0.115,0.3130438959397355,-0.19804389593973548
Qatar,QAT,694,2021,0.106,0.3001968981085614,-0.19419689810856144
Haiti,HTI,41,2021,0.105,0.2969948027414583,-0.1919948027414583
Philippines,PHL,840,2021,0.175,0.3657893533417291,-0.19078935334172908
Republic of the Congo,COG,484,2021,0.14,0.32911461934210245,-0.18911461934210244
Equatorial Guinea,GNQ,411,2021,0.111,0.2956934095004582,-0.1846934095004582
Zimbabwe,ZWE,552,2021,0.193,0.3767558918408643,-0.18375589184086427
Bangladesh,BGD,771,2021,0.095,0.27715329240600356,-0.18215329240600356
Guinea,GIN,438,2021,0.166,0.3428614886123825,-0.17686148861238252
Belarus,BLR,370,2021,0.221,0.3949685345354927,-0.17396853453549269
Saudi Arabia,SAU,670,2021,0.108,0.2765981435653695,-0.1685981435653695
Guatemala,GTM,90,2021,0.238,0.3992881778502597,-0.16128817785025973
Türkiye,TUR,640,2021,0.216,0.37289287206393285,-0.15689287206393285
Madagascar,MDG,580,2021,0.207,0.3632614631996682,-0.1562614631996682
Laos,LAO,812,2021,0.117,0.2693359737776131,-0.1523359737776131
Kazakhstan,KAZ,705,2021,0.192,0.34097065388270853,-0.14897065388270853
Ethiopia,ETH,530,2021,0.199,0.3436932912370361,-0.14469329123703611
Russia,RUS,365,2021,0.188,0.32989600142166364,-0.14189600142166364
Libya,LBY,620,2021,0.137,0.27741477416922844,-0.14041477416922843
Honduras,HND,91,2021,0.152,0.2896323295644129,-0.13763232956441293
Timor-Leste,TLS,860,2021,0.435,0.5717607903736659,-0.1367607903736659
Democratic Republic of the Congo,COD,490,2021,0.182,0.31251316846252786,-0.13051316846252786
United Arab Emirates,ARE,696,2021,0.128,0.25482044801809767,-0.12682044801809766
Zambia,ZMB,551,2021,0.274,0.400751788588842,-0.12675178858884195
Cambodia,KHM,811,2021,0.086,0.20897065532254594,-0.12297065532254595
Morocco,MAR,600,2021,0.203,0.32469062909720386,-0.12169062909720385
Kenya,KEN,501,2021,0.33,0.4476043883444544,-0.11760438834445436
Algeria,DZA,615,2021,0.262,0.3742089303898456,-0.11220893038984558
Central African Republic,CAF,482,2021,0.165,0.2709339262927331,-0.1059339262927331
El Salvador,SLV,92,2021,0.191,0.2938654019164252,-0.10286540191642518
Rwanda,RWA,517,2021,0.199,0.29393925830849366,-0.09493925830849365
Iraq,IRQ,645,2021,0.201,0.29418556294776804,-0.09318556294776803
Fiji,FJI,950,2021,0.279,0.3719814351792602,-0.09298143517926016
Nigeria,NGA,475,2021,0.274,0.36632758602982574,-0.09232758602982571
Togo,TGO,461,2021,0.294,0.3834538751499682,-0.08945387514996822
Pakistan,PAK,770,2021,0.153,0.24127685605885835,-0.08827685605885835
Mauritania,MRT,435,2021,0.162,0.24398568162982026,-0.08198568162982026
Mali,MLI,432,2021,0.176,0.2577888084497982,-0.08178880844979819
Thailand,THA,800,2021,0.16,0.24099494892784978,-0.08099494892784978
Comoros,COM,581,2021,0.224,0.2982851477201462,-0.07428514772014619
Mozambique,MOZ,541,2021,0.232,0.304934619641995,-0.07293461964199496
Mexico,MEX,70,2021,0.331,0.39632448401331255,-0.06532448401331253
Ivory Coast,CIV,437,2021,0.258,0.32156654814718544,-0.06356654814718543
Paraguay,PRY,150,2021,0.248,0.3100100526180716,-0.062010052618071576
Maldives,MDV,781,2021,0.407,0.46661989130497494,-0.05961989130497497
Vietnam,VNM,816,2021,0.177,0.23213858470174242,-0.05513858470174243
Cameroon,CMR,471,2021,0.187,0.23838000483081306,-0.051380004830813064
India,IND,750,2021,0.234,0.28514921602186394,-0.051149216021863925
Djibouti,DJI,522,2021,0.188,0.23551434725060566,-0.04751434725060566
Benin,BEN,434,2021,0.321,0.3545916571090989,-0.033591657109098894
Indonesia,IDN,850,2021,0.303,0.33476741080520034,-0.03176741080520035
Jordan,JOR,663,2021,0.197,0.2284687995880131,-0.0314687995880131
The Gambia,GMB,420,2021,0.36,0.38906326323451923,-0.029063263234519243
Montenegro,MNE,341,2021,0.443,0.47062098249646517,-0.027620982496465163
Hungary,HUN,310,2021,0.322,0.3428614886123825,-0.020861488612382517
Gabon,GAB,481,2021,0.285,0.3025869555890055,-0.017586955589005526
Ukraine,UKR,369,2021,0.384,0.40093905655859363,-0.016939056558593624
Sri Lanka,LKA,780,2021,0.376,0.3887470939953637,-0.012747093995363723
Bhutan,BTN,760,2021,0.485,0.4869189165167895,-0.0019189165167894928
Bahrain,BHR,692,2021,0.122,0.12141981577969713,0.0005801842203028706
Brazil,BRA,140,2021,0.394,0.390984112412551,0.0030158875874490287
Tanzania,TZA,510,2021,0.323,0.319058986342181,0.003941013657819015
Bosnia and Herzegovina,BIH,346,2021,0.367,0.35892604229301606,0.008073957706983936
Kuwait,KWT,690,2021,0.233,0.21327987383172656,0.019720126168273455
Malawi,MWI,553,2021,0.36,0.33861776460956955,0.021382235390430437
Namibia,NAM,565,2021,0.329,0.3054934002129653,0.023506599787034732
Mongolia,MNG,712,2021,0.428,0.40080537589684767,0.02719462410315232
Singapore,SGP,830,2021,0.347,0.31898835014616395,0.02801164985383603
Albania,ALB,339,2021,0.395,0.36314238944500293,0.031857610554997084
Niger,NER,436,2021,0.354,0.32156654814718544,0.03243345185281454
Colombia,COL,100,2021,0.364,0.32989804649916205,0.034101953500837945
North Macedonia,MKD,343,2021,0.397,0.36286677427497493,0.034133225725025085
Nepal,NPL,790,2021,0.391,0.33891476190533176,0.05208523809466825
Solomon Islands,SLB,940,2021,0.392,0.33891476190533176,0.05308523809466825
Guyana,GUY,110,2021,0.366,0.31099795669475017,0.055002043305249826
Burkina Faso,BFA,439,2021,0.4,0.3428614886123825,0.0571385113876175
Sao Tome and Principe,STP,403,2021,0.463,0.40570427498309886,0.05729572501690117
Bolivia,BOL,145,2021,0.399,0.33891476190533176,0.06008523809466826
Ecuador,ECU,130,2021,0.376,0.30438274602637994,0.07161725397362007
Dominican Republic,DOM,42,2021,0.395,0.32126564907730626,0.07373435092269376
Lebanon,LBN,660,2021,0.26,0.1819281873310744,0.0780718126689256
Sierra Leone,SLE,451,2021,0.399,0.31017611403209633,0.08882388596790369
Malaysia,MYS,820,2021,0.326,0.2264425278336801,0.09955747216631991
Panama,PAN,95,2021,0.46,0.359810699925764,0.10018930007423604
Ghana,GHA,452,2021,0.467,0.3649162924104402,0.10208370758955981
Liberia,LBR,450,2021,0.408,0.3036714083291723,0.1043285916708277
Peru,PER,135,2021,0.481,0.37403580662587876,0.10696419337412122
Kosovo,XKX,347,2021,0.484,0.3759845370972181,0.10801546290278191
Poland,POL,290,2021,0.506,0.39738770414654645,0.10861229585345356
Mauritius,MUS,590,2021,0.413,0.3040325919659863,0.10896740803401367
Georgia,GEO,372,2021,0.489,0.37761382422176815,0.11138617577823184
Botswana,BWA,571,2021,0.421,0.30290218958106985,0.11809781041893014
Bulgaria,BGR,355,2021,0.506,0.3540850517832052,0.1519149482167948
Guinea-Bissau,GNB,404,2021,0.31,0.15348736476253447,0.15651263523746553
Moldova,MDA,359,2021,0.592,0.42346449538484576,0.1685355046151542
Seychelles,SYC,591,2021,0.573,0.39861519566592196,0.174384804334078
Romania,ROU,360,2021,0.541,0.3509095129894331,0.1900904870105669
Lesotho,LSO,570,2021,0.488,0.29460379186865443,0.19339620813134556
Vanuatu,VUT,935,2021,0.61,0.4101475724445969,0.1998524275554031
Cape Verde,CPV,402,2021,0.601,0.396166778287598,0.20483322171240198
Slovakia,SVK,317,2021,0.672,0.46492991344771367,0.20707008655228637
Argentina,ARG,160,2021,0.621,0.3979525934752553,0.2230474065247447
Slovenia,SVN,349,2021,0.59,0.3666283548629058,0.22337164513709418
South Africa,ZAF,560,2021,0.516,0.28377373942714673,0.23222626057285328
Cyprus,CYP,352,2021,0.693,0.4465995461224339,0.24640045387756604
Croatia,HRV,344,2021,0.592,0.3393769520448044,0.2526230479551956
Greece,GRC,350,2021,0.644,0.38894035231665686,0.25505964768334316
United States of America,USA,2,2021,0.6,0.34133259066387467,0.2586674093361253
Japan,JPN,740,2021,0.751,0.4801905802648703,0.2708094197351297
Lithuania,LTU,368,2021,0.689,0.41006382575337663,0.2789361742466233
Suriname,SUR,115,2021,0.563,0.2786889592065078,0.2843110407934921
Armenia,ARM,371,2021,0.603,0.31529829901310447,0.2877017009868955
Chile,CHL,155,2021,0.616,0.3270945717866064,0.2889054282133936
Israel,ISR,666,2021,0.579,0.28560721970082026,0.2933927802991797
Iceland,ISL,395,2021,0.757,0.451507961089225,0.30549203891077503
Senegal,SEN,433,2021,0.537,0.22781950395674894,0.3091804960432511
Barbados,BRB,53,2021,0.679,0.3649162924104402,0.31408370758955984
Spain,ESP,230,2021,0.751,0.4363618557826434,0.3146381442173566
Czechia,CZE,316,2021,0.704,0.3862526135699887,0.31774738643001127
Jamaica,JAM,51,2021,0.655,0.3360222169217389,0.31897778307826113
Austria,AUT,305,2021,0.754,0.43143628327031625,0.32256371672968376
South Korea,KOR,732,2021,0.742,0.3918124909097795,0.3501875090902205
Trinidad and Tobago,TTO,52,2021,0.657,0.2986905801471525,0.35830941985284753
Malta,MLT,338,2021,0.679,0.3091488996925141,0.36985110030748597
Sweden,SWE,380,2021,0.823,0.44450818782750035,0.3784918121724996
Uruguay,URY,165,2021,0.724,0.3291117532273906,0.39488824677260936
Estonia,EST,366,2021,0.816,0.4190871437915425,0.39691285620845745
Australia,AUS,900,2021,0.702,0.2905346550745313,0.41146534492546866
Canada,CAN,20,2021,0.711,0.29029081842633087,0.4207091815736691
Latvia,LVA,367,2021,0.714,0.29154943291364177,0.4224505670863582
Portugal,PRT,235,2021,0.771,0.33891476190533176,0.43208523809466826
Taiwan,TWN,713,2021,0.737,0.2886582603742627,0.4483417396257373
Luxembourg,LUX,212,2021,0.811,0.3616870685656755,0.44931293143432455
Netherlands,NLD,210,2021,0.782,0.327126459558451,0.45487354044154904
Finland,FIN,375,2021,0.784,0.3260381404142376,0.4579618595857624
Costa Rica,CRI,94,2021,0.794,0.3323099646730414,0.4616900353269586
Switzerland,CHE,225,2021,0.831,0.3650679037928857,0.4659320962071143
France,FRA,220,2021,0.759,0.27691315122746685,0.48208684877253316
New Zealand,NZL,920,2021,0.765,0.23340267352006316,0.5315973264799368
Ireland,IRL,205,2021,0.788,0.24716451126949857,0.5408354887305015
Belgium,BEL,211,2021,0.828,0.2700076034610796,0.5579923965389204
Italy,ITA,325,2021,0.776,0.15858019430569645,0.6174198056943035
Denmark,DNK,390,2021,0.877,0.19850404165718244,0.6784959583428176
Nicaragua,NIC,93,2022,0.083,0.4236446267060087,-0.3406446267060087
Cuba,CUB,40,2022,0.238,0.5721240887557906,-0.3341240887557906
Azerbaijan,AZE,373,2022,0.109,0.412442317297142,-0.303442317297142
Tajikistan,TJK,702,2022,0.066,0.34260335682030446,-0.27660335682030446
Eswatini,SWZ,572,2022,0.065,0.33589560042460936,-0.27089560042460936
Afghanistan,AFG,700,2022,0.02,0.2879306846209802,-0.2679306846209802
Uganda,UGA,500,2022,0.166,0.4326500029721676,-0.26665000297216757
Sudan,SDN,625,2022,0.058,0.29556838746219105,-0.23756838746219106
Uzbekistan,UZB,704,2022,0.158,0.3921415038952272,-0.23414150389522717
Eritrea,ERI,531,2022,0.131,0.3649162924104402,-0.2339162924104402
China,CHN,710,2022,0.082,0.30917846052242887,-0.22717846052242885
Haiti,HTI,41,2022,0.076,0.2969948027414583,-0.22099480274145827
North Korea,PRK,731,2022,0.087,0.30348010811328097,-0.21648010811328097
Burma/Myanmar,MMR,775,2022,0.059,0.2728112127763342,-0.2138112127763342
Venezuela,VEN,101,2022,0.103,0.3130438959397355,-0.2100438959397355
Iran,IRN,630,2022,0.149,0.3581309507800589,-0.20913095078005892
Guinea,GIN,438,2022,0.139,0.3428614886123825,-0.2038614886123825
Papua New Guinea,PNG,910,2022,0.266,0.4689996839415423,-0.20299968394154227
Egypt,EGY,651,2022,0.103,0.30570491170472897,-0.20270491170472899
Qatar,QAT,694,2022,0.103,0.3001968981085614,-0.19719689810856145
Angola,AGO,540,2022,0.125,0.32156654814718544,-0.19656654814718544
Republic of the Congo,COG,484,2022,0.137,0.32911461934210245,-0.19211461934210244
Zimbabwe,ZWE,552,2022,0.187,0.3767558918408643,-0.18975589184086428
Equatorial Guinea,GNQ,411,2022,0.106,0.2956934095004582,-0.1896934095004582
Philippines,PHL,840,2022,0.178,0.3657893533417291,-0.18778935334172908
Guatemala,GTM,90,2022,0.214,0.3992881778502597,-0.18528817785025972
Bangladesh,BGD,771,2022,0.099,0.27715329240600356,-0.17815329240600355
Russia,RUS,365,2022,0.158,0.32989600142166364,-0.17189600142166364
Türkiye,TUR,640,2022,0.202,0.37289287206393285,-0.17089287206393283
Saudi Arabia,SAU,670,2022,0.106,0.2765981435653695,-0.1705981435653695
Madagascar,MDG,580,2022,0.206,0.3632614631996682,-0.1572614631996682
Belarus,BLR,370,2022,0.229,0.3862590563704935,-0.1572590563704935
Ethiopia,ETH,530,2022,0.188,0.3436932912370361,-0.15569329123703612
Libya,LBY,620,2022,0.127,0.27741477416922844,-0.15041477416922844
Laos,LAO,812,2022,0.12,0.2693359737776131,-0.1493359737776131
Democratic Republic of the Congo,COD,490,2022,0.169,0.31251316846252786,-0.14351316846252785
El Salvador,SLV,92,2022,0.156,0.2938654019164252,-0.13786540191642518
Kazakhstan,KAZ,705,2022,0.206,0.34097065388270853,-0.13497065388270854
Timor-Leste,TLS,860,2022,0.444,0.5717607903736659,-0.1277607903736659
United Arab Emirates,ARE,696,2022,0.13,0.25482044801809767,-0.12482044801809766
Morocco,MAR,600,2022,0.202,0.32469062909720386,-0.12269062909720385
Algeria,DZA,615,2022,0.256,0.3742089303898456,-0.11820893038984559
Cambodia,KHM,811,2022,0.091,0.20897065532254594,-0.11797065532254594
Central African Republic,CAF,482,2022,0.158,0.2709339262927331,-0.1129339262927331
Pakistan,PAK,770,2022,0.134,0.24127685605885835,-0.10727685605885834
Fiji,FJI,950,2022,0.27,0.3719814351792602,-0.10198143517926017
Nigeria,NGA,475,2022,0.27,0.36632758602982574,-0.09632758602982572
Rwanda,RWA,517,2022,0.199,0.29393925830849366,-0.09493925830849365
Togo,TGO,461,2022,0.289,0.3834538751499682,-0.09445387514996822
Iraq,IRQ,645,2022,0.204,0.29418556294776804,-0.09018556294776806
Ukraine,UKR,369,2022,0.315,0.40093905655859363,-0.08593905655859363
Comoros,COM,581,2022,0.216,0.2982851477201462,-0.0822851477201462
Maldives,MDV,781,2022,0.385,0.46661989130497494,-0.08161989130497493
Mexico,MEX,70,2022,0.316,0.39632448401331255,-0.08032448401331255
Thailand,THA,800,2022,0.162,0.24099494892784978,-0.07899494892784978
Kenya,KEN,501,2022,0.373,0.4476043883444544,-0.07460438834445438
Mozambique,MOZ,541,2022,0.231,0.304934619641995,-0.07393461964199496
Mauritania,MRT,435,2022,0.171,0.24398568162982026,-0.07298568162982025
Zambia,ZMB,551,2022,0.328,0.400751788588842,-0.07275178858884196
Paraguay,PRY,150,2022,0.242,0.3100100526180716,-0.06801005261807158
Mali,MLI,432,2022,0.19,0.2577888084497982,-0.06778880844979818
India,IND,750,2022,0.219,0.28514921602186394,-0.06614921602186394
Vietnam,VNM,816,2022,0.179,0.23213858470174242,-0.05313858470174243
Ivory Coast,CIV,437,2022,0.272,0.32156654814718544,-0.04956654814718542
Djibouti,DJI,522,2022,0.189,0.23551434725060566,-0.04651434725060566
Cameroon,CMR,471,2022,0.193,0.23838000483081306,-0.04538000483081306
Jordan,JOR,663,2022,0.189,0.2284687995880131,-0.03946879958801311
Montenegro,MNE,341,2022,0.44,0.47062098249646517,-0.030620982496465166
Indonesia,IDN,850,2022,0.306,0.33476741080520034,-0.028767410805200344
Honduras,HND,91,2022,0.261,0.2896323295644129,-0.028632329564412917
Gabon,GAB,481,2022,0.274,0.3025869555890055,-0.02858695558900548
Hungary,HUN,310,2022,0.317,0.3428614886123825,-0.02586148861238252
Benin,BEN,434,2022,0.337,0.3545916571090989,-0.01759165710909888
Bhutan,BTN,760,2022,0.476,0.4869189165167895,-0.0109189165167895
Mongolia,MNG,712,2022,0.393,0.40080537589684767,-0.007805375896847655
Bahrain,BHR,692,2022,0.121,0.12141981577969713,-0.00041981577969713024
North Macedonia,MKD,343,2022,0.369,0.36286677427497493,0.00613322572502506
Bosnia and Herzegovina,BIH,346,2022,0.366,0.35892604229301606,0.0070739577069839354
Namibia,NAM,565,2022,0.314,0.3054934002129653,0.008506599787034719
Brazil,BRA,140,2022,0.4,0.390984112412551,0.009015887587449034
Kuwait,KWT,690,2022,0.228,0.21327987383172656,0.01472012616827345
Sri Lanka,LKA,780,2022,0.407,0.3887470939953637,0.01825290600463625
Albania,ALB,339,2022,0.385,0.36314238944500293,0.021857610554997076
Malawi,MWI,553,2022,0.361,0.33861776460956955,0.02238223539043044
Niger,NER,436,2022,0.345,0.32156654814718544,0.023433451852814535
Tanzania,TZA,510,2022,0.344,0.319058986342181,0.024941013657818978
Singapore,SGP,830,2022,0.347,0.31898835014616395,0.02801164985383603
The Gambia,GMB,420,2022,0.429,0.38906326323451923,0.03993673676548076
Guyana,GUY,110,2022,0.357,0.31099795669475017,0.04600204330524982
Bolivia,BOL,145,2022,0.388,0.33891476190533176,0.04908523809466825
Sao Tome and Principe,STP,403,2022,0.455,0.40570427498309886,0.04929572501690116
Dominican Republic,DOM,42,2022,0.375,0.32126564907730626,0.05373435092269374
Solomon Islands,SLB,940,2022,0.404,0.33891476190533176,0.06508523809466826
Peru,PER,135,2022,0.442,0.37403580662587876,0.06796419337412124
Guinea-Bissau,GNB,404,2022,0.224,0.15348736476253447,0.07051263523746554
Lebanon,LBN,660,2022,0.253,0.1819281873310744,0.0710718126689256
Nepal,NPL,790,2022,0.412,0.33891476190533176,0.07308523809466821
Ecuador,ECU,130,2022,0.379,0.30438274602637994,0.07461725397362007
Sierra Leone,SLE,451,2022,0.391,0.31017611403209633,0.08082388596790369
Mauritius,MUS,590,2022,0.389,0.3040325919659863,0.0849674080340137
Botswana,BWA,571,2022,0.395,0.30290218958106985,0.09209781041893017
Panama,PAN,95,2022,0.455,0.359810699925764,0.09518930007423604
Colombia,COL,100,2022,0.426,0.32989804649916205,0.09610195350083794
Poland,POL,290,2022,0.499,0.39738770414654645,0.10161229585345355
Liberia,LBR,450,2022,0.409,0.3036714083291723,0.1053285916708277
Ghana,GHA,452,2022,0.471,0.3649162924104402,0.10608370758955976
Georgia,GEO,372,2022,0.49,0.37761382422176815,0.11238617577823184
Kosovo,XKX,347,2022,0.492,0.3759845370972181,0.11601546290278192
Malaysia,MYS,820,2022,0.343,0.2264425278336801,0.11655747216631993
Romania,ROU,360,2022,0.482,0.3509095129894331,0.13109048701056686
Cape Verde,CPV,402,2022,0.577,0.396166778287598,0.18083322171240196
Moldova,MDA,359,2022,0.605,0.42346449538484576,0.18153550461515422
Bulgaria,BGR,355,2022,0.544,0.3540850517832052,0.18991494821679483
Seychelles,SYC,591,2022,0.61,0.39861519566592196,0.21138480433407802
Croatia,HRV,344,2022,0.552,0.3393769520448044,0.21262304795519565
Vanuatu,VUT,935,2022,0.624,0.4101475724445969,0.21385242755540312
Slovakia,SVK,317,2022,0.679,0.46492991344771367,0.21407008655228638
Lesotho,LSO,570,2022,0.515,0.29460379186865443,0.22039620813134558
South Africa,ZAF,560,2022,0.51,0.28377373942714673,0.22622626057285328
Cyprus,CYP,352,2022,0.675,0.4465995461224339,0.22840045387756613
Armenia,ARM,371,2022,0.554,0.31529829901310447,0.23870170098689558
Argentina,ARG,160,2022,0.654,0.3979525934752553,0.2560474065247447
Greece,GRC,350,2022,0.649,0.38894035231665686,0.26005964768334316
United States of America,USA,2,2022,0.606,0.34133259066387467,0.2646674093361253
Japan,JPN,740,2022,0.752,0.4801905802648703,0.2718094197351297
Lithuania,LTU,368,2022,0.686,0.41006382575337663,0.2759361742466234
Chile,CHL,155,2022,0.608,0.3270945717866064,0.2809054282133936
Israel,ISR,666,2022,0.571,0.28560721970082026,0.2853927802991797
Spain,ESP,230,2022,0.725,0.4363618557826434,0.28863814421735656
Senegal,SEN,433,2022,0.519,0.22781950395674894,0.2911804960432511
Suriname,SUR,115,2022,0.574,0.2786889592065078,0.29531104079349213
Iceland,ISL,395,2022,0.752,0.451507961089225,0.30049203891077503
South Korea,KOR,732,2022,0.696,0.3918124909097795,0.30418750909022046
Austria,AUT,305,2022,0.739,0.43143628327031625,0.30756371672968374
Barbados,BRB,53,2022,0.677,0.3649162924104402,0.31208370758955983
Jamaica,JAM,51,2022,0.65,0.3360222169217389,0.31397778307826113
Slovenia,SVN,349,2022,0.705,0.3666283548629058,0.33837164513709417
Uruguay,URY,165,2022,0.67,0.3291117532273906,0.3408882467726094
Canada,CAN,20,2022,0.644,0.29029081842633087,0.35370918157366915
Trinidad and Tobago,TTO,52,2022,0.654,0.2986905801471525,0.35530941985284753
Sweden,SWE,380,2022,0.813,0.44450818782750035,0.3684918121724996
Czechia,CZE,316,2022,0.769,0.3862526135699887,0.3827473864300113
Malta,MLT,338,2022,0.694,0.3091488996925141,0.38485110030748587
Estonia,EST,366,2022,0.811,0.4190871437915425,0.39191285620845756
Portugal,PRT,235,2022,0.732,0.33891476190533176,0.3930852380946682
Latvia,LVA,367,2022,0.713,0.29154943291364177,0.4214505670863582
Australia,AUS,900,2022,0.724,0.2905346550745313,0.4334653449254687
Costa Rica,CRI,94,2022,0.767,0.3323099646730414,0.4346900353269586
Netherlands,NLD,210,2022,0.762,0.327126459558451,0.434873540441549
Luxembourg,LUX,212,2022,0.811,0.3616870685656755,0.44931293143432455
Taiwan,TWN,713,2022,0.743,0.2886582603742627,0.4543417396257373
Finland,FIN,375,2022,0.784,0.3260381404142376,0.4579618595857624
Switzerland,CHE,225,2022,0.829,0.3650679037928857,0.4639320962071143
France,FRA,220,2022,0.761,0.27691315122746685,0.48408684877253316
New Zealand,NZL,920,2022,0.767,0.23340267352006316,0.5335973264799369
Ireland,IRL,205,2022,0.784,0.24716451126949857,0.5368354887305015
Belgium,BEL,211,2022,0.828,0.2700076034610796,0.5579923965389204
Italy,ITA,325,2022,0.76,0.15858019430569645,0.6014198056943035
Denmark,DNK,390,2022,0.878,0.19850404165718244,0.6794959583428175
Cuba,CUB,40,2023,0.234,0.5721240887557906,-0.3381240887557906
Nicaragua,NIC,93,2023,0.098,0.4236446267060087,-0.3256446267060087
Azerbaijan,AZE,373,2023,0.118,0.412442317297142,-0.294442317297142
Uganda,UGA,500,2023,0.153,0.4326500029721676,-0.2796500029721676
Tajikistan,TJK,702,2023,0.065,0.34260335682030446,-0.27760335682030446
Eswatini,SWZ,572,2023,0.067,0.33589560042460936,-0.26889560042460936
Afghanistan,AFG,700,2023,0.021,0.2879306846209802,-0.2669306846209802
Eritrea,ERI,531,2023,0.114,0.3649162924104402,-0.2509162924104402
Sudan,SDN,625,2023,0.057,0.29556838746219105,-0.23856838746219106
Zimbabwe,ZWE,552,2023,0.149,0.3767558918408643,-0.22775589184086428
China,CHN,710,2023,0.082,0.30917846052242887,-0.22717846052242885
Haiti,HTI,41,2023,0.072,0.2969948027414583,-0.22499480274145828
Burma/Myanmar,MMR,775,2023,0.056,0.2728112127763342,-0.2168112127763342
Venezuela,VEN,101,2023,0.1,0.3130438959397355,-0.21304389593973547
North Korea,PRK,731,2023,0.091,0.30348010811328097,-0.21248010811328097
Iran,IRN,630,2023,0.154,0.3581309507800589,-0.2041309507800589
Papua New Guinea,PNG,910,2023,0.266,0.4689996839415423,-0.20299968394154227
Guinea,GIN,438,2023,0.141,0.3428614886123825,-0.20186148861238254
Egypt,EGY,651,2023,0.109,0.30570491170472897,-0.19670491170472898
Qatar,QAT,694,2023,0.106,0.3001968981085614,-0.19419689810856144
Angola,AGO,540,2023,0.128,0.32156654814718544,-0.19356654814718544
Central African Republic,CAF,482,2023,0.127,0.318681481616398,-0.19168148161639798
Republic of the Congo,COG,484,2023,0.139,0.32911461934210245,-0.19011461934210244
Russia,RUS,365,2023,0.14,0.32989600142166364,-0.18989600142166363
Philippines,PHL,840,2023,0.179,0.3657893533417291,-0.18678935334172908
Equatorial Guinea,GNQ,411,2023,0.113,0.2956934095004582,-0.1826934095004582
Türkiye,TUR,640,2023,0.193,0.37289287206393285,-0.17989287206393284
Bangladesh,BGD,771,2023,0.103,0.27715329240600356,-0.17415329240600358
Guatemala,GTM,90,2023,0.228,0.3992881778502597,-0.1712881778502597
Belarus,BLR,370,2023,0.221,0.3862590563704935,-0.1652590563704935
Saudi Arabia,SAU,670,2023,0.114,0.2765981435653695,-0.1625981435653695
Madagascar,MDG,580,2023,0.201,0.3632614631996682,-0.16226146319966817
Ethiopia,ETH,530,2023,0.187,0.3436932912370361,-0.15669329123703613
Democratic Republic of the Congo,COD,490,2023,0.156,0.31251316846252786,-0.15651316846252786
Libya,LBY,620,2023,0.13,0.27741477416922844,-0.14741477416922844
Chad,TCD,483,2023,0.068,0.2109424422078579,-0.1429424422078579
Laos,LAO,812,2023,0.129,0.2693359737776131,-0.1403359737776131
Kazakhstan,KAZ,705,2023,0.204,0.34097065388270853,-0.13697065388270854
El Salvador,SLV,92,2023,0.165,0.2938654019164252,-0.12886540191642518
United Arab Emirates,ARE,696,2023,0.127,0.25482044801809767,-0.12782044801809767
Cambodia,KHM,811,2023,0.084,0.20897065532254594,-0.12497065532254593
Pakistan,PAK,770,2023,0.117,0.24127685605885835,-0.12427685605885834
Rwanda,RWA,517,2023,0.172,0.29393925830849366,-0.12193925830849367
Morocco,MAR,600,2023,0.203,0.32469062909720386,-0.12169062909720385
Algeria,DZA,615,2023,0.254,0.3742089303898456,-0.12020893038984559
Timor-Leste,TLS,860,2023,0.457,0.5717607903736659,-0.11476079037366588
Togo,TGO,461,2023,0.277,0.3834538751499682,-0.10645387514996818
Ukraine,UKR,369,2023,0.297,0.40093905655859363,-0.10393905655859365
Mexico,MEX,70,2023,0.295,0.39632448401331255,-0.10132448401331257
Nigeria,NGA,475,2023,0.28,0.36632758602982574,-0.08632758602982571
Iraq,IRQ,645,2023,0.211,0.29418556294776804,-0.08318556294776805
Comoros,COM,581,2023,0.217,0.2982851477201462,-0.0812851477201462
Mauritania,MRT,435,2023,0.163,0.24398568162982026,-0.08098568162982026
Mozambique,MOZ,541,2023,0.224,0.304934619641995,-0.08093461964199497
India,IND,750,2023,0.205,0.28514921602186394,-0.08014921602186395
Kenya,KEN,501,2023,0.37,0.4476043883444544,-0.07760438834445438
Maldives,MDV,781,2023,0.396,0.46661989130497494,-0.07061989130497492
Paraguay,PRY,150,2023,0.24,0.3100100526180716,-0.07001005261807158
Zambia,ZMB,551,2023,0.339,0.400751788588842,-0.06175178858884195
Vietnam,VNM,816,2023,0.181,0.23213858470174242,-0.05113858470174243
Gabon,GAB,481,2023,0.252,0.3025869555890055,-0.0505869555890055
Thailand,THA,800,2023,0.191,0.24099494892784978,-0.04999494892784978
Cameroon,CMR,471,2023,0.19,0.23838000483081306,-0.04838000483081306
Indonesia,IDN,850,2023,0.287,0.33476741080520034,-0.04776741080520036
Djibouti,DJI,522,2023,0.188,0.23551434725060566,-0.04751434725060566
Ivory Coast,CIV,437,2023,0.276,0.32156654814718544,-0.045566548147185415
Mongolia,MNG,712,2023,0.357,0.40080537589684767,-0.04380537589684769
Niger,NER,436,2023,0.286,0.32156654814718544,-0.03556654814718546
Hungary,HUN,310,2023,0.308,0.3428614886123825,-0.03486148861238253
Jordan,JOR,663,2023,0.199,0.2284687995880131,-0.0294687995880131
Bhutan,BTN,760,2023,0.458,0.4869189165167895,-0.02891891651678946
Fiji,FJI,950,2023,0.351,0.3719814351792602,-0.02098143517926021
Honduras,HND,91,2023,0.269,0.2896323295644129,-0.02063232956441291
Malawi,MWI,553,2023,0.32,0.33861776460956955,-0.018617764609569543
Bosnia and Herzegovina,BIH,346,2023,0.355,0.35892604229301606,-0.003926042293016074
Tanzania,TZA,510,2023,0.318,0.319058986342181,-0.0010589863421809897
Bahrain,BHR,692,2023,0.122,0.12141981577969713,0.0005801842203028706
Namibia,NAM,565,2023,0.314,0.3054934002129653,0.008506599787034719
North Macedonia,MKD,343,2023,0.373,0.36286677427497493,0.010133225725025063
Sri Lanka,LKA,780,2023,0.401,0.3887470939953637,0.0122529060046363
Albania,ALB,339,2023,0.377,0.36314238944500293,0.013857610554997069
Kuwait,KWT,690,2023,0.232,0.21327987383172656,0.018720126168273454
Montenegro,MNE,341,2023,0.492,0.47062098249646517,0.021379017503534825
Benin,BEN,434,2023,0.382,0.3545916571090989,0.027408342890901105
Singapore,SGP,830,2023,0.353,0.31898835014616395,0.034011649853836035
Peru,PER,135,2023,0.414,0.37403580662587876,0.039964193374121215
Lebanon,LBN,660,2023,0.224,0.1819281873310744,0.042071812668925596
Ecuador,ECU,130,2023,0.347,0.30438274602637994,0.04261725397362004
Sierra Leone,SLE,451,2023,0.353,0.31017611403209633,0.04282388596790365
Sao Tome and Principe,STP,403,2023,0.451,0.40570427498309886,0.045295725016901156
Bolivia,BOL,145,2023,0.386,0.33891476190533176,0.04708523809466825
Guyana,GUY,110,2023,0.362,0.31099795669475017,0.05100204330524982
Dominican Republic,DOM,42,2023,0.382,0.32126564907730626,0.06073435092269375
Mauritius,MUS,590,2023,0.367,0.3040325919659863,0.06296740803401368
The Gambia,GMB,420,2023,0.453,0.38906326323451923,0.06393673676548078
Solomon Islands,SLB,940,2023,0.423,0.33891476190533176,0.08408523809466822
Panama,PAN,95,2023,0.451,0.359810699925764,0.09118930007423603
Guinea-Bissau,GNB,404,2023,0.247,0.15348736476253447,0.09351263523746553
Georgia,GEO,372,2023,0.477,0.37761382422176815,0.09938617577823183
Nepal,NPL,790,2023,0.442,0.33891476190533176,0.10308523809466824
Liberia,LBR,450,2023,0.407,0.3036714083291723,0.1033285916708277
Botswana,BWA,571,2023,0.408,0.30290218958106985,0.10509781041893013
Kosovo,XKX,347,2023,0.483,0.3759845370972181,0.10701546290278191
Ghana,GHA,452,2023,0.472,0.3649162924104402,0.10708370758955976
Colombia,COL,100,2023,0.439,0.32989804649916205,0.10910195350083796
Poland,POL,290,2023,0.52,0.39738770414654645,0.12261229585345357
Romania,ROU,360,2023,0.482,0.3509095129894331,0.13109048701056686
Moldova,MDA,359,2023,0.565,0.42346449538484576,0.14153550461515418
Malaysia,MYS,820,2023,0.384,0.2264425278336801,0.1575574721663199
Bulgaria,BGR,355,2023,0.512,0.3540850517832052,0.1579149482167948
Brazil,BRA,140,2023,0.557,0.390984112412551,0.16601588758744906
Cape Verde,CPV,402,2023,0.57,0.396166778287598,0.17383322171240195
Slovakia,SVK,317,2023,0.653,0.46492991344771367,0.18807008655228635
Armenia,ARM,371,2023,0.509,0.31529829901310447,0.19370170098689554
Seychelles,SYC,591,2023,0.605,0.39861519566592196,0.20638480433407802
South Africa,ZAF,560,2023,0.491,0.28377373942714673,0.20722626057285326
Lesotho,LSO,570,2023,0.508,0.29460379186865443,0.21339620813134558
Croatia,HRV,344,2023,0.562,0.3393769520448044,0.22262304795519566
South Korea,KOR,732,2023,0.618,0.3918124909097795,0.2261875090902205
Cyprus,CYP,352,2023,0.674,0.4465995461224339,0.22740045387756613
Senegal,SEN,433,2023,0.457,0.22781950395674894,0.22918049604325108
Greece,GRC,350,2023,0.624,0.38894035231665686,0.23505964768334314
Vanuatu,VUT,935,2023,0.655,0.4101475724445969,0.24485242755540315
Argentina,ARG,160,2023,0.661,0.3979525934752553,0.26304740652474473
United States of America,USA,2,2023,0.61,0.34133259066387467,0.2686674093361253
Israel,ISR,666,2023,0.558,0.28560721970082026,0.2723927802991798
Lithuania,LTU,368,2023,0.683,0.41006382575337663,0.2729361742466234
Japan,JPN,740,2023,0.755,0.4801905802648703,0.2748094197351297
Spain,ESP,230,2023,0.714,0.4363618557826434,0.27763814421735655
Suriname,SUR,115,2023,0.563,0.2786889592065078,0.2843110407934921
Chile,CHL,155,2023,0.613,0.3270945717866064,0.2859054282133936
Slovenia,SVN,349,2023,0.665,0.3666283548629058,0.29837164513709424
Iceland,ISL,395,2023,0.755,0.451507961089225,0.30349203891077503
Barbados,BRB,53,2023,0.681,0.3649162924104402,0.31608370758955984
Austria,AUT,305,2023,0.749,0.43143628327031625,0.31756371672968375
Jamaica,JAM,51,2023,0.664,0.3360222169217389,0.32797778307826114
Canada,CAN,20,2023,0.635,0.29029081842633087,0.34470918157366914
Trinidad and Tobago,TTO,52,2023,0.648,0.2986905801471525,0.3493094198528475
Sweden,SWE,380,2023,0.803,0.44450818782750035,0.3584918121724997
Portugal,PRT,235,2023,0.698,0.33891476190533176,0.3590852380946682
Uruguay,URY,165,2023,0.697,0.3291117532273906,0.36788824677260934
Malta,MLT,338,2023,0.693,0.3091488996925141,0.38385110030748587
Estonia,EST,366,2023,0.806,0.4190871437915425,0.38691285620845756
Czechia,CZE,316,2023,0.779,0.3862526135699887,0.39274738643001134
Netherlands,NLD,210,2023,0.751,0.327126459558451,0.423873540441549
Costa Rica,CRI,94,2023,0.759,0.3323099646730414,0.4266900353269586
Australia,AUS,900,2023,0.728,0.2905346550745313,0.4374653449254687
Latvia,LVA,367,2023,0.731,0.29154943291364177,0.4394505670863582
Finland,FIN,375,2023,0.767,0.3260381404142376,0.4409618595857624
Luxembourg,LUX,212,2023,0.807,0.3616870685656755,0.44531293143432454
Taiwan,TWN,713,2023,0.738,0.2886582603742627,0.4493417396257373
Switzerland,CHE,225,2023,0.815,0.3650679037928857,0.4499320962071143
France,FRA,220,2023,0.727,0.27691315122746685,0.45008684877253313
New Zealand,NZL,920,2023,0.761,0.23340267352006316,0.5275973264799368
Ireland,IRL,205,2023,0.784,0.24716451126949857,0.5368354887305015
Belgium,BEL,211,2023,0.828,0.2700076034610796,0.5579923965389204
Italy,ITA,325,2023,0.722,0.15858019430569645,0.5634198056943035
Denmark,DNK,390,2023,0.88,0.19850404165718244,0.6814959583428175
