country_name,country_text_id,COWcode,year,v2x_libdem,pred,residual
Eritrea,ERI,531,2016,0.006,0.45257000064406344,-0.44657000064406344
Nicaragua,NIC,93,2016,0.12,0.5094611883985773,-0.38946118839857735
Sudan,SDN,625,2016,0.064,0.3966476468171617,-0.3326476468171617
Azerbaijan,AZE,373,2016,0.062,0.3800560181461915,-0.3180560181461915
Belarus,BLR,370,2016,0.107,0.417755055431705,-0.310755055431705
Tajikistan,TJK,702,2016,0.039,0.3451903553150946,-0.30619035531509464
Democratic Republic of the Congo,COD,490,2016,0.119,0.40257812057233777,-0.2835781205723378
Burundi,BDI,516,2016,0.046,0.3188750338205932,-0.2728750338205932
The Gambia,GMB,420,2016,0.11,0.3821226974574131,-0.27212269745741313
North Korea,PRK,731,2016,0.014,0.28384896817140964,-0.26984896817140963
Uzbekistan,UZB,704,2016,0.037,0.29036394722155867,-0.2533639472215587
Republic of the Congo,COG,484,2016,0.101,0.34971407164758833,-0.24871407164758833
Russia,RUS,365,2016,0.106,0.3525074365372608,-0.24650743653726082
Venezuela,VEN,101,2016,0.118,0.3616559109854486,-0.2436559109854486
Morocco,MAR,600,2016,0.231,0.4594896317290954,-0.2284896317290954
Kyrgyzstan,KGZ,703,2016,0.303,0.528845420069508,-0.22584542006950797
Ethiopia,ETH,530,2016,0.099,0.3188750338205932,-0.21987503382059317
Angola,AGO,540,2016,0.123,0.34223788582508624,-0.21923788582508624
Kazakhstan,KAZ,705,2016,0.114,0.32828356277180537,-0.21428356277180538
Equatorial Guinea,GNQ,411,2016,0.051,0.2615057125498496,-0.21050571254984962
Egypt,EGY,651,2016,0.122,0.3317786175915842,-0.20977861759158423
Qatar,QAT,694,2016,0.089,0.29036394722155867,-0.20136394722155868
Chad,TCD,483,2016,0.092,0.29298230155334903,-0.20098230155334904
Bangladesh,BGD,771,2016,0.106,0.30649333043087607,-0.20049333043087608
Bahrain,BHR,692,2016,0.051,0.24825817209467238,-0.1972581720946724
United Arab Emirates,ARE,696,2016,0.091,0.2854313146404333,-0.1944313146404333
Uganda,UGA,500,2016,0.205,0.38628887569820336,-0.18128887569820337
North Macedonia,MKD,343,2016,0.279,0.45811295649137407,-0.17911295649137404
Eswatini,SWZ,572,2016,0.097,0.27389985242303744,-0.17689985242303743
Türkiye,TUR,640,2016,0.143,0.3188750338205932,-0.1758750338205932
China,CHN,710,2016,0.052,0.22329842810576842,-0.17129842810576842
Iran,IRN,630,2016,0.137,0.3025887770792134,-0.16558877707921338
Oman,OMN,698,2016,0.141,0.30225359153775155,-0.16125359153775157
Bolivia,BOL,145,2016,0.375,0.5360607420113018,-0.16106074201130183
Rwanda,RWA,517,2016,0.128,0.28345064663358255,-0.15545064663358255
Maldives,MDV,781,2016,0.182,0.3365263281092604,-0.15452632810926042
Vietnam,VNM,816,2016,0.117,0.26801010992704133,-0.15101010992704134
Guinea,GIN,438,2016,0.166,0.31590129752344787,-0.14990129752344786
Afghanistan,AFG,700,2016,0.188,0.3365263281092604,-0.14852632810926042
Ukraine,UKR,369,2016,0.24,0.3781072427506654,-0.13810724275066538
Togo,TGO,461,2016,0.26,0.3967122911790006,-0.13671229117900058
Zimbabwe,ZWE,552,2016,0.203,0.3314141776419832,-0.1284141776419832
Armenia,ARM,371,2016,0.204,0.3314141776419832,-0.12741417764198323
Cuba,CUB,40,2016,0.055,0.17614998320549327,-0.12114998320549328
Mauritania,MRT,435,2016,0.178,0.2854313146404333,-0.10743131464043332
Saudi Arabia,SAU,670,2016,0.044,0.15140792186563806,-0.10740792186563806
Cambodia,KHM,811,2016,0.103,0.2038875851471765,-0.10088758514717651
Madagascar,MDG,580,2016,0.258,0.3565030273178932,-0.09850302731789318
Cameroon,CMR,471,2016,0.139,0.23500195383587094,-0.09600195383587093
Jordan,JOR,663,2016,0.195,0.29036394722155867,-0.09536394722155866
Iraq,IRQ,645,2016,0.238,0.3314141776419832,-0.09341417764198323
Djibouti,DJI,522,2016,0.114,0.2059888056355933,-0.0919888056355933
Burma/Myanmar,MMR,775,2016,0.226,0.3160321277492661,-0.09003212774926608
Haiti,HTI,41,2016,0.255,0.33987365643552764,-0.08487365643552763
Malaysia,MYS,820,2016,0.202,0.2854313146404333,-0.0834313146404333
Sierra Leone,SLE,451,2016,0.314,0.3944526977285898,-0.08045269772858982
Laos,LAO,812,2016,0.088,0.16761718654308583,-0.07961718654308583
Fiji,FJI,950,2016,0.275,0.35186691776079826,-0.07686691776079824
Gabon,GAB,481,2016,0.224,0.29617854456226966,-0.07217854456226966
Ecuador,ECU,130,2016,0.264,0.3314141776419832,-0.06741417764198321
Mozambique,MOZ,541,2016,0.292,0.35893171192294954,-0.06693171192294955
Algeria,DZA,615,2016,0.165,0.2308196228484251,-0.0658196228484251
Honduras,HND,91,2016,0.254,0.31275168326999164,-0.05875168326999164
Bhutan,BTN,760,2016,0.471,0.5239061892289003,-0.052906189228900335
Singapore,SGP,830,2016,0.337,0.38888021208027784,-0.05188021208027782
Central African Republic,CAF,482,2016,0.231,0.253808346601793,-0.02280834660179301
Comoros,COM,581,2016,0.239,0.25346344905664586,-0.014463449056645872
Tanzania,TZA,510,2016,0.355,0.36911634117036773,-0.014116341170367752
Colombia,COL,100,2016,0.547,0.5580694938087838,-0.011069493808783748
Libya,LBY,620,2016,0.17,0.173646840243931,-0.003646840243930999
Kosovo,XKX,347,2016,0.454,0.4511530410855582,0.0028469589144418106
Pakistan,PAK,770,2016,0.258,0.2531565687966338,0.004843431203366222
Mexico,MEX,70,2016,0.434,0.4283917101928408,0.005608289807159217
Philippines,PHL,840,2016,0.346,0.3365263281092604,0.009473671890739555
Papua New Guinea,PNG,910,2016,0.346,0.33441989312316633,0.01158010687683364
Dominican Republic,DOM,42,2016,0.333,0.3188750338205932,0.01412496617940684
Zambia,ZMB,551,2016,0.328,0.31241446952952323,0.015585530470476783
Ivory Coast,CIV,437,2016,0.335,0.3188750338205932,0.01612496617940684
Sri Lanka,LKA,780,2016,0.45,0.43037527390578567,0.01962472609421434
Poland,POL,290,2016,0.598,0.560873243874964,0.03712675612503602
Indonesia,IDN,850,2016,0.496,0.4586630110769342,0.037336988923065806
Paraguay,PRY,150,2016,0.414,0.36706970997744026,0.04693029002255972
Montenegro,MNE,341,2016,0.383,0.3188750338205932,0.06412496617940683
Liberia,LBR,450,2016,0.452,0.3834412555157738,0.06855874448422622
Seychelles,SYC,591,2016,0.491,0.40971171261801775,0.08128828738198224
Bosnia and Herzegovina,BIH,346,2016,0.358,0.269284588293129,0.08871541170687097
Nigeria,NGA,475,2016,0.395,0.30056097362446044,0.09443902637553958
Moldova,MDA,359,2016,0.433,0.3365263281092604,0.09647367189073958
India,IND,750,2016,0.406,0.30649333043087607,0.09950666956912396
Malawi,MWI,553,2016,0.442,0.34049110187536547,0.10150889812463454
Kenya,KEN,501,2016,0.421,0.3188750338205932,0.1021249661794068
Guatemala,GTM,90,2016,0.451,0.3376355400717576,0.1133644599282424
Lebanon,LBN,660,2016,0.296,0.18003558102119074,0.11596441897880924
Guinea-Bissau,GNB,404,2016,0.289,0.17281439034887164,0.11618560965112834
Albania,ALB,339,2016,0.436,0.3188750338205932,0.11712496617940682
Lesotho,LSO,570,2016,0.424,0.3047498221453643,0.11925017785463571
Mongolia,MNG,712,2016,0.548,0.41963761922520637,0.12836238077479367
Mali,MLI,432,2016,0.349,0.2137477319767675,0.13525226802323248
Timor-Leste,TLS,860,2016,0.46,0.3188750338205932,0.14112496617940684
Hungary,HUN,310,2016,0.474,0.3314141776419832,0.14258582235801676
Guyana,GUY,110,2016,0.456,0.31275168326999164,0.14324831673000837
Ghana,GHA,452,2016,0.61,0.46573710089067255,0.14426289910932744
Solomon Islands,SLB,940,2016,0.466,0.31261668098147755,0.15338331901852248
Kuwait,KWT,690,2016,0.281,0.12648782751074786,0.15451217248925217
El Salvador,SLV,92,2016,0.461,0.29877856745683457,0.16222143254316546
Barbados,BRB,53,2016,0.662,0.494271695799663,0.16772830420033702
Panama,PAN,95,2016,0.55,0.37492223485848764,0.1750777651415124
Burkina Faso,BFA,439,2016,0.504,0.3188750338205932,0.18512496617940682
Bulgaria,BGR,355,2016,0.561,0.3702206382773082,0.19077936172269183
Brazil,BRA,140,2016,0.653,0.45853194049570123,0.1944680595042988
Argentina,ARG,160,2016,0.612,0.4174984602442587,0.1945015397557413
Georgia,GEO,372,2016,0.518,0.31261668098147755,0.20538331901852247
Niger,NER,436,2016,0.459,0.25045318827976365,0.20854681172023637
Nepal,NPL,790,2016,0.557,0.3365263281092604,0.22047367189073963
Sao Tome and Principe,STP,403,2016,0.548,0.31275168326999164,0.2352483167300084
Botswana,BWA,571,2016,0.582,0.34191137476615086,0.2400886252338491
Slovakia,SVK,317,2016,0.726,0.4820700425497072,0.24392995745029278
Benin,BEN,434,2016,0.579,0.3188750338205932,0.2601249661794068
Namibia,NAM,565,2016,0.584,0.3106474306225728,0.2733525693774272
South Africa,ZAF,560,2016,0.645,0.3638705619570165,0.2811294380429835
Romania,ROU,360,2016,0.63,0.343783441082469,0.286216558917531
Malta,MLT,338,2016,0.572,0.275829904803461,0.296170095196539
Austria,AUT,305,2016,0.78,0.4744574756483452,0.30554252435165485
Senegal,SEN,433,2016,0.578,0.2651231340146057,0.31287686598539427
South Korea,KOR,732,2016,0.62,0.2970812438955623,0.3229187561044377
Croatia,HRV,344,2016,0.651,0.3188750338205932,0.33212496617940684
Israel,ISR,666,2016,0.646,0.31009820847053216,0.33590179152946786
Peru,PER,135,2016,0.673,0.3365263281092604,0.3364736718907396
Japan,JPN,740,2016,0.74,0.3853080470354098,0.3546919529645902
Mauritius,MUS,590,2016,0.62,0.26231338929248404,0.35768661070751595
Vanuatu,VUT,935,2016,0.661,0.3018680959111425,0.35913190408885753
Switzerland,CHE,225,2016,0.857,0.4953456971075287,0.3616543028924713
Cape Verde,CPV,402,2016,0.713,0.3365263281092604,0.37647367189073955
Chile,CHL,155,2016,0.839,0.46080390679545324,0.3781960932045467
Trinidad and Tobago,TTO,52,2016,0.676,0.28848504064105396,0.3875149593589461
Cyprus,CYP,352,2016,0.739,0.34566622328395913,0.39333377671604086
Iceland,ISL,395,2016,0.776,0.38258449613592516,0.39341550386407487
Slovenia,SVN,349,2016,0.795,0.3964572407054082,0.3985427592945918
Czechia,CZE,316,2016,0.763,0.33523076541549673,0.4277692345845033
Spain,ESP,230,2016,0.766,0.3365263281092604,0.4294736718907396
Jamaica,JAM,51,2016,0.685,0.24994749347412776,0.4350525065258723
Taiwan,TWN,713,2016,0.727,0.2854313146404333,0.44156868535956667
Greece,GRC,350,2016,0.776,0.33212149392985213,0.4438785060701479
Ireland,IRL,205,2016,0.815,0.3651379597051496,0.44986204029485033
Lithuania,LTU,368,2016,0.772,0.3188750338205932,0.45312496617940684
Suriname,SUR,115,2016,0.622,0.14428747788608048,0.4777125221139195
Italy,ITA,325,2016,0.791,0.30649333043087607,0.48450666956912397
Latvia,LVA,367,2016,0.748,0.2605314342916575,0.4874685657083425
Finland,FIN,375,2016,0.827,0.3365263281092604,0.49047367189073954
Portugal,PRT,235,2016,0.83,0.3365263281092604,0.49347367189073954
Estonia,EST,366,2016,0.859,0.3586576237255483,0.5003423762744517
Luxembourg,LUX,212,2016,0.793,0.29036394722155867,0.5026360527784414
France,FRA,220,2016,0.812,0.3018680959111425,0.5101319040888576
Canada,CAN,20,2016,0.762,0.2456343494199085,0.5163656505800915
Costa Rica,CRI,94,2016,0.852,0.3344448620339119,0.5175551379660881
United States of America,USA,2,2016,0.83,0.3065129235015046,0.5234870764984954
Uruguay,URY,165,2016,0.832,0.301217526231248,0.530782473768752
Sweden,SWE,380,2016,0.88,0.3487682097433621,0.5312317902566379
Belgium,BEL,211,2016,0.837,0.29036394722155867,0.5466360527784413
Australia,AUS,900,2016,0.833,0.2854313146404333,0.5475686853595667
Netherlands,NLD,210,2016,0.831,0.24710665079531646,0.5838933492046835
New Zealand,NZL,920,2016,0.828,0.23339111004291324,0.5946088899570867
Denmark,DNK,390,2016,0.892,0.22275014146085853,0.6692498585391415
Eritrea,ERI,531,2017,0.007,0.45257000064406344,-0.44557000064406344
Nicaragua,NIC,93,2017,0.103,0.5094611883985773,-0.40646118839857737
Sudan,SDN,625,2017,0.074,0.3966476468171617,-0.3226476468171617
Azerbaijan,AZE,373,2017,0.067,0.3800560181461915,-0.3130560181461915
Belarus,BLR,370,2017,0.107,0.417755055431705,-0.310755055431705
Tajikistan,TJK,702,2017,0.04,0.3451903553150946,-0.30519035531509464
Democratic Republic of the Congo,COD,490,2017,0.11,0.40257812057233777,-0.2925781205723378
Venezuela,VEN,101,2017,0.082,0.3616559109854486,-0.27965591098544856
Burundi,BDI,516,2017,0.045,0.3188750338205932,-0.2738750338205932
North Korea,PRK,731,2017,0.014,0.28384896817140964,-0.26984896817140963
Republic of the Congo,COG,484,2017,0.103,0.34971407164758833,-0.24671407164758835
Russia,RUS,365,2017,0.107,0.3525074365372608,-0.24550743653726081
Uzbekistan,UZB,704,2017,0.052,0.29036394722155867,-0.23836394722155868
Thailand,THA,800,2017,0.102,0.3314141776419832,-0.22941417764198324
Kyrgyzstan,KGZ,703,2017,0.303,0.528845420069508,-0.22584542006950797
Ethiopia,ETH,530,2017,0.098,0.3188750338205932,-0.22087503382059318
Egypt,EGY,651,2017,0.113,0.3317786175915842,-0.21877861759158423
Morocco,MAR,600,2017,0.241,0.4594896317290954,-0.2184896317290954
Türkiye,TUR,640,2017,0.101,0.3188750338205932,-0.21787503382059317
Kazakhstan,KAZ,705,2017,0.112,0.32828356277180537,-0.21628356277180538
Equatorial Guinea,GNQ,411,2017,0.049,0.2615057125498496,-0.21250571254984962
Chad,TCD,483,2017,0.084,0.29298230155334903,-0.20898230155334901
Qatar,QAT,694,2017,0.085,0.29036394722155867,-0.20536394722155865
Angola,AGO,540,2017,0.139,0.34223788582508624,-0.20323788582508623
Bangladesh,BGD,771,2017,0.106,0.30649333043087607,-0.20049333043087608
Bahrain,BHR,692,2017,0.05,0.24825817209467238,-0.1982581720946724
United Arab Emirates,ARE,696,2017,0.091,0.2854313146404333,-0.1944313146404333
Uganda,UGA,500,2017,0.201,0.38628887569820336,-0.18528887569820335
Bolivia,BOL,145,2017,0.36,0.5360607420113018,-0.17606074201130184
Eswatini,SWZ,572,2017,0.099,0.27389985242303744,-0.17489985242303743
China,CHN,710,2017,0.052,0.22329842810576842,-0.17129842810576842
Iran,IRN,630,2017,0.134,0.3025887770792134,-0.16858877707921338
Rwanda,RWA,517,2017,0.116,0.28345064663358255,-0.16745064663358256
Oman,OMN,698,2017,0.14,0.30225359153775155,-0.16225359153775154
Maldives,MDV,781,2017,0.178,0.3365263281092604,-0.15852632810926043
Togo,TGO,461,2017,0.239,0.3967122911790006,-0.1577122911790006
Guinea,GIN,438,2017,0.161,0.31590129752344787,-0.15490129752344786
Afghanistan,AFG,700,2017,0.183,0.3365263281092604,-0.15352632810926042
Vietnam,VNM,816,2017,0.115,0.26801010992704133,-0.15301010992704134
Ukraine,UKR,369,2017,0.24,0.3781072427506654,-0.13810724275066538
Mauritania,MRT,435,2017,0.157,0.2854313146404333,-0.1284313146404333
Cambodia,KHM,811,2017,0.078,0.2038875851471765,-0.12588758514717652
Cuba,CUB,40,2017,0.058,0.17614998320549327,-0.11814998320549328
Armenia,ARM,371,2017,0.219,0.3314141776419832,-0.11241417764198322
Saudi Arabia,SAU,670,2017,0.043,0.15140792186563806,-0.10840792186563807
Zimbabwe,ZWE,552,2017,0.225,0.3314141776419832,-0.10641417764198322
Cameroon,CMR,471,2017,0.131,0.23500195383587094,-0.10400195383587094
Iraq,IRQ,645,2017,0.233,0.3314141776419832,-0.09841417764198321
Madagascar,MDG,580,2017,0.26,0.3565030273178932,-0.09650302731789318
Djibouti,DJI,522,2017,0.11,0.2059888056355933,-0.0959888056355933
Haiti,HTI,41,2017,0.251,0.33987365643552764,-0.08887365643552764
Burma/Myanmar,MMR,775,2017,0.229,0.3160321277492661,-0.08703212774926608
Mozambique,MOZ,541,2017,0.275,0.35893171192294954,-0.08393171192294951
North Macedonia,MKD,343,2017,0.376,0.45811295649137407,-0.08211295649137407
Malaysia,MYS,820,2017,0.206,0.2854313146404333,-0.07943131464043332
Laos,LAO,812,2017,0.093,0.16761718654308583,-0.07461718654308583
Algeria,DZA,615,2017,0.16,0.2308196228484251,-0.0708196228484251
Fiji,FJI,950,2017,0.283,0.35186691776079826,-0.06886691776079829
Honduras,HND,91,2017,0.244,0.31275168326999164,-0.06875168326999165
Gabon,GAB,481,2017,0.233,0.29617854456226966,-0.06317854456226965
Jordan,JOR,663,2017,0.23,0.29036394722155867,-0.06036394722155866
Comoros,COM,581,2017,0.194,0.25346344905664586,-0.059463449056645856
Kosovo,XKX,347,2017,0.399,0.4511530410855582,-0.05215304108555818
Sierra Leone,SLE,451,2017,0.346,0.3944526977285898,-0.048452697728589844
Bhutan,BTN,760,2017,0.48,0.5239061892289003,-0.04390618922890033
Singapore,SGP,830,2017,0.345,0.38888021208027784,-0.04388021208027787
Central African Republic,CAF,482,2017,0.231,0.253808346601793,-0.02280834660179301
Poland,POL,290,2017,0.542,0.560873243874964,-0.01887324387496392
Zambia,ZMB,551,2017,0.294,0.31241446952952323,-0.018414469529523247
Tanzania,TZA,510,2017,0.351,0.36911634117036773,-0.018116341170367756
Philippines,PHL,840,2017,0.321,0.3365263281092604,-0.015526328109260412
Colombia,COL,100,2017,0.548,0.5580694938087838,-0.010069493808783747
Libya,LBY,620,2017,0.167,0.173646840243931,-0.0066468402439310015
Pakistan,PAK,770,2017,0.257,0.2531565687966338,0.003843431203366221
Ecuador,ECU,130,2017,0.338,0.3314141776419832,0.006585822358016802
Ivory Coast,CIV,437,2017,0.326,0.3188750338205932,0.007124966179406833
Dominican Republic,DOM,42,2017,0.328,0.3188750338205932,0.009124966179406835
Papua New Guinea,PNG,910,2017,0.344,0.33441989312316633,0.009580106876833638
The Gambia,GMB,420,2017,0.393,0.3821226974574131,0.010877302542586897
Mexico,MEX,70,2017,0.44,0.4283917101928408,0.011608289807159222
Sri Lanka,LKA,780,2017,0.448,0.43037527390578567,0.017624726094214338
Indonesia,IDN,850,2017,0.484,0.4586630110769342,0.025336988923065795
Paraguay,PRY,150,2017,0.418,0.36706970997744026,0.05093029002255972
Montenegro,MNE,341,2017,0.375,0.3188750338205932,0.05612496617940682
Moldova,MDA,359,2017,0.394,0.3365263281092604,0.0574736718907396
India,IND,750,2017,0.371,0.30649333043087607,0.06450666956912393
Lesotho,LSO,570,2017,0.372,0.3047498221453643,0.06725017785463572
Liberia,LBR,450,2017,0.459,0.3834412555157738,0.07555874448422623
Bosnia and Herzegovina,BIH,346,2017,0.355,0.269284588293129,0.08571541170687097
Kenya,KEN,501,2017,0.408,0.3188750338205932,0.0891249661794068
Nigeria,NGA,475,2017,0.393,0.30056097362446044,0.09243902637553958
Seychelles,SYC,591,2017,0.509,0.40971171261801775,0.09928828738198225
Hungary,HUN,310,2017,0.432,0.3314141776419832,0.10058582235801677
Guatemala,GTM,90,2017,0.444,0.3376355400717576,0.1063644599282424
Guinea-Bissau,GNB,404,2017,0.286,0.17281439034887164,0.11318560965112834
Lebanon,LBN,660,2017,0.294,0.18003558102119074,0.11396441897880924
Mali,MLI,432,2017,0.328,0.2137477319767675,0.11425226802323252
Malawi,MWI,553,2017,0.457,0.34049110187536547,0.11650889812463455
Albania,ALB,339,2017,0.437,0.3188750338205932,0.11812496617940682
Mongolia,MNG,712,2017,0.544,0.41963761922520637,0.12436238077479367
Guyana,GUY,110,2017,0.457,0.31275168326999164,0.14424831673000837
Bulgaria,BGR,355,2017,0.521,0.3702206382773082,0.1507793617226918
Kuwait,KWT,690,2017,0.288,0.12648782751074786,0.16151217248925212
Ghana,GHA,452,2017,0.628,0.46573710089067255,0.16226289910932745
Solomon Islands,SLB,940,2017,0.477,0.31261668098147755,0.16438331901852243
Barbados,BRB,53,2017,0.66,0.494271695799663,0.16572830420033702
El Salvador,SLV,92,2017,0.465,0.29877856745683457,0.16622143254316546
Timor-Leste,TLS,860,2017,0.489,0.3188750338205932,0.1701249661794068
Niger,NER,436,2017,0.426,0.25045318827976365,0.17554681172023634
Panama,PAN,95,2017,0.553,0.37492223485848764,0.1780777651415124
Brazil,BRA,140,2017,0.641,0.45853194049570123,0.18246805950429879
Georgia,GEO,372,2017,0.498,0.31261668098147755,0.18538331901852245
Romania,ROU,360,2017,0.532,0.343783441082469,0.18821655891753103
Argentina,ARG,160,2017,0.609,0.4174984602442587,0.1915015397557413
Burkina Faso,BFA,439,2017,0.511,0.3188750338205932,0.19212496617940683
Nepal,NPL,790,2017,0.553,0.3365263281092604,0.21647367189073963
Sao Tome and Principe,STP,403,2017,0.537,0.31275168326999164,0.2242483167300084
Botswana,BWA,571,2017,0.568,0.34191137476615086,0.2260886252338491
Slovakia,SVK,317,2017,0.72,0.4820700425497072,0.23792995745029277
South Africa,ZAF,560,2017,0.626,0.3638705619570165,0.2621294380429835
Namibia,NAM,565,2017,0.577,0.3106474306225728,0.2663525693774272
Benin,BEN,434,2017,0.593,0.3188750338205932,0.2741249661794068
Malta,MLT,338,2017,0.558,0.275829904803461,0.2821700951965391
Senegal,SEN,433,2017,0.556,0.2651231340146057,0.29087686598539436
Croatia,HRV,344,2017,0.623,0.3188750338205932,0.3041249661794068
Austria,AUT,305,2017,0.782,0.4744574756483452,0.30754252435165486
Israel,ISR,666,2017,0.632,0.31009820847053216,0.32190179152946785
Peru,PER,135,2017,0.677,0.3365263281092604,0.3404736718907396
Japan,JPN,740,2017,0.744,0.3853080470354098,0.3586919529645902
Mauritius,MUS,590,2017,0.622,0.26231338929248404,0.35968661070751595
Switzerland,CHE,225,2017,0.86,0.4953456971075287,0.3646543028924713
Cape Verde,CPV,402,2017,0.707,0.3365263281092604,0.37047367189073954
Slovenia,SVN,349,2017,0.772,0.3964572407054082,0.3755427592945918
Vanuatu,VUT,935,2017,0.682,0.3018680959111425,0.38013190408885755
Chile,CHL,155,2017,0.842,0.46080390679545324,0.3811960932045467
Cyprus,CYP,352,2017,0.731,0.34566622328395913,0.38533377671604085
Trinidad and Tobago,TTO,52,2017,0.676,0.28848504064105396,0.3875149593589461
Czechia,CZE,316,2017,0.726,0.33523076541549673,0.39076923458450324
Iceland,ISL,395,2017,0.779,0.38258449613592516,0.39641550386407487
Spain,ESP,230,2017,0.757,0.3365263281092604,0.4204736718907396
Lithuania,LTU,368,2017,0.753,0.3188750338205932,0.4341249661794068
United States of America,USA,2,2017,0.749,0.3065129235015046,0.4424870764984954
Greece,GRC,350,2017,0.775,0.33212149392985213,0.4428785060701479
Jamaica,JAM,51,2017,0.696,0.24994749347412776,0.4460525065258722
Taiwan,TWN,713,2017,0.737,0.2854313146404333,0.4515686853595667
Ireland,IRL,205,2017,0.821,0.3651379597051496,0.45586204029485033
Suriname,SUR,115,2017,0.626,0.14428747788608048,0.4817125221139195
Latvia,LVA,367,2017,0.744,0.2605314342916575,0.4834685657083425
Italy,ITA,325,2017,0.797,0.30649333043087607,0.490506669569124
South Korea,KOR,732,2017,0.791,0.2970812438955623,0.49391875610443775
Finland,FIN,375,2017,0.836,0.3365263281092604,0.49947367189073955
Estonia,EST,366,2017,0.861,0.3586576237255483,0.5023423762744517
Luxembourg,LUX,212,2017,0.793,0.29036394722155867,0.5026360527784414
Portugal,PRT,235,2017,0.848,0.3365263281092604,0.5114736718907396
France,FRA,220,2017,0.817,0.3018680959111425,0.5151319040888575
Costa Rica,CRI,94,2017,0.85,0.3344448620339119,0.5155551379660881
Canada,CAN,20,2017,0.769,0.2456343494199085,0.5233656505800915
Uruguay,URY,165,2017,0.828,0.301217526231248,0.526782473768752
Sweden,SWE,380,2017,0.88,0.3487682097433621,0.5312317902566379
Australia,AUS,900,2017,0.828,0.2854313146404333,0.5425686853595666
Belgium,BEL,211,2017,0.836,0.29036394722155867,0.5456360527784413
Netherlands,NLD,210,2017,0.833,0.24710665079531646,0.5858933492046835
New Zealand,NZL,920,2017,0.822,0.23339111004291324,0.5886088899570867
Denmark,DNK,390,2017,0.891,0.22275014146085853,0.6682498585391414
Nicaragua,NIC,93,2018,0.051,0.5094611883985773,-0.45846118839857736
Eritrea,ERI,531,2018,0.007,0.45257000064406344,-0.44557000064406344
Sudan,SDN,625,2018,0.068,0.3966476468171617,-0.3286476468171617
Azerbaijan,AZE,373,2018,0.058,0.3800560181461915,-0.3220560181461915
Belarus,BLR,370,2018,0.109,0.417755055431705,-0.308755055431705
Tajikistan,TJK,702,2018,0.044,0.3451903553150946,-0.30119035531509464
Venezuela,VEN,101,2018,0.061,0.3616559109854486,-0.3006559109854486
Democratic Republic of the Congo,COD,490,2018,0.117,0.40257812057233777,-0.2855781205723378
North Korea,PRK,731,2018,0.014,0.28384896817140964,-0.26984896817140963
Russia,RUS,365,2018,0.107,0.3525074365372608,-0.24550743653726081
Republic of the Congo,COG,484,2018,0.109,0.34971407164758833,-0.24071407164758835
Uzbekistan,UZB,704,2018,0.065,0.29036394722155867,-0.22536394722155867
Thailand,THA,800,2018,0.11,0.3314141776419832,-0.22141417764198323
Kazakhstan,KAZ,705,2018,0.108,0.32828356277180537,-0.22028356277180539
Egypt,EGY,651,2018,0.112,0.3317786175915842,-0.21977861759158424
Morocco,MAR,600,2018,0.243,0.4594896317290954,-0.2164896317290954
Türkiye,TUR,640,2018,0.104,0.3188750338205932,-0.2148750338205932
Equatorial Guinea,GNQ,411,2018,0.052,0.2615057125498496,-0.20950571254984962
Bangladesh,BGD,771,2018,0.097,0.30649333043087607,-0.20949333043087606
Qatar,QAT,694,2018,0.088,0.29036394722155867,-0.20236394722155868
Kyrgyzstan,KGZ,703,2018,0.327,0.528845420069508,-0.20184542006950795
Bahrain,BHR,692,2018,0.052,0.24825817209467238,-0.1962581720946724
Bolivia,BOL,145,2018,0.341,0.5360607420113018,-0.1950607420113018
United Arab Emirates,ARE,696,2018,0.093,0.2854313146404333,-0.1924313146404333
Uganda,UGA,500,2018,0.194,0.38628887569820336,-0.19228887569820335
Ethiopia,ETH,530,2018,0.131,0.3188750338205932,-0.18787503382059317
Togo,TGO,461,2018,0.212,0.3967122911790006,-0.1847122911790006
Angola,AGO,540,2018,0.161,0.34223788582508624,-0.18123788582508624
China,CHN,710,2018,0.048,0.22329842810576842,-0.1752984281057684
Iran,IRN,630,2018,0.131,0.3025887770792134,-0.17158877707921338
Chad,TCD,483,2018,0.079,0.24749402675764245,-0.16849402675764247
Rwanda,RWA,517,2018,0.118,0.28345064663358255,-0.16545064663358255
Oman,OMN,698,2018,0.141,0.30225359153775155,-0.16125359153775157
Afghanistan,AFG,700,2018,0.176,0.3365263281092604,-0.16052632810926043
Eswatini,SWZ,572,2018,0.115,0.27389985242303744,-0.15889985242303745
Guinea,GIN,438,2018,0.158,0.31590129752344787,-0.15790129752344786
Comoros,COM,581,2018,0.176,0.3328997205277139,-0.1568997205277139
Vietnam,VNM,816,2018,0.113,0.26801010992704133,-0.15501010992704134
Maldives,MDV,781,2018,0.196,0.3365263281092604,-0.1405263281092604
Ukraine,UKR,369,2018,0.244,0.3781072427506654,-0.13410724275066538
Cambodia,KHM,811,2018,0.07,0.2038875851471765,-0.1338875851471765
Zimbabwe,ZWE,552,2018,0.216,0.3314141776419832,-0.11541417764198322
Cuba,CUB,40,2018,0.061,0.17614998320549327,-0.11514998320549327
Cameroon,CMR,471,2018,0.12,0.23500195383587094,-0.11500195383587095
Mauritania,MRT,435,2018,0.172,0.2854313146404333,-0.11343131464043332
Saudi Arabia,SAU,670,2018,0.042,0.15140792186563806,-0.10940792186563805
Mozambique,MOZ,541,2018,0.264,0.35893171192294954,-0.09493171192294952
Iraq,IRQ,645,2018,0.238,0.3314141776419832,-0.09341417764198323
Djibouti,DJI,522,2018,0.113,0.2059888056355933,-0.0929888056355933
Madagascar,MDG,580,2018,0.268,0.3565030273178932,-0.08850302731789317
Burma/Myanmar,MMR,775,2018,0.232,0.3160321277492661,-0.08403212774926608
Haiti,HTI,41,2018,0.257,0.33987365643552764,-0.08287365643552763
Gabon,GAB,481,2018,0.212,0.2931856487005406,-0.0811856487005406
Honduras,HND,91,2018,0.233,0.31275168326999164,-0.07975168326999163
Laos,LAO,812,2018,0.09,0.16761718654308583,-0.07761718654308583
North Macedonia,MKD,343,2018,0.386,0.45811295649137407,-0.07211295649137406
Fiji,FJI,950,2018,0.28,0.35186691776079826,-0.07186691776079823
Algeria,DZA,615,2018,0.161,0.2308196228484251,-0.0698196228484251
Singapore,SGP,830,2018,0.336,0.38888021208027784,-0.05288021208027782
Jordan,JOR,663,2018,0.242,0.29036394722155867,-0.04836394722155868
Philippines,PHL,840,2018,0.295,0.3365263281092604,-0.041526328109260435
Tanzania,TZA,510,2018,0.331,0.36911634117036773,-0.03811634117036772
Poland,POL,290,2018,0.524,0.560873243874964,-0.036873243874963935
Bhutan,BTN,760,2018,0.489,0.5239061892289003,-0.03490618922890032
Colombia,COL,100,2018,0.533,0.5580694938087838,-0.02506949380878376
Libya,LBY,620,2018,0.153,0.173646840243931,-0.020646840243931014
Zambia,ZMB,551,2018,0.294,0.31241446952952323,-0.018414469529523247
Sierra Leone,SLE,451,2018,0.38,0.3944526977285898,-0.014452697728589814
Central African Republic,CAF,482,2018,0.249,0.253808346601793,-0.004808346601793023
Pakistan,PAK,770,2018,0.25,0.2531565687966338,-0.003156568796633785
Indonesia,IDN,850,2018,0.463,0.4586630110769342,0.004336988923065832
Ivory Coast,CIV,437,2018,0.326,0.3188750338205932,0.007124966179406833
Papua New Guinea,PNG,910,2018,0.351,0.33441989312316633,0.016580106876833645
Kosovo,XKX,347,2018,0.47,0.4511530410855582,0.01884695891444177
Dominican Republic,DOM,42,2018,0.339,0.3188750338205932,0.020124966179406845
Mexico,MEX,70,2018,0.452,0.4283917101928408,0.023608289807159233
Malaysia,MYS,820,2018,0.319,0.2854313146404333,0.0335686853595667
The Gambia,GMB,420,2018,0.422,0.3821226974574131,0.03987730254258687
Liberia,LBR,450,2018,0.425,0.3834412555157738,0.041558744484226195
Hungary,HUN,310,2018,0.373,0.3314141776419832,0.04158582235801678
Paraguay,PRY,150,2018,0.417,0.36706970997744026,0.04993029002255972
Sri Lanka,LKA,780,2018,0.481,0.43037527390578567,0.05062472609421431
Moldova,MDA,359,2018,0.39,0.3365263281092604,0.053473671890739594
India,IND,750,2018,0.363,0.30649333043087607,0.056506669569123924
Montenegro,MNE,341,2018,0.378,0.3188750338205932,0.059124966179406824
Bosnia and Herzegovina,BIH,346,2018,0.34,0.269284588293129,0.07071541170687101
Armenia,ARM,371,2018,0.404,0.3314141776419832,0.0725858223580168
Kenya,KEN,501,2018,0.394,0.3188750338205932,0.07512496617940684
Guatemala,GTM,90,2018,0.415,0.3376355400717576,0.07736445992824237
Nigeria,NGA,475,2018,0.391,0.30056097362446044,0.09043902637553958
Mali,MLI,432,2018,0.307,0.2137477319767675,0.0932522680232325
Malawi,MWI,553,2018,0.442,0.34049110187536547,0.10150889812463454
Lebanon,LBN,660,2018,0.282,0.18003558102119074,0.10196441897880923
Albania,ALB,339,2018,0.432,0.3188750338205932,0.11312496617940682
Seychelles,SYC,591,2018,0.524,0.40971171261801775,0.11428828738198227
Mongolia,MNG,712,2018,0.536,0.41963761922520637,0.11636238077479366
Ecuador,ECU,130,2018,0.458,0.3314141776419832,0.1265858223580168
El Salvador,SLV,92,2018,0.428,0.29877856745683457,0.12922143254316543
Guinea-Bissau,GNB,404,2018,0.307,0.17281439034887164,0.13418560965112836
Lesotho,LSO,570,2018,0.441,0.3047498221453643,0.13625017785463572
Guyana,GUY,110,2018,0.45,0.31275168326999164,0.13724831673000837
Bulgaria,BGR,355,2018,0.508,0.3702206382773082,0.13777936172269178
Romania,ROU,360,2018,0.483,0.343783441082469,0.13921655891753099
Brazil,BRA,140,2018,0.608,0.45853194049570123,0.14946805950429876
Benin,BEN,434,2018,0.472,0.3188750338205932,0.1531249661794068
Niger,NER,436,2018,0.405,0.25045318827976365,0.15454681172023638
Ghana,GHA,452,2018,0.623,0.46573710089067255,0.15726289910932745
Kuwait,KWT,690,2018,0.286,0.12648782751074786,0.15951217248925212
Barbados,BRB,53,2018,0.656,0.494271695799663,0.16172830420033701
Panama,PAN,95,2018,0.539,0.37492223485848764,0.1640777651415124
Burkina Faso,BFA,439,2018,0.485,0.3188750338205932,0.1661249661794068
Solomon Islands,SLB,940,2018,0.48,0.31261668098147755,0.16738331901852244
Timor-Leste,TLS,860,2018,0.502,0.3188750338205932,0.18312496617940682
Nepal,NPL,790,2018,0.523,0.3365263281092604,0.1864736718907396
Georgia,GEO,372,2018,0.514,0.31261668098147755,0.20138331901852247
Argentina,ARG,160,2018,0.63,0.4174984602442587,0.21250153975574132
Slovakia,SVK,317,2018,0.698,0.4820700425497072,0.21592995745029275
Sao Tome and Principe,STP,403,2018,0.531,0.31275168326999164,0.21824831673000838
Botswana,BWA,571,2018,0.573,0.34191137476615086,0.2310886252338491
Namibia,NAM,565,2018,0.562,0.3106474306225728,0.2513525693774273
Senegal,SEN,433,2018,0.536,0.2651231340146057,0.27087686598539434
Malta,MLT,338,2018,0.552,0.2797762052241347,0.27222379477586534
South Africa,ZAF,560,2018,0.64,0.3638705619570165,0.2761294380429835
Croatia,HRV,344,2018,0.615,0.3188750338205932,0.2961249661794068
Austria,AUT,305,2018,0.776,0.4744574756483452,0.30154252435165485
Israel,ISR,666,2018,0.626,0.31009820847053216,0.31590179152946785
Chile,CHL,155,2018,0.803,0.46080390679545324,0.3421960932045468
Peru,PER,135,2018,0.698,0.3365263281092604,0.36147367189073953
Slovenia,SVN,349,2018,0.759,0.3964572407054082,0.3625427592945918
Cape Verde,CPV,402,2018,0.701,0.3365263281092604,0.36447367189073954
Switzerland,CHE,225,2018,0.86,0.4953456971075287,0.3646543028924713
Mauritius,MUS,590,2018,0.631,0.26231338929248404,0.36868661070751596
Japan,JPN,740,2018,0.755,0.3853080470354098,0.36969195296459023
Czechia,CZE,316,2018,0.708,0.33523076541549673,0.37276923458450323
Cyprus,CYP,352,2018,0.722,0.34566622328395913,0.37633377671604085
Vanuatu,VUT,935,2018,0.68,0.3018680959111425,0.37813190408885755
Trinidad and Tobago,TTO,52,2018,0.67,0.28848504064105396,0.3815149593589461
Iceland,ISL,395,2018,0.793,0.38258449613592516,0.4104155038640749
United States of America,USA,2,2018,0.739,0.3065129235015046,0.4324870764984954
Greece,GRC,350,2018,0.767,0.33212149392985213,0.4348785060701479
Lithuania,LTU,368,2018,0.754,0.3188750338205932,0.4351249661794068
Jamaica,JAM,51,2018,0.688,0.24994749347412776,0.4380525065258722
Spain,ESP,230,2018,0.776,0.3365263281092604,0.4394736718907396
Ireland,IRL,205,2018,0.821,0.3735274848481516,0.4474725151518483
Taiwan,TWN,713,2018,0.739,0.2854313146404333,0.4535686853595667
Suriname,SUR,115,2018,0.609,0.14428747788608048,0.4647125221139195
Italy,ITA,325,2018,0.787,0.30649333043087607,0.48050666956912397
Latvia,LVA,367,2018,0.745,0.2605314342916575,0.4844685657083425
South Korea,KOR,732,2018,0.794,0.2970812438955623,0.49691875610443775
Costa Rica,CRI,94,2018,0.834,0.3344448620339119,0.4995551379660881
France,FRA,220,2018,0.802,0.3018680959111425,0.5001319040888575
Luxembourg,LUX,212,2018,0.793,0.29036394722155867,0.5026360527784414
Estonia,EST,366,2018,0.863,0.3586576237255483,0.5043423762744517
Portugal,PRT,235,2018,0.849,0.3365263281092604,0.5124736718907396
Finland,FIN,375,2018,0.849,0.3365263281092604,0.5124736718907396
Canada,CAN,20,2018,0.763,0.2456343494199085,0.5173656505800915
Sweden,SWE,380,2018,0.875,0.3487682097433621,0.5262317902566379
Australia,AUS,900,2018,0.817,0.2854313146404333,0.5315686853595667
Uruguay,URY,165,2018,0.836,0.301217526231248,0.534782473768752
Belgium,BEL,211,2018,0.836,0.29036394722155867,0.5456360527784413
Netherlands,NLD,210,2018,0.83,0.24710665079531646,0.5828933492046835
New Zealand,NZL,920,2018,0.833,0.23339111004291324,0.5996088899570867
Denmark,DNK,390,2018,0.89,0.22275014146085853,0.6672498585391415
Nicaragua,NIC,93,2019,0.046,0.5094611883985773,-0.46346118839857736
Eritrea,ERI,531,2019,0.009,0.45257000064406344,-0.44357000064406343
Cuba,CUB,40,2019,0.062,0.39078199522515017,-0.32878199522515017
Azerbaijan,AZE,373,2019,0.063,0.3800560181461915,-0.3170560181461915
Belarus,BLR,370,2019,0.11,0.417755055431705,-0.307755055431705
Tajikistan,TJK,702,2019,0.041,0.3451903553150946,-0.30419035531509464
Venezuela,VEN,101,2019,0.06,0.3616559109854486,-0.3016559109854486
Bolivia,BOL,145,2019,0.241,0.5360607420113018,-0.29506074201130184
North Korea,PRK,731,2019,0.014,0.28384896817140964,-0.26984896817140963
Democratic Republic of the Congo,COD,490,2019,0.141,0.40257812057233777,-0.26157812057233776
Republic of the Congo,COG,484,2019,0.1,0.34971407164758833,-0.24971407164758833
Russia,RUS,365,2019,0.105,0.3525074365372608,-0.24750743653726082
Kyrgyzstan,KGZ,703,2019,0.309,0.528845420069508,-0.21984542006950797
Morocco,MAR,600,2019,0.244,0.4594896317290954,-0.2154896317290954
Kazakhstan,KAZ,705,2019,0.113,0.32828356277180537,-0.21528356277180538
Uzbekistan,UZB,704,2019,0.077,0.29036394722155867,-0.21336394722155866
Bangladesh,BGD,771,2019,0.094,0.30649333043087607,-0.21249333043087607
Türkiye,TUR,640,2019,0.107,0.3188750338205932,-0.2118750338205932
Equatorial Guinea,GNQ,411,2019,0.051,0.2615057125498496,-0.21050571254984962
Qatar,QAT,694,2019,0.082,0.29036394722155867,-0.20836394722155865
Sudan,SDN,625,2019,0.066,0.2717811069552253,-0.20578110695522528
Comoros,COM,581,2019,0.129,0.3328997205277139,-0.20389972052771388
Togo,TGO,461,2019,0.193,0.3967122911790006,-0.20371229117900058
Egypt,EGY,651,2019,0.116,0.31968044287244357,-0.20368044287244358
United Arab Emirates,ARE,696,2019,0.09,0.2854313146404333,-0.1954313146404333
Uganda,UGA,500,2019,0.193,0.38628887569820336,-0.19328887569820336
Bahrain,BHR,692,2019,0.059,0.24825817209467238,-0.18925817209467238
Angola,AGO,540,2019,0.162,0.34223788582508624,-0.18023788582508624
Iran,IRN,630,2019,0.126,0.3025887770792134,-0.1765887770792134
China,CHN,710,2019,0.047,0.22329842810576842,-0.1762984281057684
Guinea,GIN,438,2019,0.141,0.31590129752344787,-0.17490129752344788
Afghanistan,AFG,700,2019,0.162,0.3365263281092604,-0.17452632810926041
Rwanda,RWA,517,2019,0.12,0.28345064663358255,-0.16345064663358255
Oman,OMN,698,2019,0.141,0.30225359153775155,-0.16125359153775157
Ethiopia,ETH,530,2019,0.158,0.3188750338205932,-0.16087503382059318
Eswatini,SWZ,572,2019,0.114,0.27389985242303744,-0.15989985242303745
Chad,TCD,483,2019,0.088,0.24749402675764245,-0.15949402675764246
Vietnam,VNM,816,2019,0.117,0.26801010992704133,-0.15101010992704134
Thailand,THA,800,2019,0.184,0.3314141776419832,-0.14741417764198322
Cambodia,KHM,811,2019,0.066,0.2038875851471765,-0.1378875851471765
Zimbabwe,ZWE,552,2019,0.202,0.3314141776419832,-0.1294141776419832
Cameroon,CMR,471,2019,0.116,0.23500195383587094,-0.11900195383587094
Madagascar,MDG,580,2019,0.248,0.3565030273178932,-0.10850302731789319
Saudi Arabia,SAU,670,2019,0.045,0.15140792186563806,-0.10640792186563806
Iraq,IRQ,645,2019,0.226,0.3314141776419832,-0.10541417764198321
Mozambique,MOZ,541,2019,0.255,0.35893171192294954,-0.10393171192294953
Mauritania,MRT,435,2019,0.186,0.2854313146404333,-0.09943131464043331
Haiti,HTI,41,2019,0.247,0.33987365643552764,-0.09287365643552764
Gabon,GAB,481,2019,0.201,0.2931856487005406,-0.09218564870054058
Fiji,FJI,950,2019,0.264,0.35186691776079826,-0.08786691776079825
Djibouti,DJI,522,2019,0.119,0.2059888056355933,-0.0869888056355933
Honduras,HND,91,2019,0.229,0.31275168326999164,-0.08375168326999163
Algeria,DZA,615,2019,0.153,0.2308196228484251,-0.07781962284842511
Burma/Myanmar,MMR,775,2019,0.246,0.3160321277492661,-0.0700321277492661
Ukraine,UKR,369,2019,0.318,0.3781072427506654,-0.06010724275066537
Singapore,SGP,830,2019,0.33,0.38888021208027784,-0.05888021208027783
Laos,LAO,812,2019,0.109,0.16761718654308583,-0.05861718654308583
Philippines,PHL,840,2019,0.28,0.3365263281092604,-0.05652632810926039
Poland,POL,290,2019,0.505,0.560873243874964,-0.05587324387496395
Jordan,JOR,663,2019,0.24,0.29036394722155867,-0.05036394722155868
North Macedonia,MKD,343,2019,0.411,0.45811295649137407,-0.04711295649137409
Colombia,COL,100,2019,0.511,0.5580694938087838,-0.04706949380878378
Tanzania,TZA,510,2019,0.325,0.36911634117036773,-0.04411634117036772
Central African Republic,CAF,482,2019,0.214,0.253808346601793,-0.03980834660179303
Libya,LBY,620,2019,0.148,0.173646840243931,-0.02564684024393102
Pakistan,PAK,770,2019,0.233,0.2531565687966338,-0.020156568796633773
Zambia,ZMB,551,2019,0.301,0.31241446952952323,-0.011414469529523241
Bhutan,BTN,760,2019,0.517,0.5239061892289003,-0.006906189228900295
Ivory Coast,CIV,437,2019,0.314,0.3188750338205932,-0.004875033820593178
Sierra Leone,SLE,451,2019,0.392,0.3944526977285898,-0.0024526977285898033
Mexico,MEX,70,2019,0.428,0.4283917101928408,-0.00039171019284078845
Indonesia,IDN,850,2019,0.459,0.4586630110769342,0.0003369889230658285
Sri Lanka,LKA,780,2019,0.439,0.43037527390578567,0.00862472609421433
Benin,BEN,434,2019,0.335,0.3188750338205932,0.01612496617940684
India,IND,750,2019,0.324,0.30649333043087607,0.017506669569123945
Papua New Guinea,PNG,910,2019,0.352,0.33441989312316633,0.017580106876833645
Dominican Republic,DOM,42,2019,0.34,0.3188750338205932,0.021124966179406846
Liberia,LBR,450,2019,0.412,0.3834412555157738,0.028558744484226184
Hungary,HUN,310,2019,0.364,0.3314141776419832,0.03258582235801677
The Gambia,GMB,420,2019,0.421,0.3821226974574131,0.03887730254258687
Kosovo,XKX,347,2019,0.497,0.4511530410855582,0.04584695891444179
Malaysia,MYS,820,2019,0.338,0.2854313146404333,0.052568685359566714
Paraguay,PRY,150,2019,0.42,0.36706970997744026,0.05293029002255972
Montenegro,MNE,341,2019,0.376,0.3188750338205932,0.05712496617940682
Nigeria,NGA,475,2019,0.36,0.30056097362446044,0.05943902637553955
Bosnia and Herzegovina,BIH,346,2019,0.338,0.269284588293129,0.06871541170687101
Brazil,BRA,140,2019,0.528,0.45853194049570123,0.0694680595042988
Malawi,MWI,553,2019,0.413,0.34049110187536547,0.07250889812463451
Maldives,MDV,781,2019,0.41,0.3365263281092604,0.07347367189073956
Guatemala,GTM,90,2019,0.415,0.3376355400717576,0.07736445992824237
Kenya,KEN,501,2019,0.402,0.3188750338205932,0.08312496617940685
El Salvador,SLV,92,2019,0.393,0.29877856745683457,0.09422143254316545
Lebanon,LBN,660,2019,0.276,0.18003558102119074,0.09596441897880928
Mali,MLI,432,2019,0.317,0.2137477319767675,0.10325226802323251
Albania,ALB,339,2019,0.426,0.3188750338205932,0.10712496617940681
Moldova,MDA,359,2019,0.445,0.3365263281092604,0.10847367189073959
Guyana,GUY,110,2019,0.426,0.31275168326999164,0.11324831673000835
Ecuador,ECU,130,2019,0.446,0.3314141776419832,0.11458582235801679
Mongolia,MNG,712,2019,0.54,0.41963761922520637,0.12036238077479366
Seychelles,SYC,591,2019,0.535,0.40971171261801775,0.12528828738198228
Bulgaria,BGR,355,2019,0.506,0.3702206382773082,0.13577936172269178
Ghana,GHA,452,2019,0.606,0.46573710089067255,0.14026289910932743
Nepal,NPL,790,2019,0.484,0.3365263281092604,0.14747367189073957
Niger,NER,436,2019,0.401,0.25045318827976365,0.15054681172023637
Guinea-Bissau,GNB,404,2019,0.327,0.17281439034887164,0.15418560965112837
Burkina Faso,BFA,439,2019,0.477,0.3188750338205932,0.1581249661794068
Panama,PAN,95,2019,0.535,0.37492223485848764,0.1600777651415124
Kuwait,KWT,690,2019,0.288,0.12648782751074786,0.16151217248925212
Georgia,GEO,372,2019,0.48,0.31261668098147755,0.16738331901852244
Barbados,BRB,53,2019,0.668,0.494271695799663,0.17372830420033702
Lesotho,LSO,570,2019,0.488,0.3047498221453643,0.1832501778546357
Solomon Islands,SLB,940,2019,0.503,0.31261668098147755,0.19038331901852246
Timor-Leste,TLS,860,2019,0.517,0.3188750338205932,0.19812496617940684
Argentina,ARG,160,2019,0.618,0.4174984602442587,0.2005015397557413
Namibia,NAM,565,2019,0.512,0.3106474306225728,0.20135256937742724
Romania,ROU,360,2019,0.555,0.343783441082469,0.21121655891753105
Botswana,BWA,571,2019,0.56,0.34191137476615086,0.2180886252338492
Sao Tome and Principe,STP,403,2019,0.556,0.31275168326999164,0.2432483167300084
Slovakia,SVK,317,2019,0.737,0.4820700425497072,0.2549299574502928
South Africa,ZAF,560,2019,0.623,0.3638705619570165,0.2591294380429835
Senegal,SEN,433,2019,0.543,0.2651231340146057,0.27787686598539435
Armenia,ARM,371,2019,0.62,0.3314141776419832,0.2885858223580168
Malta,MLT,338,2019,0.569,0.2797762052241347,0.28922379477586524
Croatia,HRV,344,2019,0.617,0.3188750338205932,0.2981249661794068
Chile,CHL,155,2019,0.761,0.46080390679545324,0.30019609320454677
Israel,ISR,666,2019,0.623,0.31009820847053216,0.31290179152946784
Austria,AUT,305,2019,0.793,0.4744574756483452,0.31854252435165487
Mauritius,MUS,590,2019,0.595,0.26231338929248404,0.33268661070751593
Greece,GRC,350,2019,0.763,0.4208256249433341,0.3421743750566659
Slovenia,SVN,349,2019,0.743,0.3964572407054082,0.3465427592945918
Peru,PER,135,2019,0.694,0.3365263281092604,0.35747367189073953
Vanuatu,VUT,935,2019,0.662,0.3018680959111425,0.36013190408885754
Czechia,CZE,316,2019,0.699,0.33523076541549673,0.3637692345845032
Cyprus,CYP,352,2019,0.71,0.34566622328395913,0.36433377671604084
Switzerland,CHE,225,2019,0.86,0.4953456971075287,0.3646543028924713
Japan,JPN,740,2019,0.753,0.3853080470354098,0.36769195296459023
Cape Verde,CPV,402,2019,0.707,0.3365263281092604,0.37047367189073954
Trinidad and Tobago,TTO,52,2019,0.676,0.28848504064105396,0.3875149593589461
Iceland,ISL,395,2019,0.784,0.38258449613592516,0.4014155038640749
United States of America,USA,2,2019,0.74,0.3065129235015046,0.4334870764984954
Lithuania,LTU,368,2019,0.756,0.3188750338205932,0.4371249661794068
Suriname,SUR,115,2019,0.583,0.14428747788608048,0.4387125221139195
Taiwan,TWN,713,2019,0.725,0.2854313146404333,0.43956868535956667
Jamaica,JAM,51,2019,0.703,0.24994749347412776,0.4530525065258722
Ireland,IRL,205,2019,0.822,0.36168828383979484,0.4603117161602051
Spain,ESP,230,2019,0.804,0.3365263281092604,0.46747367189073963
Italy,ITA,325,2019,0.777,0.30649333043087607,0.47050666956912396
South Korea,KOR,732,2019,0.777,0.2970812438955623,0.47991875610443774
Latvia,LVA,367,2019,0.741,0.2605314342916575,0.4804685657083425
Portugal,PRT,235,2019,0.82,0.3365263281092604,0.48347367189073953
Estonia,EST,366,2019,0.848,0.3586576237255483,0.48934237627445165
France,FRA,220,2019,0.793,0.3018680959111425,0.49113190408885754
Australia,AUS,900,2019,0.779,0.2854313146404333,0.4935686853595667
Luxembourg,LUX,212,2019,0.788,0.29036394722155867,0.49763605277844136
Finland,FIN,375,2019,0.842,0.3365263281092604,0.5054736718907396
Costa Rica,CRI,94,2019,0.842,0.3344448620339119,0.5075551379660881
Sweden,SWE,380,2019,0.866,0.3487682097433621,0.5172317902566379
Canada,CAN,20,2019,0.763,0.2456343494199085,0.5173656505800915
Uruguay,URY,165,2019,0.836,0.301217526231248,0.534782473768752
Belgium,BEL,211,2019,0.837,0.29036394722155867,0.5466360527784413
Netherlands,NLD,210,2019,0.819,0.24710665079531646,0.5718933492046835
New Zealand,NZL,920,2019,0.831,0.23339111004291324,0.5976088899570867
Denmark,DNK,390,2019,0.886,0.22275014146085853,0.6632498585391415
Nicaragua,NIC,93,2020,0.045,0.5094611883985773,-0.46446118839857736
Eritrea,ERI,531,2020,0.01,0.45257000064406344,-0.44257000064406343
Belarus,BLR,370,2020,0.045,0.417755055431705,-0.372755055431705
Cuba,CUB,40,2020,0.06,0.39078199522515017,-0.33078199522515017
Bolivia,BOL,145,2020,0.209,0.5360607420113018,-0.32706074201130186
Azerbaijan,AZE,373,2020,0.064,0.3800560181461915,-0.3160560181461915
Venezuela,VEN,101,2020,0.056,0.3616559109854486,-0.3056559109854486
Tajikistan,TJK,702,2020,0.041,0.3451903553150946,-0.30419035531509464
Kyrgyzstan,KGZ,703,2020,0.255,0.528845420069508,-0.27384542006950796
North Korea,PRK,731,2020,0.014,0.28384896817140964,-0.26984896817140963
Sudan,SDN,625,2020,0.054,0.3137929600180471,-0.2597929600180471
Democratic Republic of the Congo,COD,490,2020,0.152,0.40257812057233777,-0.25057812057233775
Russia,RUS,365,2020,0.097,0.33718525259787463,-0.24018525259787463
Republic of the Congo,COG,484,2020,0.118,0.34971407164758833,-0.23171407164758834
Algeria,DZA,615,2020,0.152,0.3822454383011154,-0.2302454383011154
Guinea,GIN,438,2020,0.113,0.3398424538226208,-0.2268424538226208
Morocco,MAR,600,2020,0.238,0.4594896317290954,-0.22148963172909542
Bangladesh,BGD,771,2020,0.094,0.30649333043087607,-0.21249333043087607
Kazakhstan,KAZ,705,2020,0.117,0.32828356277180537,-0.21128356277180538
Equatorial Guinea,GNQ,411,2020,0.051,0.2615057125498496,-0.21050571254984962
Comoros,COM,581,2020,0.124,0.3328997205277139,-0.20889972052771388
Qatar,QAT,694,2020,0.083,0.29036394722155867,-0.20736394722155865
Uzbekistan,UZB,704,2020,0.083,0.29036394722155867,-0.20736394722155865
Türkiye,TUR,640,2020,0.115,0.3188750338205932,-0.2038750338205932
Egypt,EGY,651,2020,0.117,0.31968044287244357,-0.20268044287244358
United Arab Emirates,ARE,696,2020,0.09,0.2854313146404333,-0.1954313146404333
Uganda,UGA,500,2020,0.192,0.38628887569820336,-0.19428887569820336
Bahrain,BHR,692,2020,0.062,0.24825817209467238,-0.18625817209467238
Iran,IRN,630,2020,0.119,0.3025887770792134,-0.1835887770792134
Angola,AGO,540,2020,0.16,0.34223788582508624,-0.18223788582508624
China,CHN,710,2020,0.042,0.22329842810576842,-0.1812984281057684
Afghanistan,AFG,700,2020,0.167,0.3365263281092604,-0.1695263281092604
Ethiopia,ETH,530,2020,0.152,0.3188750338205932,-0.16687503382059318
Oman,OMN,698,2020,0.137,0.30225359153775155,-0.16525359153775154
Togo,TGO,461,2020,0.233,0.3967122911790006,-0.16371229117900057
Rwanda,RWA,517,2020,0.12,0.28345064663358255,-0.16345064663358255
Vietnam,VNM,816,2020,0.106,0.26801010992704133,-0.16201010992704135
Chad,TCD,483,2020,0.088,0.24749402675764245,-0.15949402675764246
Eswatini,SWZ,572,2020,0.115,0.27389985242303744,-0.15889985242303745
Thailand,THA,800,2020,0.187,0.3314141776419832,-0.14441417764198322
Cambodia,KHM,811,2020,0.063,0.2038875851471765,-0.1408875851471765
Zimbabwe,ZWE,552,2020,0.192,0.3314141776419832,-0.13941417764198322
Mozambique,MOZ,541,2020,0.238,0.35893171192294954,-0.12093171192294955
Iraq,IRQ,645,2020,0.212,0.3314141776419832,-0.11941417764198323
Cameroon,CMR,471,2020,0.123,0.23500195383587094,-0.11200195383587094
Poland,POL,290,2020,0.45,0.560873243874964,-0.11087324387496394
Madagascar,MDG,580,2020,0.246,0.3565030273178932,-0.11050302731789319
Saudi Arabia,SAU,670,2020,0.045,0.15140792186563806,-0.10640792186563806
Haiti,HTI,41,2020,0.237,0.33987365643552764,-0.10287365643552765
Gabon,GAB,481,2020,0.196,0.2931856487005406,-0.09718564870054058
Djibouti,DJI,522,2020,0.119,0.2059888056355933,-0.0869888056355933
Honduras,HND,91,2020,0.233,0.31275168326999164,-0.07975168326999163
Mauritania,MRT,435,2020,0.206,0.2854313146404333,-0.07943131464043332
Fiji,FJI,950,2020,0.276,0.35186691776079826,-0.07586691776079824
Laos,LAO,812,2020,0.094,0.16761718654308583,-0.07361718654308583
Philippines,PHL,840,2020,0.27,0.3365263281092604,-0.0665263281092604
Burma/Myanmar,MMR,775,2020,0.252,0.3160321277492661,-0.06403212774926609
Colombia,COL,100,2020,0.496,0.5580694938087838,-0.06206949380878379
North Macedonia,MKD,343,2020,0.4,0.45811295649137407,-0.058112956491374046
Ivory Coast,CIV,437,2020,0.261,0.3188750338205932,-0.05787503382059317
Singapore,SGP,830,2020,0.332,0.38888021208027784,-0.056880212080277825
Ukraine,UKR,369,2020,0.325,0.3781072427506654,-0.05310724275066536
Central African Republic,CAF,482,2020,0.201,0.253808346601793,-0.05280834660179301
Sri Lanka,LKA,780,2020,0.379,0.43037527390578567,-0.05137527390578567
Jordan,JOR,663,2020,0.24,0.29036394722155867,-0.05036394722155868
Indonesia,IDN,850,2020,0.411,0.4586630110769342,-0.047663011076934214
Tanzania,TZA,510,2020,0.33,0.36911634117036773,-0.03911634117036772
Benin,BEN,434,2020,0.284,0.3188750338205932,-0.034875033820593204
Libya,LBY,620,2020,0.145,0.173646840243931,-0.02864684024393102
Mexico,MEX,70,2020,0.406,0.4283917101928408,-0.022391710192840752
Zambia,ZMB,551,2020,0.292,0.31241446952952323,-0.02041446952952325
India,IND,750,2020,0.292,0.30649333043087607,-0.014493330430876084
Bhutan,BTN,760,2020,0.515,0.5239061892289003,-0.008906189228900296
Pakistan,PAK,770,2020,0.253,0.2531565687966338,-0.00015656879663378254
El Salvador,SLV,92,2020,0.316,0.29877856745683457,0.017221432543165438
Hungary,HUN,310,2020,0.351,0.3314141776419832,0.019585822358016758
The Gambia,GMB,420,2020,0.403,0.3821226974574131,0.020877302542586906
Malaysia,MYS,820,2020,0.307,0.2854313146404333,0.021568685359566686
Papua New Guinea,PNG,910,2020,0.359,0.33441989312316633,0.02458010687683365
Sierra Leone,SLE,451,2020,0.426,0.3944526977285898,0.03154730227141017
Liberia,LBR,450,2020,0.419,0.3834412555157738,0.03555874448422619
Kosovo,XKX,347,2020,0.493,0.4511530410855582,0.04184695891444179
Nigeria,NGA,475,2020,0.349,0.30056097362446044,0.04843902637553954
Paraguay,PRY,150,2020,0.42,0.36706970997744026,0.05293029002255972
Mali,MLI,432,2020,0.254,0.1934708959595669,0.0605291040404331
Guatemala,GTM,90,2020,0.402,0.3376355400717576,0.06436445992824241
Bosnia and Herzegovina,BIH,346,2020,0.335,0.269284588293129,0.06571541170687101
Guyana,GUY,110,2020,0.386,0.31275168326999164,0.07324831673000837
Brazil,BRA,140,2020,0.534,0.45853194049570123,0.0754680595042988
Montenegro,MNE,341,2020,0.395,0.3188750338205932,0.07612496617940684
Kenya,KEN,501,2020,0.404,0.3188750338205932,0.08512496617940685
Maldives,MDV,781,2020,0.429,0.3365263281092604,0.09247367189073957
Lebanon,LBN,660,2020,0.274,0.18003558102119074,0.09396441897880928
Mongolia,MNG,712,2020,0.523,0.41963761922520637,0.10336238077479365
Malawi,MWI,553,2020,0.462,0.34049110187536547,0.12150889812463456
Albania,ALB,339,2020,0.442,0.3188750338205932,0.12312496617940683
Dominican Republic,DOM,42,2020,0.449,0.3188750338205932,0.13012496617940683
Bulgaria,BGR,355,2020,0.501,0.3702206382773082,0.13077936172269178
Ghana,GHA,452,2020,0.604,0.46573710089067255,0.13826289910932743
Nepal,NPL,790,2020,0.477,0.3365263281092604,0.14047367189073956
Botswana,BWA,571,2020,0.484,0.34191137476615086,0.14208862523384913
Ecuador,ECU,130,2020,0.481,0.3314141776419832,0.14958582235801676
Niger,NER,436,2020,0.401,0.25045318827976365,0.15054681172023637
Guinea-Bissau,GNB,404,2020,0.328,0.17281439034887164,0.15518560965112838
Kuwait,KWT,690,2020,0.282,0.12648782751074786,0.15551217248925212
Georgia,GEO,372,2020,0.47,0.31261668098147755,0.15738331901852243
Panama,PAN,95,2020,0.533,0.37492223485848764,0.1580777651415124
Seychelles,SYC,591,2020,0.575,0.40971171261801775,0.1652882873819822
Burkina Faso,BFA,439,2020,0.486,0.3188750338205932,0.1671249661794068
Timor-Leste,TLS,860,2020,0.492,0.3188750338205932,0.17312496617940681
Solomon Islands,SLB,940,2020,0.494,0.31261668098147755,0.18138331901852245
Moldova,MDA,359,2020,0.518,0.3365263281092604,0.1814736718907396
Mauritius,MUS,590,2020,0.451,0.26231338929248404,0.18868661070751597
Barbados,BRB,53,2020,0.692,0.494271695799663,0.19772830420033694
Lesotho,LSO,570,2020,0.505,0.3047498221453643,0.20025017785463572
Namibia,NAM,565,2020,0.516,0.3106474306225728,0.20535256937742724
Argentina,ARG,160,2020,0.634,0.4174984602442587,0.21650153975574132
South Africa,ZAF,560,2020,0.604,0.3638705619570165,0.24012943804298348
Sao Tome and Principe,STP,403,2020,0.557,0.31275168326999164,0.2442483167300084
Armenia,ARM,371,2020,0.576,0.3314141776419832,0.24458582235801674
Greece,GRC,350,2020,0.669,0.4208256249433341,0.24817437505666595
Slovenia,SVN,349,2020,0.665,0.3964572407054082,0.2685427592945918
Slovakia,SVK,317,2020,0.757,0.4820700425497072,0.2749299574502928
Senegal,SEN,433,2020,0.563,0.2651231340146057,0.29787686598539426
Chile,CHL,155,2020,0.766,0.46080390679545324,0.30519609320454677
Austria,AUT,305,2020,0.786,0.4744574756483452,0.31154252435165486
Malta,MLT,338,2020,0.605,0.28970102767716027,0.3152989723228397
Croatia,HRV,344,2020,0.647,0.3188750338205932,0.32812496617940684
Israel,ISR,666,2020,0.639,0.31009820847053216,0.32890179152946786
Romania,ROU,360,2020,0.676,0.343783441082469,0.33221655891753105
Cyprus,CYP,352,2020,0.691,0.34566622328395913,0.3453337767160408
Japan,JPN,740,2020,0.742,0.3853080470354098,0.3566919529645902
Vanuatu,VUT,935,2020,0.659,0.3018680959111425,0.35713190408885753
Switzerland,CHE,225,2020,0.856,0.4953456971075287,0.3606543028924713
Cape Verde,CPV,402,2020,0.701,0.3365263281092604,0.36447367189073954
Peru,PER,135,2020,0.706,0.3365263281092604,0.36947367189073954
Czechia,CZE,316,2020,0.709,0.33523076541549673,0.37376923458450323
Trinidad and Tobago,TTO,52,2020,0.672,0.28848504064105396,0.3835149593589461
Iceland,ISL,395,2020,0.784,0.38258449613592516,0.4014155038640749
Lithuania,LTU,368,2020,0.745,0.3188750338205932,0.4261249661794068
United States of America,USA,2,2020,0.734,0.3065129235015046,0.4274870764984954
Taiwan,TWN,713,2020,0.719,0.2854313146404333,0.43356868535956666
Spain,ESP,230,2020,0.786,0.3365263281092604,0.4494736718907396
Jamaica,JAM,51,2020,0.702,0.24994749347412776,0.4520525065258722
Ireland,IRL,205,2020,0.824,0.36168828383979484,0.4623117161602051
Italy,ITA,325,2020,0.774,0.30649333043087607,0.46750666956912396
Portugal,PRT,235,2020,0.806,0.3365263281092604,0.46947367189073963
Latvia,LVA,367,2020,0.737,0.2605314342916575,0.4764685657083425
Estonia,EST,366,2020,0.842,0.3586576237255483,0.48334237627445165
Suriname,SUR,115,2020,0.628,0.14428747788608048,0.4837125221139195
South Korea,KOR,732,2020,0.782,0.2970812438955623,0.48491875610443774
France,FRA,220,2020,0.789,0.3018680959111425,0.48713190408885754
Luxembourg,LUX,212,2020,0.786,0.29036394722155867,0.49563605277844136
Canada,CAN,20,2020,0.745,0.2456343494199085,0.4993656505800915
Australia,AUS,900,2020,0.79,0.2854313146404333,0.5045686853595668
Uruguay,URY,165,2020,0.808,0.301217526231248,0.5067824737687521
Finland,FIN,375,2020,0.844,0.3365263281092604,0.5074736718907396
Costa Rica,CRI,94,2020,0.844,0.3344448620339119,0.5095551379660881
Sweden,SWE,380,2020,0.868,0.3487682097433621,0.5192317902566379
Belgium,BEL,211,2020,0.826,0.29036394722155867,0.5356360527784413
Netherlands,NLD,210,2020,0.813,0.24710665079531646,0.5658933492046835
New Zealand,NZL,920,2020,0.826,0.23339111004291324,0.5926088899570867
Denmark,DNK,390,2020,0.882,0.22275014146085853,0.6592498585391415
Nicaragua,NIC,93,2021,0.034,0.5094611883985773,-0.4754611883985773
Eritrea,ERI,531,2021,0.01,0.45257000064406344,-0.44257000064406343
Belarus,BLR,370,2021,0.035,0.417755055431705,-0.38275505543170496
Cuba,CUB,40,2021,0.056,0.39078199522515017,-0.3347819952251502
Azerbaijan,AZE,373,2021,0.066,0.3800560181461915,-0.3140560181461915
Tajikistan,TJK,702,2021,0.039,0.3451903553150946,-0.30619035531509464
Venezuela,VEN,101,2021,0.056,0.3616559109854486,-0.3056559109854486
Burma/Myanmar,MMR,775,2021,0.02,0.3160321277492661,-0.29603212774926607
Afghanistan,AFG,700,2021,0.041,0.3365263281092604,-0.29552632810926044
North Korea,PRK,731,2021,0.014,0.28384896817140964,-0.26984896817140963
Sudan,SDN,625,2021,0.051,0.3137929600180471,-0.2627929600180471
Democratic Republic of the Congo,COD,490,2021,0.14,0.40257812057233777,-0.26257812057233776
Algeria,DZA,615,2021,0.139,0.3822454383011154,-0.2432454383011154
Russia,RUS,365,2021,0.094,0.33718525259787463,-0.24318525259787463
Guinea,GIN,438,2021,0.098,0.3398424538226208,-0.2418424538226208
Republic of the Congo,COG,484,2021,0.116,0.34971407164758833,-0.23371407164758834
Morocco,MAR,600,2021,0.24,0.4594896317290954,-0.2194896317290954
Bangladesh,BGD,771,2021,0.092,0.30649333043087607,-0.21449333043087607
Uzbekistan,UZB,704,2021,0.078,0.29036394722155867,-0.21236394722155866
Iran,IRN,630,2021,0.091,0.3025887770792134,-0.2115887770792134
Equatorial Guinea,GNQ,411,2021,0.051,0.2615057125498496,-0.21050571254984962
Qatar,QAT,694,2021,0.081,0.29036394722155867,-0.20936394722155865
Comoros,COM,581,2021,0.124,0.3328997205277139,-0.20889972052771388
Kazakhstan,KAZ,705,2021,0.121,0.32828356277180537,-0.20728356277180537
Uganda,UGA,500,2021,0.18,0.38628887569820336,-0.20628887569820337
Türkiye,TUR,640,2021,0.113,0.3188750338205932,-0.2058750338205932
Egypt,EGY,651,2021,0.116,0.31968044287244357,-0.20368044287244358
United Arab Emirates,ARE,696,2021,0.084,0.2854313146404333,-0.2014313146404333
Angola,AGO,540,2021,0.151,0.34223788582508624,-0.19123788582508625
Bahrain,BHR,692,2021,0.063,0.24825817209467238,-0.18525817209467238
Ethiopia,ETH,530,2021,0.136,0.3188750338205932,-0.18287503382059317
Togo,TGO,461,2021,0.214,0.3967122911790006,-0.1827122911790006
China,CHN,710,2021,0.044,0.22329842810576842,-0.1792984281057684
Eswatini,SWZ,572,2021,0.095,0.27389985242303744,-0.17889985242303744
Bolivia,BOL,145,2021,0.362,0.5360607420113018,-0.17406074201130184
Rwanda,RWA,517,2021,0.11,0.28345064663358255,-0.17345064663358256
Vietnam,VNM,816,2021,0.109,0.26801010992704133,-0.15901010992704134
Cambodia,KHM,811,2021,0.059,0.2038875851471765,-0.1448875851471765
Thailand,THA,800,2021,0.187,0.3314141776419832,-0.14441417764198322
El Salvador,SLV,92,2021,0.156,0.29877856745683457,-0.14277856745683457
Zimbabwe,ZWE,552,2021,0.194,0.3314141776419832,-0.13741417764198322
Poland,POL,290,2021,0.424,0.560873243874964,-0.13687324387496397
Haiti,HTI,41,2021,0.204,0.33987365643552764,-0.13587365643552765
Madagascar,MDG,580,2021,0.237,0.3565030273178932,-0.1195030273178932
Mozambique,MOZ,541,2021,0.244,0.35893171192294954,-0.11493171192294954
Cameroon,CMR,471,2021,0.121,0.23500195383587094,-0.11400195383587094
Iraq,IRQ,645,2021,0.218,0.3314141776419832,-0.11341417764198322
Saudi Arabia,SAU,670,2021,0.045,0.15140792186563806,-0.10640792186563806
Gabon,GAB,481,2021,0.199,0.2931856487005406,-0.09418564870054058
Mauritania,MRT,435,2021,0.195,0.2854313146404333,-0.0904313146404333
Djibouti,DJI,522,2021,0.12,0.2059888056355933,-0.0859888056355933
Ivory Coast,CIV,437,2021,0.233,0.3188750338205932,-0.08587503382059317
Fiji,FJI,950,2021,0.269,0.35186691776079826,-0.08286691776079824
Central African Republic,CAF,482,2021,0.176,0.253808346601793,-0.07780834660179303
North Macedonia,MKD,343,2021,0.389,0.45811295649137407,-0.06911295649137406
Philippines,PHL,840,2021,0.271,0.3365263281092604,-0.0655263281092604
Honduras,HND,91,2021,0.248,0.31275168326999164,-0.06475168326999164
Laos,LAO,812,2021,0.104,0.16761718654308583,-0.06361718654308583
Indonesia,IDN,850,2021,0.398,0.4586630110769342,-0.06066301107693417
Singapore,SGP,830,2021,0.329,0.38888021208027784,-0.05988021208027783
Colombia,COL,100,2021,0.499,0.5580694938087838,-0.05906949380878379
Mexico,MEX,70,2021,0.371,0.4283917101928408,-0.057391710192840784
Ukraine,UKR,369,2021,0.323,0.3781072427506654,-0.055107242750665364
Benin,BEN,434,2021,0.271,0.3188750338205932,-0.04787503382059316
Tanzania,TZA,510,2021,0.324,0.36911634117036773,-0.045116341170367724
Libya,LBY,620,2021,0.129,0.173646840243931,-0.04464684024393101
Bhutan,BTN,760,2021,0.482,0.5239061892289003,-0.041906189228900326
Jordan,JOR,663,2021,0.249,0.29036394722155867,-0.04136394722155867
Mali,MLI,432,2021,0.155,0.1934708959595669,-0.0384708959595669
Sri Lanka,LKA,780,2021,0.393,0.43037527390578567,-0.037375273905785655
Pakistan,PAK,770,2021,0.248,0.2531565687966338,-0.005156568796633787
India,IND,750,2021,0.307,0.30649333043087607,0.0005066695691239298
Malaysia,MYS,820,2021,0.3,0.2854313146404333,0.01456868535956668
Hungary,HUN,310,2021,0.346,0.3314141776419832,0.014585822358016753
Papua New Guinea,PNG,910,2021,0.355,0.33441989312316633,0.020580106876833648
Guatemala,GTM,90,2021,0.359,0.3376355400717576,0.021364459928242374
Guyana,GUY,110,2021,0.335,0.31275168326999164,0.022248316730008377
Liberia,LBR,450,2021,0.408,0.3834412555157738,0.02455874448422618
Zambia,ZMB,551,2021,0.339,0.31241446952952323,0.026585530470476793
Nigeria,NGA,475,2021,0.331,0.30056097362446044,0.03043902637553958
The Gambia,GMB,420,2021,0.417,0.3821226974574131,0.03487730254258686
Sierra Leone,SLE,451,2021,0.436,0.3944526977285898,0.04154730227141018
Kosovo,XKX,347,2021,0.494,0.4511530410855582,0.04284695891444179
Bosnia and Herzegovina,BIH,346,2021,0.328,0.269284588293129,0.058715411706871
Paraguay,PRY,150,2021,0.427,0.36706970997744026,0.05993029002255973
Brazil,BRA,140,2021,0.531,0.45853194049570123,0.0724680595042988
Mongolia,MNG,712,2021,0.495,0.41963761922520637,0.07536238077479362
Lebanon,LBN,660,2021,0.262,0.18003558102119074,0.08196441897880927
Maldives,MDV,781,2021,0.424,0.3365263281092604,0.08747367189073957
Ghana,GHA,452,2021,0.554,0.46573710089067255,0.0882628991093275
Kenya,KEN,501,2021,0.423,0.3188750338205932,0.10412496617940681
Montenegro,MNE,341,2021,0.432,0.3188750338205932,0.11312496617940682
Albania,ALB,339,2021,0.438,0.3188750338205932,0.11912496617940682
Ecuador,ECU,130,2021,0.454,0.3314141776419832,0.1225858223580168
Botswana,BWA,571,2021,0.477,0.34191137476615086,0.13508862523384912
Burkina Faso,BFA,439,2021,0.456,0.3188750338205932,0.13712496617940684
Georgia,GEO,372,2021,0.454,0.31261668098147755,0.14138331901852247
Kuwait,KWT,690,2021,0.274,0.12648782751074786,0.14751217248925216
Guinea-Bissau,GNB,404,2021,0.321,0.17281439034887164,0.14818560965112837
Niger,NER,436,2021,0.401,0.25045318827976365,0.15054681172023637
Nepal,NPL,790,2021,0.491,0.3365263281092604,0.15447367189073957
Mauritius,MUS,590,2021,0.423,0.26231338929248404,0.16068661070751594
Dominican Republic,DOM,42,2021,0.484,0.3188750338205932,0.1651249661794068
Panama,PAN,95,2021,0.544,0.37492223485848764,0.1690777651415124
Bulgaria,BGR,355,2021,0.549,0.3702206382773082,0.17877936172269182
Malawi,MWI,553,2021,0.522,0.34049110187536547,0.18150889812463455
Timor-Leste,TLS,860,2021,0.501,0.3188750338205932,0.18212496617940682
Solomon Islands,SLB,940,2021,0.501,0.31261668098147755,0.18838331901852245
Lesotho,LSO,570,2021,0.498,0.3047498221453643,0.19325017785463572
Namibia,NAM,565,2021,0.506,0.3106474306225728,0.19535256937742723
Armenia,ARM,371,2021,0.532,0.3314141776419832,0.2005858223580168
Greece,GRC,350,2021,0.63,0.4208256249433341,0.20917437505666592
Argentina,ARG,160,2021,0.639,0.4174984602442587,0.22150153975574133
Seychelles,SYC,591,2021,0.634,0.40971171261801775,0.22428828738198225
Slovenia,SVN,349,2021,0.624,0.3964572407054082,0.22754275929459178
Sao Tome and Principe,STP,403,2021,0.554,0.31275168326999164,0.2412483167300084
South Africa,ZAF,560,2021,0.609,0.3638705619570165,0.24512943804298348
Barbados,BRB,53,2021,0.686,0.43632539261558223,0.24967460738441782
Romania,ROU,360,2021,0.611,0.343783441082469,0.267216558917531
Slovakia,SVK,317,2021,0.757,0.4820700425497072,0.2749299574502928
Moldova,MDA,359,2021,0.618,0.3365263281092604,0.2814736718907396
Senegal,SEN,433,2021,0.558,0.2651231340146057,0.29287686598539436
Cyprus,CYP,352,2021,0.653,0.34566622328395913,0.3073337767160409
Austria,AUT,305,2021,0.784,0.4744574756483452,0.30954252435165486
Malta,MLT,338,2021,0.605,0.28970102767716027,0.3152989723228397
Chile,CHL,155,2021,0.777,0.46080390679545324,0.3161960932045468
Croatia,HRV,344,2021,0.641,0.3188750338205932,0.32212496617940684
Peru,PER,135,2021,0.66,0.3365263281092604,0.3234736718907396
Israel,ISR,666,2021,0.639,0.31009820847053216,0.32890179152946786
Cape Verde,CPV,402,2021,0.676,0.3365263281092604,0.3394736718907396
Japan,JPN,740,2021,0.736,0.3853080470354098,0.3506919529645902
Switzerland,CHE,225,2021,0.851,0.4953456971075287,0.3556543028924713
Iceland,ISL,395,2021,0.745,0.38258449613592516,0.36241550386407484
Czechia,CZE,316,2021,0.698,0.33523076541549673,0.3627692345845032
Vanuatu,VUT,935,2021,0.673,0.3018680959111425,0.37113190408885754
Trinidad and Tobago,TTO,52,2021,0.672,0.28848504064105396,0.3835149593589461
Lithuania,LTU,368,2021,0.732,0.3188750338205932,0.4131249661794068
Taiwan,TWN,713,2021,0.711,0.2854313146404333,0.42556868535956666
Spain,ESP,230,2021,0.775,0.3365263281092604,0.4384736718907396
Jamaica,JAM,51,2021,0.691,0.24994749347412776,0.4410525065258722
United States of America,USA,2,2021,0.756,0.3065129235015046,0.4494870764984954
Italy,ITA,325,2021,0.774,0.30649333043087607,0.46750666956912396
Ireland,IRL,205,2021,0.833,0.36168828383979484,0.4713117161602051
Portugal,PRT,235,2021,0.81,0.3365263281092604,0.47347367189073963
South Korea,KOR,732,2021,0.775,0.2970812438955623,0.47791875610443774
Latvia,LVA,367,2021,0.74,0.2605314342916575,0.4794685657083425
France,FRA,220,2021,0.789,0.3018680959111425,0.48713190408885754
Uruguay,URY,165,2021,0.789,0.301217526231248,0.48778247376875206
Australia,AUS,900,2021,0.779,0.2854313146404333,0.4935686853595667
Estonia,EST,366,2021,0.853,0.3586576237255483,0.49434237627445166
Luxembourg,LUX,212,2021,0.785,0.29036394722155867,0.49463605277844136
Suriname,SUR,115,2021,0.639,0.14428747788608048,0.49471252211391953
Finland,FIN,375,2021,0.835,0.3365263281092604,0.49847367189073954
Canada,CAN,20,2021,0.749,0.2456343494199085,0.5033656505800915
Costa Rica,CRI,94,2021,0.843,0.3344448620339119,0.5085551379660881
Sweden,SWE,380,2021,0.866,0.3487682097433621,0.5172317902566379
Belgium,BEL,211,2021,0.827,0.29036394722155867,0.5366360527784413
Netherlands,NLD,210,2021,0.812,0.24710665079531646,0.5648933492046836
New Zealand,NZL,920,2021,0.813,0.23339111004291324,0.5796088899570867
Denmark,DNK,390,2021,0.882,0.22275014146085853,0.6592498585391415
Nicaragua,NIC,93,2022,0.027,0.5094611883985773,-0.4824611883985773
Eritrea,ERI,531,2022,0.012,0.45257000064406344,-0.44057000064406343
Cuba,CUB,40,2022,0.056,0.39078199522515017,-0.3347819952251502
Afghanistan,AFG,700,2022,0.011,0.3365263281092604,-0.3255263281092604
Azerbaijan,AZE,373,2022,0.062,0.3800560181461915,-0.3180560181461915
Tajikistan,TJK,702,2022,0.036,0.3451903553150946,-0.30919035531509464
Venezuela,VEN,101,2022,0.054,0.3616559109854486,-0.3076559109854486
Burma/Myanmar,MMR,775,2022,0.016,0.3160321277492661,-0.3000321277492661
North Korea,PRK,731,2022,0.014,0.28384896817140964,-0.26984896817140963
Russia,RUS,365,2022,0.07,0.33718525259787463,-0.2671852525978746
Sudan,SDN,625,2022,0.048,0.3137929600180471,-0.2657929600180471
Guinea,GIN,438,2022,0.082,0.3398424538226208,-0.2578424538226208
Algeria,DZA,615,2022,0.126,0.3822454383011154,-0.2562454383011154
Democratic Republic of the Congo,COD,490,2022,0.15,0.40257812057233777,-0.25257812057233775
Republic of the Congo,COG,484,2022,0.114,0.34971407164758833,-0.23571407164758834
Belarus,BLR,370,2022,0.036,0.26594104398977314,-0.22994104398977314
Iran,IRN,630,2022,0.078,0.3025887770792134,-0.22458877707921338
Bangladesh,BGD,771,2022,0.091,0.30649333043087607,-0.21549333043087607
Equatorial Guinea,GNQ,411,2022,0.049,0.2615057125498496,-0.21250571254984962
Uzbekistan,UZB,704,2022,0.078,0.29036394722155867,-0.21236394722155866
Qatar,QAT,694,2022,0.081,0.29036394722155867,-0.20936394722155865
Comoros,COM,581,2022,0.124,0.3328997205277139,-0.20889972052771388
Türkiye,TUR,640,2022,0.11,0.3188750338205932,-0.2088750338205932
Morocco,MAR,600,2022,0.252,0.4594896317290954,-0.2074896317290954
Uganda,UGA,500,2022,0.185,0.38628887569820336,-0.20128887569820336
United Arab Emirates,ARE,696,2022,0.086,0.2854313146404333,-0.19943131464043332
Bolivia,BOL,145,2022,0.338,0.5360607420113018,-0.1980607420113018
Egypt,EGY,651,2022,0.123,0.31968044287244357,-0.19668044287244357
Kazakhstan,KAZ,705,2022,0.134,0.32828356277180537,-0.19428356277180536
Angola,AGO,540,2022,0.153,0.34223788582508624,-0.18923788582508624
Haiti,HTI,41,2022,0.154,0.33987365643552764,-0.18587365643552764
Ethiopia,ETH,530,2022,0.134,0.3188750338205932,-0.18487503382059317
Bahrain,BHR,692,2022,0.064,0.24825817209467238,-0.18425817209467238
China,CHN,710,2022,0.042,0.22329842810576842,-0.1812984281057684
El Salvador,SLV,92,2022,0.118,0.29877856745683457,-0.18077856745683457
Togo,TGO,461,2022,0.216,0.3967122911790006,-0.1807122911790006
Eswatini,SWZ,572,2022,0.097,0.27389985242303744,-0.17689985242303743
Rwanda,RWA,517,2022,0.11,0.28345064663358255,-0.17345064663358256
Vietnam,VNM,816,2022,0.106,0.26801010992704133,-0.16201010992704135
Zimbabwe,ZWE,552,2022,0.186,0.3314141776419832,-0.14541417764198322
Cambodia,KHM,811,2022,0.059,0.2038875851471765,-0.1448875851471765
Poland,POL,290,2022,0.417,0.560873243874964,-0.14387324387496397
Ukraine,UKR,369,2022,0.235,0.3781072427506654,-0.1431072427506654
Thailand,THA,800,2022,0.195,0.3314141776419832,-0.13641417764198321
Iraq,IRQ,645,2022,0.204,0.3314141776419832,-0.12741417764198323
Madagascar,MDG,580,2022,0.237,0.3565030273178932,-0.1195030273178932
Mozambique,MOZ,541,2022,0.24,0.35893171192294954,-0.11893171192294955
Saudi Arabia,SAU,670,2022,0.046,0.15140792186563806,-0.10540792186563806
Mexico,MEX,70,2022,0.33,0.4283917101928408,-0.09839171019284076
Cameroon,CMR,471,2022,0.138,0.23500195383587094,-0.09700195383587093
Gabon,GAB,481,2022,0.199,0.2931856487005406,-0.09418564870054058
Mauritania,MRT,435,2022,0.195,0.2854313146404333,-0.0904313146404333
Fiji,FJI,950,2022,0.263,0.35186691776079826,-0.08886691776079825
Djibouti,DJI,522,2022,0.119,0.2059888056355933,-0.0869888056355933
North Macedonia,MKD,343,2022,0.373,0.45811295649137407,-0.08511295649137407
Central African Republic,CAF,482,2022,0.169,0.253808346601793,-0.08480834660179301
Ivory Coast,CIV,437,2022,0.236,0.3188750338205932,-0.08287503382059319
Indonesia,IDN,850,2022,0.39,0.4586630110769342,-0.06866301107693418
Libya,LBY,620,2022,0.108,0.173646840243931,-0.06564684024393101
Singapore,SGP,830,2022,0.328,0.38888021208027784,-0.06088021208027783
Philippines,PHL,840,2022,0.277,0.3365263281092604,-0.059526328109260396
Bhutan,BTN,760,2022,0.466,0.5239061892289003,-0.057906189228900284
Laos,LAO,812,2022,0.113,0.16761718654308583,-0.054617186543085824
Mali,MLI,432,2022,0.147,0.1934708959595669,-0.04647089595956691
Jordan,JOR,663,2022,0.244,0.29036394722155867,-0.04636394722155868
Benin,BEN,434,2022,0.285,0.3188750338205932,-0.0338750338205932
Pakistan,PAK,770,2022,0.227,0.2531565687966338,-0.026156568796633778
Guinea-Bissau,GNB,404,2022,0.147,0.17281439034887164,-0.025814390348871646
Guatemala,GTM,90,2022,0.314,0.3376355400717576,-0.02363554007175761
Tanzania,TZA,510,2022,0.347,0.36911634117036773,-0.02211634117036776
India,IND,750,2022,0.291,0.30649333043087607,-0.015493330430876084
Colombia,COL,100,2022,0.561,0.5580694938087838,0.0029305061912162644
Hungary,HUN,310,2022,0.335,0.3314141776419832,0.003585822358016799
Sri Lanka,LKA,780,2022,0.44,0.43037527390578567,0.009624726094214331
Guyana,GUY,110,2022,0.329,0.31275168326999164,0.016248316730008372
Nigeria,NGA,475,2022,0.321,0.30056097362446044,0.02043902637553957
Liberia,LBR,450,2022,0.409,0.3834412555157738,0.02555874448422618
Malaysia,MYS,820,2022,0.316,0.2854313146404333,0.030568685359566694
Papua New Guinea,PNG,910,2022,0.369,0.33441989312316633,0.03458010687683366
Mongolia,MNG,712,2022,0.462,0.41963761922520637,0.04236238077479365
Sierra Leone,SLE,451,2022,0.439,0.3944526977285898,0.04454730227141018
Kosovo,XKX,347,2022,0.508,0.4511530410855582,0.0568469589144418
Paraguay,PRY,150,2022,0.43,0.36706970997744026,0.06293029002255973
Lebanon,LBN,660,2022,0.25,0.18003558102119074,0.06996441897880926
Bosnia and Herzegovina,BIH,346,2022,0.344,0.269284588293129,0.07471541170687096
Honduras,HND,91,2022,0.389,0.31275168326999164,0.07624831673000837
Brazil,BRA,140,2022,0.54,0.45853194049570123,0.0814680595042988
Ghana,GHA,452,2022,0.559,0.46573710089067255,0.0932628991093275
Maldives,MDV,781,2022,0.436,0.3365263281092604,0.09947367189073958
Albania,ALB,339,2022,0.428,0.3188750338205932,0.10912496617940681
Montenegro,MNE,341,2022,0.429,0.3188750338205932,0.11012496617940681
Mauritius,MUS,590,2022,0.373,0.26231338929248404,0.11068661070751595
Armenia,ARM,371,2022,0.448,0.3314141776419832,0.11658582235801679
Botswana,BWA,571,2022,0.459,0.34191137476615086,0.11708862523384916
The Gambia,GMB,420,2022,0.5,0.3821226974574131,0.11787730254258688
Zambia,ZMB,551,2022,0.436,0.31241446952952323,0.12358553047047677
Kenya,KEN,501,2022,0.45,0.3188750338205932,0.13112496617940683
Niger,NER,436,2022,0.387,0.25045318827976365,0.13654681172023636
Georgia,GEO,372,2022,0.464,0.31261668098147755,0.15138331901852248
Kuwait,KWT,690,2022,0.281,0.12648782751074786,0.15451217248925217
Dominican Republic,DOM,42,2022,0.478,0.3188750338205932,0.1591249661794068
Nepal,NPL,790,2022,0.501,0.3365263281092604,0.16447367189073958
Malawi,MWI,553,2022,0.512,0.34049110187536547,0.17150889812463455
Ecuador,ECU,130,2022,0.504,0.3314141776419832,0.17258582235801678
Panama,PAN,95,2022,0.559,0.37492223485848764,0.18407776514151242
Greece,GRC,350,2022,0.607,0.4208256249433341,0.1861743750566659
Namibia,NAM,565,2022,0.503,0.3106474306225728,0.19235256937742723
Solomon Islands,SLB,940,2022,0.505,0.31261668098147755,0.19238331901852246
Timor-Leste,TLS,860,2022,0.516,0.3188750338205932,0.19712496617940684
Romania,ROU,360,2022,0.542,0.343783441082469,0.19821655891753104
Lesotho,LSO,570,2022,0.509,0.3047498221453643,0.20425017785463573
Sao Tome and Principe,STP,403,2022,0.542,0.31275168326999164,0.2292483167300084
Bulgaria,BGR,355,2022,0.602,0.3702206382773082,0.23177936172269176
Argentina,ARG,160,2022,0.654,0.4174984602442587,0.23650153975574134
Seychelles,SYC,591,2022,0.648,0.40971171261801775,0.23828828738198227
Barbados,BRB,53,2022,0.682,0.43632539261558223,0.24567460738441782
South Africa,ZAF,560,2022,0.61,0.3638705619570165,0.24612943804298348
Senegal,SEN,433,2022,0.536,0.2651231340146057,0.27087686598539434
Slovakia,SVK,317,2022,0.76,0.4820700425497072,0.2779299574502928
Peru,PER,135,2022,0.621,0.3365263281092604,0.2844736718907396
Austria,AUT,305,2022,0.762,0.4744574756483452,0.28754252435165484
Cyprus,CYP,352,2022,0.645,0.34566622328395913,0.2993337767160409
Moldova,MDA,359,2022,0.643,0.3365263281092604,0.3064736718907396
Cape Verde,CPV,402,2022,0.651,0.3365263281092604,0.3144736718907396
Chile,CHL,155,2022,0.776,0.46080390679545324,0.3151960932045468
Croatia,HRV,344,2022,0.636,0.3188750338205932,0.31712496617940683
Malta,MLT,338,2022,0.617,0.28970102767716027,0.3272989723228397
Israel,ISR,666,2022,0.64,0.31009820847053216,0.32990179152946786
Slovenia,SVN,349,2022,0.728,0.3964572407054082,0.33154275929459176
Switzerland,CHE,225,2022,0.848,0.4953456971075287,0.3526543028924713
Japan,JPN,740,2022,0.738,0.3853080470354098,0.3526919529645902
Iceland,ISL,395,2022,0.742,0.38258449613592516,0.35941550386407484
Trinidad and Tobago,TTO,52,2022,0.661,0.28848504064105396,0.3725149593589461
Vanuatu,VUT,935,2022,0.681,0.3018680959111425,0.37913190408885755
Lithuania,LTU,368,2022,0.734,0.3188750338205932,0.4151249661794068
South Korea,KOR,732,2022,0.718,0.2970812438955623,0.4209187561044377
Portugal,PRT,235,2022,0.758,0.3365263281092604,0.4214736718907396
Jamaica,JAM,51,2022,0.692,0.24994749347412776,0.4420525065258722
Taiwan,TWN,713,2022,0.729,0.2854313146404333,0.4435686853595667
Spain,ESP,230,2022,0.782,0.3365263281092604,0.4454736718907396
Uruguay,URY,165,2022,0.747,0.301217526231248,0.445782473768752
Czechia,CZE,316,2022,0.784,0.33523076541549673,0.4487692345845033
Italy,ITA,325,2022,0.763,0.30649333043087607,0.45650666956912395
United States of America,USA,2,2022,0.769,0.3065129235015046,0.4624870764984954
Ireland,IRL,205,2022,0.827,0.36168828383979484,0.4653117161602051
Costa Rica,CRI,94,2022,0.813,0.3344448620339119,0.47855513796608806
Latvia,LVA,367,2022,0.74,0.2605314342916575,0.4794685657083425
Finland,FIN,375,2022,0.827,0.3365263281092604,0.49047367189073954
Estonia,EST,366,2022,0.853,0.3586576237255483,0.49434237627445166
Luxembourg,LUX,212,2022,0.788,0.29036394722155867,0.49763605277844136
Canada,CAN,20,2022,0.745,0.2456343494199085,0.4993656505800915
France,FRA,220,2022,0.807,0.3018680959111425,0.5051319040888576
Australia,AUS,900,2022,0.794,0.2854313146404333,0.5085686853595668
Suriname,SUR,115,2022,0.655,0.14428747788608048,0.5107125221139195
Sweden,SWE,380,2022,0.861,0.3487682097433621,0.5122317902566379
Belgium,BEL,211,2022,0.833,0.29036394722155867,0.5426360527784413
Netherlands,NLD,210,2022,0.798,0.24710665079531646,0.5508933492046836
New Zealand,NZL,920,2022,0.822,0.23339111004291324,0.5886088899570867
Denmark,DNK,390,2022,0.887,0.22275014146085853,0.6642498585391414
Nicaragua,NIC,93,2023,0.021,0.5094611883985773,-0.48846118839857733
Eritrea,ERI,531,2023,0.01,0.45257000064406344,-0.44257000064406343
Cuba,CUB,40,2023,0.055,0.39078199522515017,-0.3357819952251502
Afghanistan,AFG,700,2023,0.015,0.3365263281092604,-0.3215263281092604
Azerbaijan,AZE,373,2023,0.062,0.3800560181461915,-0.3180560181461915
Tajikistan,TJK,702,2023,0.036,0.3451903553150946,-0.30919035531509464
Venezuela,VEN,101,2023,0.053,0.3616559109854486,-0.3086559109854486
Burma/Myanmar,MMR,775,2023,0.015,0.3160321277492661,-0.3010321277492661
Central African Republic,CAF,482,2023,0.102,0.3887124377493916,-0.28671243774939165
Democratic Republic of the Congo,COD,490,2023,0.123,0.40257812057233777,-0.2795781205723378
Sudan,SDN,625,2023,0.039,0.3137929600180471,-0.2747929600180471
Russia,RUS,365,2023,0.065,0.33718525259787463,-0.2721852525978746
North Korea,PRK,731,2023,0.014,0.28384896817140964,-0.26984896817140963
Guinea,GIN,438,2023,0.079,0.3398424538226208,-0.2608424538226208
Algeria,DZA,615,2023,0.123,0.3822454383011154,-0.2592454383011154
Haiti,HTI,41,2023,0.084,0.33987365643552764,-0.2558736564355276
Belarus,BLR,370,2023,0.035,0.26594104398977314,-0.23094104398977314
Republic of the Congo,COG,484,2023,0.121,0.34971407164758833,-0.22871407164758834
Iran,IRN,630,2023,0.077,0.3025887770792134,-0.22558877707921338
Comoros,COM,581,2023,0.118,0.3328997205277139,-0.2148997205277139
Ethiopia,ETH,530,2023,0.106,0.3188750338205932,-0.2128750338205932
Bangladesh,BGD,771,2023,0.094,0.30649333043087607,-0.21249333043087607
Türkiye,TUR,640,2023,0.108,0.3188750338205932,-0.2108750338205932
United Arab Emirates,ARE,696,2023,0.077,0.2854313146404333,-0.2084313146404333
Equatorial Guinea,GNQ,411,2023,0.054,0.2615057125498496,-0.20750571254984962
Morocco,MAR,600,2023,0.252,0.4594896317290954,-0.2074896317290954
Qatar,QAT,694,2023,0.083,0.29036394722155867,-0.20736394722155865
Uganda,UGA,500,2023,0.179,0.38628887569820336,-0.20728887569820337
Togo,TGO,461,2023,0.194,0.3967122911790006,-0.20271229117900058
Egypt,EGY,651,2023,0.123,0.31968044287244357,-0.19668044287244357
El Salvador,SLV,92,2023,0.106,0.29877856745683457,-0.19277856745683458
Bolivia,BOL,145,2023,0.344,0.5360607420113018,-0.19206074201130185
Kazakhstan,KAZ,705,2023,0.139,0.32828356277180537,-0.18928356277180536
Angola,AGO,540,2023,0.154,0.34223788582508624,-0.18823788582508624
China,CHN,710,2023,0.037,0.22329842810576842,-0.1862984281057684
Rwanda,RWA,517,2023,0.099,0.28345064663358255,-0.18445064663358254
Bahrain,BHR,692,2023,0.064,0.24825817209467238,-0.18425817209467238
Chad,TCD,483,2023,0.051,0.23013847999442386,-0.17913847999442387
Eswatini,SWZ,572,2023,0.099,0.27389985242303744,-0.17489985242303743
Vietnam,VNM,816,2023,0.111,0.26801010992704133,-0.15701010992704134
Zimbabwe,ZWE,552,2023,0.175,0.3314141776419832,-0.15641417764198323
Cambodia,KHM,811,2023,0.052,0.2038875851471765,-0.1518875851471765
Ukraine,UKR,369,2023,0.239,0.3781072427506654,-0.13910724275066538
Mozambique,MOZ,541,2023,0.224,0.35893171192294954,-0.13493171192294953
Madagascar,MDG,580,2023,0.225,0.3565030273178932,-0.13150302731789318
Mexico,MEX,70,2023,0.302,0.4283917101928408,-0.1263917101928408
Iraq,IRQ,645,2023,0.208,0.3314141776419832,-0.12341417764198323
Cameroon,CMR,471,2023,0.122,0.23500195383587094,-0.11300195383587094
Indonesia,IDN,850,2023,0.348,0.4586630110769342,-0.11066301107693421
Gabon,GAB,481,2023,0.185,0.2931856487005406,-0.1081856487005406
Saudi Arabia,SAU,670,2023,0.045,0.15140792186563806,-0.10640792186563806
Poland,POL,290,2023,0.457,0.560873243874964,-0.10387324387496394
Mauritania,MRT,435,2023,0.183,0.2854313146404333,-0.10243131464043331
North Macedonia,MKD,343,2023,0.363,0.45811295649137407,-0.09511295649137408
Djibouti,DJI,522,2023,0.118,0.2059888056355933,-0.0879888056355933
Thailand,THA,800,2023,0.246,0.3314141776419832,-0.08541417764198322
Ivory Coast,CIV,437,2023,0.24,0.3188750338205932,-0.07887503382059319
Bhutan,BTN,760,2023,0.447,0.5239061892289003,-0.0769061892289003
Libya,LBY,620,2023,0.105,0.173646840243931,-0.06864684024393101
Laos,LAO,812,2023,0.106,0.16761718654308583,-0.06161718654308583
Singapore,SGP,830,2023,0.334,0.38888021208027784,-0.054880212080277824
Philippines,PHL,840,2023,0.288,0.3365263281092604,-0.04852632810926044
Pakistan,PAK,770,2023,0.205,0.2531565687966338,-0.0481565687966338
Jordan,JOR,663,2023,0.25,0.29036394722155867,-0.04036394722155867
India,IND,750,2023,0.273,0.30649333043087607,-0.033493330430876045
Tanzania,TZA,510,2023,0.355,0.36911634117036773,-0.014116341170367752
Hungary,HUN,310,2023,0.323,0.3314141776419832,-0.008414177641983211
Mongolia,MNG,712,2023,0.412,0.41963761922520637,-0.0076376192252063935
Benin,BEN,434,2023,0.313,0.3188750338205932,-0.0058750338205931785
Sri Lanka,LKA,780,2023,0.426,0.43037527390578567,-0.0043752739057856815
Sierra Leone,SLE,451,2023,0.391,0.3944526977285898,-0.003452697728589804
Guyana,GUY,110,2023,0.313,0.31275168326999164,0.00024831673000835774
Guatemala,GTM,90,2023,0.338,0.3376355400717576,0.000364459928242411
Colombia,COL,100,2023,0.57,0.5580694938087838,0.011930506191216161
Nigeria,NGA,475,2023,0.316,0.30056097362446044,0.015439026375539566
Niger,NER,436,2023,0.285,0.25045318827976365,0.034546811720236326
Liberia,LBR,450,2023,0.421,0.3834412555157738,0.03755874448422619
Papua New Guinea,PNG,910,2023,0.372,0.33441989312316633,0.03758010687683366
Kosovo,XKX,347,2023,0.494,0.4511530410855582,0.04284695891444179
Paraguay,PRY,150,2023,0.42,0.36706970997744026,0.05293029002255972
Lebanon,LBN,660,2023,0.234,0.18003558102119074,0.05396441897880927
Guinea-Bissau,GNB,404,2023,0.231,0.17281439034887164,0.05818560965112837
Fiji,FJI,950,2023,0.411,0.35186691776079826,0.05913308223920172
Bosnia and Herzegovina,BIH,346,2023,0.336,0.269284588293129,0.06671541170687101
Albania,ALB,339,2023,0.394,0.3188750338205932,0.07512496617940684
Malaysia,MYS,820,2023,0.362,0.2854313146404333,0.07656868535956668
Honduras,HND,91,2023,0.398,0.31275168326999164,0.08524831673000838
Ghana,GHA,452,2023,0.555,0.46573710089067255,0.0892628991093275
Armenia,ARM,371,2023,0.421,0.3314141776419832,0.08958582235801676
Mauritius,MUS,590,2023,0.353,0.26231338929248404,0.09068661070751594
Botswana,BWA,571,2023,0.444,0.34191137476615086,0.10208862523384915
Zambia,ZMB,551,2023,0.427,0.31241446952952323,0.11458553047047676
Maldives,MDV,781,2023,0.453,0.3365263281092604,0.1164736718907396
Ecuador,ECU,130,2023,0.463,0.3314141776419832,0.1315858223580168
The Gambia,GMB,420,2023,0.516,0.3821226974574131,0.1338773025425869
Malawi,MWI,553,2023,0.479,0.34049110187536547,0.13850889812463452
Georgia,GEO,372,2023,0.456,0.31261668098147755,0.14338331901852247
Kenya,KEN,501,2023,0.463,0.3188750338205932,0.14412496617940684
Dominican Republic,DOM,42,2023,0.471,0.3188750338205932,0.1521249661794068
Greece,GRC,350,2023,0.573,0.4208256249433341,0.15217437505666587
Romania,ROU,360,2023,0.503,0.343783441082469,0.159216558917531
Kuwait,KWT,690,2023,0.294,0.12648782751074786,0.16751217248925213
Montenegro,MNE,341,2023,0.491,0.3188750338205932,0.1721249661794068
Panama,PAN,95,2023,0.557,0.37492223485848764,0.18207776514151242
Nepal,NPL,790,2023,0.528,0.3365263281092604,0.1914736718907396
Namibia,NAM,565,2023,0.503,0.3106474306225728,0.19235256937742723
Solomon Islands,SLB,940,2023,0.517,0.31261668098147755,0.20438331901852247
Timor-Leste,TLS,860,2023,0.526,0.3188750338205932,0.20712496617940684
Senegal,SEN,433,2023,0.474,0.2651231340146057,0.2088768659853943
Bulgaria,BGR,355,2023,0.58,0.3702206382773082,0.20977936172269174
Lesotho,LSO,570,2023,0.521,0.3047498221453643,0.21625017785463574
Sao Tome and Principe,STP,403,2023,0.54,0.31275168326999164,0.2272483167300084
Seychelles,SYC,591,2023,0.641,0.40971171261801775,0.23128828738198226
Peru,PER,135,2023,0.572,0.3365263281092604,0.23547367189073953
Brazil,BRA,140,2023,0.695,0.45853194049570123,0.23646805950429872
South Africa,ZAF,560,2023,0.602,0.3638705619570165,0.23812943804298348
Slovakia,SVK,317,2023,0.724,0.4820700425497072,0.24192995745029278
Barbados,BRB,53,2023,0.684,0.43632539261558223,0.24767460738441782
Slovenia,SVN,349,2023,0.659,0.3964572407054082,0.2625427592945918
Moldova,MDA,359,2023,0.602,0.3365263281092604,0.26547367189073956
Argentina,ARG,160,2023,0.695,0.4174984602442587,0.27750153975574127
Cyprus,CYP,352,2023,0.643,0.34566622328395913,0.2973337767160409
Austria,AUT,305,2023,0.775,0.4744574756483452,0.30054252435165485
Israel,ISR,666,2023,0.616,0.31009820847053216,0.30590179152946784
Croatia,HRV,344,2023,0.628,0.3188750338205932,0.3091249661794068
Cape Verde,CPV,402,2023,0.646,0.3365263281092604,0.3094736718907396
Chile,CHL,155,2023,0.779,0.46080390679545324,0.3181960932045468
South Korea,KOR,732,2023,0.62,0.2970812438955623,0.3229187561044377
Malta,MLT,338,2023,0.623,0.28970102767716027,0.3332989723228397
Switzerland,CHE,225,2023,0.838,0.4953456971075287,0.3426543028924713
Japan,JPN,740,2023,0.745,0.3853080470354098,0.3596919529645902
Iceland,ISL,395,2023,0.751,0.38258449613592516,0.36841550386407484
Trinidad and Tobago,TTO,52,2023,0.661,0.28848504064105396,0.3725149593589461
Vanuatu,VUT,935,2023,0.704,0.3018680959111425,0.40213190408885746
Lithuania,LTU,368,2023,0.724,0.3188750338205932,0.4051249661794068
Portugal,PRT,235,2023,0.757,0.3365263281092604,0.4204736718907396
Italy,ITA,325,2023,0.727,0.30649333043087607,0.4205066695691239
Spain,ESP,230,2023,0.759,0.3365263281092604,0.4224736718907396
Jamaica,JAM,51,2023,0.677,0.24994749347412776,0.4270525065258723
Taiwan,TWN,713,2023,0.725,0.2854313146404333,0.43956868535956667
Uruguay,URY,165,2023,0.756,0.301217526231248,0.454782473768752
Czechia,CZE,316,2023,0.796,0.33523076541549673,0.4607692345845033
Ireland,IRL,205,2023,0.829,0.36168828383979484,0.4673117161602051
Costa Rica,CRI,94,2023,0.809,0.3344448620339119,0.47455513796608817
Finland,FIN,375,2023,0.812,0.3365263281092604,0.47547367189073964
United States of America,USA,2,2023,0.789,0.3065129235015046,0.4824870764984954
Estonia,EST,366,2023,0.845,0.3586576237255483,0.48634237627445165
Suriname,SUR,115,2023,0.633,0.14428747788608048,0.4887125221139195
Canada,CAN,20,2023,0.742,0.2456343494199085,0.4963656505800915
Luxembourg,LUX,212,2023,0.789,0.29036394722155867,0.49863605277844136
Sweden,SWE,380,2023,0.849,0.3487682097433621,0.5002317902566379
Latvia,LVA,367,2023,0.762,0.2605314342916575,0.5014685657083425
France,FRA,220,2023,0.807,0.3018680959111425,0.5051319040888576
Australia,AUS,900,2023,0.802,0.2854313146404333,0.5165686853595668
Belgium,BEL,211,2023,0.812,0.29036394722155867,0.5216360527784414
Netherlands,NLD,210,2023,0.791,0.24710665079531646,0.5438933492046836
New Zealand,NZL,920,2023,0.824,0.23339111004291324,0.5906088899570867
Denmark,DNK,390,2023,0.884,0.22275014146085853,0.6612498585391415
